Temp_C,Rel Hum_%,Wind Speed_km/h,Press_kPa,Weather
-1.8,86,4,1012.4,Fog
-1.8,87,4,1012.4,Fog
-1.8,89,7,1012.6,"Freezing Drizzle,Fog"
-1.5,88,6,1012.7,"Freezing Drizzle,Fog"
-1.5,88,7,1012.3,Fog
-1.4,87,9,1012.7,Fog
-1.5,89,7,1012.9,Fog
-1.4,85,7,1012.6,Fog
-1.4,85,9,1012.3,Fog
-1.3,88,15,1012,Fog
-1,91,9,1011.5,Fog
-0.5,89,7,1009.8,Fog
-0.2,88,9,1007.9,Fog
0.2,87,13,1005.8,Fog
0.8,87,20,1003.1,Fog
1.8,85,22,1000.7,Fog
2.6,82,13,999.3,Mostly Cloudy
3,81,13,998.1,Cloudy
3.8,82,15,997.4,Rain
3.1,88,15,996.8,Rain
3.2,87,19,995,Cloudy
4,85,20,993.9,Cloudy
4.4,84,24,993.2,Rain Showers
5.3,79,30,993.1,Cloudy
5.2,77,35,992.6,Rain Showers
4.6,72,39,992.6,Cloudy
3.9,71,32,992.6,Mostly Cloudy
3.7,69,33,993,Mostly Cloudy
2.9,69,32,992.6,Mostly Cloudy
2.6,70,32,992.1,Mostly Cloudy
2.3,70,26,991.8,Mostly Cloudy
2,70,33,991.4,Mostly Cloudy
1.9,68,39,991.4,Mostly Cloudy
1.8,67,44,991.4,Mostly Cloudy
1.5,66,43,991.8,Mostly Cloudy
2.2,66,30,991.9,Mostly Cloudy
1.7,56,48,992.1,Mainly Clear
1.1,57,37,992.7,Mostly Cloudy
1.1,56,33,993.3,Mostly Cloudy
0,59,33,994.1,Mostly Cloudy
-0.7,55,24,995,Mostly Cloudy
-2.1,57,22,996.6,Snow Showers
-4.1,57,28,998.6,Mostly Cloudy
-4.8,57,24,1000,Mostly Cloudy
-5.6,54,24,1000.7,Snow Showers
-5.8,58,26,1001.5,Snow Showers
-7,54,20,1002.6,Cloudy
-7.4,59,17,1002.7,Snow Showers
-9,57,28,1003.5,Snow Showers
-9.7,54,20,1004.3,Cloudy
-10.5,65,22,1005.3,Snow Showers
-11.3,54,33,1006.1,Snow Showers
-12.6,53,24,1006.8,Cloudy
-12.9,60,22,1007.6,Snow Showers
-13.3,61,19,1008.5,Snow Showers
-14,63,19,1009.5,Snow
-14.8,58,26,1010.7,Mostly Cloudy
-15,56,19,1012,Mostly Cloudy
-15.3,56,24,1012.9,Cloudy
-14.9,54,22,1013.3,Mostly Cloudy
-14.9,52,20,1013.4,Mainly Clear
-15.1,54,22,1013.4,Mainly Clear
-14.9,50,22,1013.8,Mainly Clear
-14.8,53,19,1014.4,Mainly Clear
-15.3,52,22,1015.1,Mainly Clear
-15.8,53,22,1015.8,Mainly Clear
-16.3,52,24,1016.4,Mainly Clear
-16.9,50,24,1017.4,Clear
-17.3,49,24,1018.2,Mainly Clear
-17,52,15,1018.6,Mostly Cloudy
-17.1,52,20,1018.6,Mostly Cloudy
-17.3,55,17,1018.7,Mostly Cloudy
-17.5,56,13,1018.8,Mostly Cloudy
-17.9,58,11,1018.6,Mainly Clear
-18.1,61,15,1018.9,Mainly Clear
-18.5,59,13,1018.8,Mainly Clear
-18.5,59,13,1018.2,Mainly Clear
-18.6,62,9,1017.7,Mainly Clear
-18.5,61,11,1017.4,Cloudy
-18.2,60,11,1017.5,Cloudy
-17.8,57,17,1017.3,Mostly Cloudy
-16.8,61,9,1016.8,Mostly Cloudy
-15.2,63,7,1015.4,Mostly Cloudy
-14.2,56,13,1014.1,Mostly Cloudy
-13.7,51,11,1012.5,Snow
-12.4,53,11,1010.7,Cloudy
-11.3,53,7,1009.7,Snow
-10.2,61,11,1008.9,Snow
-9.4,61,13,1007.9,Snow
-8.9,71,9,1007.6,Snow
-8.9,75,11,1006.9,Snow
-8.4,71,9,1006.5,Snow
-7.8,71,9,1006.1,Snow
-7.6,73,7,1005.4,Snow
-9.5,77,6,1005,Snow
-9.6,79,6,1004.2,Snow
-8.8,79,4,1003.2,Snow
-7.5,81,0,1002.9,Snow
-5.4,80,9,1002.8,Snow
-5,81,11,1002.4,Snow
-4.1,83,9,1002.1,Snow
-7,82,4,1001.9,Snow
-8.2,82,6,1002.6,Snow
-7.1,82,9,1003.1,Snow
-6.1,79,11,1003.9,Snow
-6.6,76,9,1004.2,Mainly Clear
-6,73,17,1004.5,Mainly Clear
-5.6,70,22,1004.1,Mainly Clear
-4.7,69,20,1003.8,Mainly Clear
-4.4,66,26,1004,Mainly Clear
-5.1,65,22,1004.6,Mainly Clear
-4.3,55,26,1005.2,Mainly Clear
-5,55,19,1006,Mainly Clear
-6.7,56,11,1006.5,Mainly Clear
-7.1,56,11,1007.1,Clear
-9.2,61,7,1008,Clear
-9.8,62,9,1008.3,Clear
-9,63,13,1008.3,Clear
-9.9,63,7,1008.5,Cloudy
-9.4,61,9,1008.3,Cloudy
-9.6,56,13,1008.1,Cloudy
-10,55,17,1008.1,Cloudy
-10.5,61,9,1008.4,Cloudy
-10.6,64,0,1007.6,Snow
-11.3,68,15,1007,Snow
-11.8,71,19,1006.1,Snow
-12,71,22,1005.8,Snow
-14.4,85,22,1005.2,Snow
-12.3,73,24,1005.1,Snow
-12.5,71,26,1005.3,Snow
-12.3,72,28,1004.7,Snow
-12,72,17,1003.6,Snow
-11.7,74,28,1002.3,Snow
-11.9,74,20,1001.3,Snow
-11.2,75,19,1000.7,Snow
-11.5,79,19,1000.6,Snow
-11.6,78,19,1001,Snow
-11.2,78,17,1001.5,Snow
-10.5,78,17,1001.2,Cloudy
-10.5,79,15,1001.3,Cloudy
-10.2,80,11,1001.5,Cloudy
-9.5,79,9,1001.3,Cloudy
-9.3,79,11,1001.6,Cloudy
-9,79,7,1001.5,Cloudy
-8.7,79,6,1001.3,Cloudy
-8.5,80,0,1001.1,Cloudy
-8.1,79,4,1001.5,Cloudy
-7.8,79,4,1001.2,Cloudy
-7.5,79,6,1001,Cloudy
-6.9,80,4,1001.2,Cloudy
-6.7,80,7,1001.2,Cloudy
-7,81,7,1001.6,Cloudy
-6.4,82,9,1001,"Freezing Drizzle,Fog"
-6.1,82,7,1001.5,"Freezing Rain,Fog"
-5.7,84,7,1001.3,Freezing Rain
-5.4,84,9,1000.8,Freezing Drizzle
-5.5,84,13,1000.5,Freezing Drizzle
-4.8,83,15,1000.7,Freezing Rain
-4.4,83,6,1000.9,Snow
-3.7,83,11,1000.9,Snow
-3.6,84,0,1001.5,Snow
-3.1,84,13,1002.7,Snow
-3.2,85,6,1003.3,Snow
-3,86,6,1004.1,Snow
-1.8,87,4,1004.8,Snow
-1.3,88,0,1005,Snow
-1.5,89,4,1005.4,Fog
0.4,87,22,1006.2,Snow
0.6,76,32,1007.2,Cloudy
-0.6,74,32,1008,Mostly Cloudy
-1.7,71,30,1009.8,Mostly Cloudy
-3.5,69,32,1011.3,Mainly Clear
-4.4,69,22,1012.1,Mainly Clear
-5.9,70,13,1013.3,Mainly Clear
-5.8,68,13,1014.7,Cloudy
-5.6,69,11,1015.9,Cloudy
-5.9,69,11,1017,Snow
-6.4,65,17,1018.1,Snow
-6.5,67,17,1018.9,Snow
-7.1,65,22,1019.2,Snow
-6.7,66,15,1019,Snow
-6.5,63,15,1019.4,Cloudy
-6.5,65,19,1019.7,Mostly Cloudy
-6.6,61,20,1020.4,Mostly Cloudy
-6.6,59,20,1020.9,Mostly Cloudy
-7.2,59,17,1021.7,Mainly Clear
-8.1,62,17,1022.3,Mainly Clear
-8,62,15,1022.6,Mostly Cloudy
-8.3,65,15,1022.8,Mostly Cloudy
-8.3,64,11,1022.6,Mostly Cloudy
-8.7,65,7,1022.2,Mostly Cloudy
-9,68,7,1022.2,Mostly Cloudy
-9.2,66,6,1021.7,Mostly Cloudy
-9.8,68,0,1021.3,Mostly Cloudy
-9,66,4,1021.5,Mostly Cloudy
-8.8,70,0,1021.1,Cloudy
-8.5,69,9,1020.2,Cloudy
-8.4,71,11,1019.3,Cloudy
-7.7,72,11,1018.6,Cloudy
-6.8,72,15,1018,Mostly Cloudy
-5.9,70,13,1017.4,Snow
-5.4,75,11,1016.8,Snow
-4.8,76,9,1016.4,Snow
-3.7,77,7,1015.4,Snow
-2.5,73,9,1014,Cloudy
-1.7,74,7,1012.7,Cloudy
-1.4,76,7,1012,Cloudy
-1,74,9,1011.3,Mostly Cloudy
-1.3,72,11,1010.5,Mostly Cloudy
-1.4,72,15,1009.6,Mostly Cloudy
-1,71,20,1009,Mostly Cloudy
-1.1,70,19,1008.3,Mostly Cloudy
-1.5,70,15,1007.7,Mostly Cloudy
-1.7,71,11,1006.4,Mostly Cloudy
-0.3,64,19,1005.4,Mostly Cloudy
-0.2,64,17,1004.5,Cloudy
2.5,57,30,1003.8,Cloudy
2.3,66,35,1002.8,Snow
1.4,75,19,1002.3,Snow
1.6,77,28,1001.6,Snow
1.2,81,26,1000.7,Cloudy
0.8,86,30,1000.2,"Rain,Snow"
0.7,87,30,1000.4,Snow
1.5,85,20,1000.8,Snow
1.2,85,24,1001.1,Cloudy
1.6,84,17,1002.3,Cloudy
2,81,24,1002.7,Mostly Cloudy
2.6,77,22,1002.9,Mainly Clear
1.4,72,30,1003.2,Mostly Cloudy
0.7,64,26,1003.6,Mostly Cloudy
-0.2,64,26,1004.5,Mainly Clear
-1.4,61,30,1006.5,Mainly Clear
-3.1,55,30,1008.1,Mostly Cloudy
-4,54,17,1009.1,Mostly Cloudy
-4.9,54,15,1010.4,Mostly Cloudy
-5.7,53,15,1011.5,Mostly Cloudy
-6.4,53,13,1012.4,Mostly Cloudy
-6.6,57,9,1013.2,Mostly Cloudy
-7.3,55,13,1013.4,Mostly Cloudy
-8.6,57,19,1014.4,Mostly Cloudy
-9.5,55,17,1014.3,Mostly Cloudy
-10.7,56,17,1014.9,Clear
-12,56,19,1015.7,Clear
-12.7,57,19,1016.4,Clear
-13.4,57,17,1016.6,Clear
-13.9,55,19,1016.6,Mainly Clear
-14.4,57,20,1017.2,Mainly Clear
-14.4,57,13,1017.7,Mostly Cloudy
-14.7,57,15,1018,Mostly Cloudy
-14.3,58,15,1018.1,Mostly Cloudy
-13.9,55,11,1018.9,Cloudy
-13.4,54,15,1017.8,Mostly Cloudy
-12.7,53,17,1016.8,Cloudy
-12.2,52,19,1016.3,Mostly Cloudy
-11.4,52,20,1015.6,Mostly Cloudy
-11.6,50,20,1016.1,Mostly Cloudy
-11.8,47,20,1016,Mostly Cloudy
-11.9,51,26,1015.6,Mostly Cloudy
-12,52,24,1015.1,Mostly Cloudy
-11.8,54,30,1014.3,Mostly Cloudy
-11.2,57,24,1014,Cloudy
-11.2,65,19,1013.2,Cloudy
-10.8,65,22,1012.9,Cloudy
-10.7,67,20,1011.9,Mostly Cloudy
-10,66,19,1011.7,Mostly Cloudy
-9.8,65,24,1011.3,Mostly Cloudy
-9.4,64,26,1010.8,Cloudy
-9,63,33,1010.2,Cloudy
-8.5,64,22,1009.3,Cloudy
-8,64,30,1008.1,Cloudy
-7.6,65,28,1007.6,Cloudy
-7.3,65,28,1006.9,Snow Showers
-7.1,72,33,1006.1,Snow
-6.8,75,33,1005.4,Snow
-6.2,77,35,1004.6,Snow
-6,76,32,1003.5,Snow
-5.8,79,32,1002.2,Snow
-5.8,81,33,1000.9,Snow
-5.7,81,28,999.7,Snow
-5.2,83,26,999,Moderate Snow
-4.9,83,33,998.8,Moderate Snow
-5.1,83,33,998.3,Snow
-5.4,81,35,997.6,Snow
-5,82,30,997.2,Snow
-5,81,28,996.4,Snow
-4.7,80,24,995.6,Snow
-4.1,81,26,994.7,Snow
-4.6,83,28,994,Snow
-5.1,83,28,993,Snow
-5,81,24,992.4,Snow
-4.8,81,22,992.2,Snow
-4.5,83,19,991.9,"Freezing Drizzle,Snow"
-5,83,24,991.3,Cloudy
-5.1,82,20,990.6,Cloudy
-5.4,83,22,989.4,Cloudy
-5.1,82,22,988.4,Cloudy
-5.1,83,26,986.9,Freezing Rain
-5,84,32,985.6,"Freezing Rain,Snow Grains"
-4.8,83,26,984.4,Freezing Drizzle
-4.8,83,28,982.2,Freezing Rain
-4.8,81,24,980.7,Snow
-4.9,83,20,979.9,Snow
-4.8,85,6,980.7,Snow
-4.3,85,13,981,Snow
-3.7,84,11,981.6,Snow
-2.9,87,15,982.3,Snow
-1.7,89,26,983.2,Snow
-2.5,86,33,986,Snow
-3.2,87,32,988.9,Snow
-4.8,79,37,990.9,"Snow,Blowing Snow"
-5.5,70,32,992.8,Snow
-7.6,75,35,995.1,"Snow,Blowing Snow"
-8.9,72,39,996.7,"Snow,Blowing Snow"
-9.7,69,24,998.5,Snow
-11.2,70,28,1000.1,"Snow,Blowing Snow"
-12,71,24,1001.6,"Snow,Blowing Snow"
-13.4,63,20,1002.6,Snow
-14.3,63,24,1003.9,Cloudy
-15.2,63,24,1006,Cloudy
-16.8,63,26,1007.3,Mostly Cloudy
-17.9,62,20,1008.4,Mostly Cloudy
-18,61,19,1009.7,Cloudy
-18,60,22,1010.8,Mostly Cloudy
-17.8,59,20,1011.4,Mostly Cloudy
-17.5,58,20,1011.6,Mostly Cloudy
-17.1,55,17,1011.8,Mainly Clear
-16.7,56,17,1012,Mostly Cloudy
-16.7,56,22,1012.4,Mostly Cloudy
-16.7,52,19,1013,Mostly Cloudy
-17.4,54,13,1013.6,Mostly Cloudy
-17.7,56,20,1014.6,Mainly Clear
-18.3,59,17,1015.6,Mainly Clear
-19.6,58,13,1016.2,Mainly Clear
-20,59,11,1016.5,Mostly Cloudy
-19.9,58,13,1017.4,Mostly Cloudy
-20.3,59,9,1017.9,Mostly Cloudy
-21.2,61,11,1018.1,Cloudy
-21.1,61,9,1018.6,Cloudy
-21.4,63,9,1019.9,Cloudy
-20.7,62,4,1020.4,Cloudy
-21,61,0,1021.2,Cloudy
-21.3,63,6,1021.9,Mostly Cloudy
-23.2,62,7,1022.8,Mostly Cloudy
-22.8,62,9,1023.7,Mainly Clear
-23.3,62,7,1024.5,Clear
-22.2,60,9,1025.7,Mainly Clear
-20.6,58,9,1026.6,Mainly Clear
-19.3,55,9,1026.8,Mainly Clear
-18,52,13,1026.7,Mainly Clear
-16.8,53,20,1026.5,Mainly Clear
-16,53,26,1026.6,Mainly Clear
-15.4,53,24,1027.1,Clear
-15.1,52,24,1027.9,Clear
-16.2,55,15,1028.5,Clear
-16.3,57,17,1028.9,Clear
-16.3,58,20,1029.4,Clear
-16.7,61,17,1029.8,Clear
-16.9,63,15,1030.2,Clear
-16.9,66,17,1030.7,Clear
-16.9,68,15,1030.9,Clear
-17.1,66,15,1030.9,Clear
-17.8,65,6,1030.5,Clear
-18.5,68,6,1030.8,Clear
-19.2,67,6,1030.7,Clear
-18.7,66,0,1030.5,Clear
-19.1,69,0,1030.2,Clear
-18.7,68,0,1030.1,Clear
-17.9,73,4,1029.6,Mainly Clear
-17.9,67,9,1029,Mostly Cloudy
-14.4,59,22,1027.5,Cloudy
-13.6,65,19,1026.2,Mostly Cloudy
-12.7,66,20,1024.4,Mostly Cloudy
-10.7,60,19,1021.7,Mostly Cloudy
-10.1,61,13,1019.2,Cloudy
-9,68,13,1017.1,Mostly Cloudy
-8,63,17,1014.9,Cloudy
-7.1,57,9,1014.1,Cloudy
-7.6,56,4,1013.4,Mostly Cloudy
-12.5,66,15,1013.1,Mainly Clear
-14.8,70,15,1012.3,Mainly Clear
-14,70,13,1011.9,Cloudy
-12.9,71,11,1011.2,Cloudy
-12.2,70,9,1010.5,Cloudy
-11.5,71,7,1009.8,Cloudy
-10.8,71,9,1009.4,Cloudy
-10.4,71,9,1008.8,Cloudy
-9.7,73,9,1008.4,Cloudy
-9.2,73,6,1008.4,Cloudy
-9,78,6,1008,Freezing Drizzle
-8.3,85,6,1007.5,"Freezing Drizzle,Snow"
-7.7,84,6,1007.2,"Freezing Drizzle,Snow"
-7.5,85,9,1006.9,Snow
-7.4,84,9,1006.5,Snow
-7,82,15,1005.9,Snow
-6.5,82,15,1006,Snow
-6.1,83,15,1005.3,Snow
-5.3,82,19,1003.8,Snow
-5.1,82,22,1002.3,Snow
-4.3,85,22,1000.5,Snow
-3.7,84,24,999,Snow
-3.5,83,28,996.9,Snow
-3.6,84,22,995.7,Snow
-3.5,84,22,993.8,Snow
-3.3,84,24,992.2,"Freezing Drizzle,Snow"
-3.6,85,24,989.8,Freezing Rain
-2.9,86,26,987.1,Freezing Rain
-1.6,89,17,984.7,Freezing Rain
-0.6,90,7,983.2,"Freezing Rain,Fog"
2.1,90,11,983.1,Fog
3.7,66,83,983.6,Mostly Cloudy
0.5,72,70,986.2,Mostly Cloudy
-3.5,70,57,990,Mostly Cloudy
-6.1,69,48,993.6,Snow
-7.7,69,46,997,Snow
-8.5,65,39,1000,Mostly Cloudy
-9.8,64,39,1002.2,Mainly Clear
-10.9,63,35,1004.3,Mainly Clear
-11.2,61,43,1006.5,Mainly Clear
-11.2,61,35,1007.8,Mainly Clear
-11.1,58,39,1009.2,Mainly Clear
-11,57,37,1010,Mainly Clear
-10.6,55,32,1010.9,Mainly Clear
-10.3,55,28,1011.9,Mainly Clear
-10.4,54,30,1013.2,Mainly Clear
-10.6,53,26,1014.5,Mainly Clear
-11.3,54,26,1015.4,Clear
-12,60,22,1016.7,Clear
-12.7,61,22,1017.8,Clear
-13.4,62,17,1018.3,Clear
-13.7,63,17,1018.9,Clear
-14.2,62,13,1019.2,Clear
-14.9,66,6,1019.3,Clear
-16.6,69,7,1019.4,Clear
-15.2,76,4,1018.9,Clear
-14.3,77,6,1018.6,Clear
-18,73,6,1018.3,Clear
-15.4,78,7,1018.1,Clear
-16.6,76,6,1018.5,Clear
-15.3,69,6,1018.3,Clear
-14.6,68,6,1018.4,Clear
-13.7,68,19,1018.4,Clear
-12.7,69,17,1017.3,Clear
-11.7,64,20,1016.8,Mainly Clear
-11,62,26,1015.6,Mostly Cloudy
-8.8,59,15,1014.2,Mostly Cloudy
-7.3,55,20,1012.2,Mostly Cloudy
-7,53,20,1010.3,Mostly Cloudy
-6.7,52,26,1008.8,Cloudy
-6.7,52,24,1007.6,Cloudy
-6.9,54,17,1007,Cloudy
-5,54,19,1006.6,Cloudy
-3.6,49,30,1006.1,Snow
-3.7,53,30,1006.3,Snow
-5,77,24,1006,Snow
-4.2,68,32,1005.1,Snow
-4.1,69,26,1004.7,Snow
-4.1,71,26,1005,Mostly Cloudy
-4.1,73,20,1005.4,Snow
-3.9,73,22,1006.4,Snow
-4.8,67,19,1007.5,Mostly Cloudy
-6,72,19,1008.7,Snow
-6.3,63,33,1009.8,Snow
-7.6,59,28,1011.3,Cloudy
-8.6,57,28,1012.7,Mostly Cloudy
-10.4,62,33,1014.7,Mainly Clear
-12.2,61,32,1015.9,Clear
-13.7,57,33,1017.2,Mainly Clear
-14.2,55,32,1018.4,Clear
-15.2,56,30,1018.8,Clear
-15.8,51,30,1019.6,Clear
-15.5,48,30,1019.8,Mainly Clear
-15,47,30,1020.9,Mainly Clear
-14.8,45,24,1021.5,Mainly Clear
-15.4,46,17,1022.1,Mainly Clear
-15.9,48,13,1022.7,Mainly Clear
-16.3,51,13,1023.3,Mainly Clear
-16.9,50,9,1023.4,Mainly Clear
-18.5,54,9,1023.7,Mainly Clear
-18.1,54,9,1023.6,Mainly Clear
-17.4,54,6,1023.7,Mostly Cloudy
-16.4,53,6,1022.9,Cloudy
-16.1,52,0,1022.6,Cloudy
-15.3,53,0,1022.7,Cloudy
-15.9,60,7,1022.3,Cloudy
-15.3,58,7,1021.8,Cloudy
-14.8,50,11,1020.8,Cloudy
-14.3,52,9,1019.8,Cloudy
-13.9,50,9,1020.4,Cloudy
-14,52,9,1020.6,Cloudy
-15.9,65,13,1021.1,Snow
-16.3,65,17,1021.2,Snow
-15.9,64,19,1020.9,Snow
-14.6,62,15,1020.3,Mostly Cloudy
-13.4,59,15,1020.1,Mainly Clear
-12.5,55,13,1020.1,Clear
-11.8,56,11,1020.6,Clear
-11.6,55,7,1021.1,Clear
-12.1,53,11,1021.6,Clear
-13,55,6,1022.4,Clear
-13.4,58,4,1022.7,Clear
-18.5,60,4,1023.6,Clear
-16,66,9,1024.7,Clear
-17.6,61,0,1025.2,Clear
-17.4,69,0,1025.4,Mainly Clear
-18.3,70,0,1025.7,Clear
-17.5,72,4,1026.4,Clear
-18.5,70,0,1027.1,Clear
-18.4,67,0,1027.5,Cloudy
-17.2,69,0,1027.9,Mainly Clear
-19.5,71,6,1028.4,Mainly Clear
-19,71,6,1028.5,Freezing Fog
-18.6,69,6,1029.1,Mainly Clear
-18.5,74,4,1029.8,Mainly Clear
-16.2,78,7,1030.1,Mostly Cloudy
-14.5,80,9,1030.2,Fog
-13,81,6,1030.4,Fog
-11.5,73,9,1029.7,Haze
-11.2,68,11,1028.6,Haze
-9.4,65,9,1027.4,Cloudy
-8.7,63,9,1026.5,Cloudy
-8,59,6,1026,Cloudy
-9.5,60,19,1025.7,Cloudy
-10.4,63,19,1025.2,Mostly Cloudy
-10.4,62,19,1024.7,Mostly Cloudy
-12.3,69,15,1024.4,Mainly Clear
-12.9,70,15,1023.8,Clear
-13.2,73,13,1023.3,Mostly Cloudy
-13.3,73,9,1022.8,Mainly Clear
-12.9,71,11,1022.2,Mostly Cloudy
-12.9,70,11,1021.4,Mainly Clear
-13.2,72,13,1021,Mostly Cloudy
-12.1,73,13,1019.9,Cloudy
-11.2,72,11,1018.8,Cloudy
-9.9,73,11,1017.9,Cloudy
-8.8,73,7,1017.6,Cloudy
-8.1,73,13,1016.7,Mostly Cloudy
-7.2,74,11,1016.9,Mostly Cloudy
-4.9,72,11,1015.9,Mostly Cloudy
-3.6,72,9,1015.8,Mostly Cloudy
1.2,72,11,1014.9,Cloudy
2.3,71,6,1013.3,Cloudy
2.5,75,22,1011.4,Cloudy
2.7,76,26,1010.1,Rain
2.7,77,30,1008.6,Rain
3.1,78,28,1007.1,Cloudy
3.1,78,28,1006.1,Rain
3,88,19,1005.4,"Rain,Fog"
3.2,88,22,1004.3,"Rain,Fog"
2.9,89,26,1003.2,"Drizzle,Fog"
3.3,89,24,1002.2,Drizzle
3.6,91,28,1001,Cloudy
4,90,22,1000.8,Cloudy
3.5,92,17,1000.4,Rain
3.1,92,19,1000.4,Cloudy
3.1,93,9,1000.9,Rain
5,91,19,1001.9,Rain
4.2,81,30,1002.5,Cloudy
3.7,76,41,1003.7,Cloudy
3.4,75,28,1004.5,Cloudy
2.9,75,26,1004.9,Cloudy
3,71,28,1005.2,Mostly Cloudy
2.9,71,30,1006,Cloudy
3,70,35,1006.5,Cloudy
3.1,70,33,1007,Cloudy
3.2,67,30,1007.2,Cloudy
2.8,69,39,1007.3,Cloudy
2.4,71,35,1007.5,Rain
1.9,74,26,1008,Snow
1.7,74,30,1008.2,Cloudy
1.6,73,26,1008.8,Snow Showers
1.5,72,22,1009.5,Snow Showers
1.5,71,32,1010.1,Snow Showers
1.3,72,19,1010.6,Cloudy
1.1,74,20,1011.1,Mostly Cloudy
1.1,72,22,1011.3,Mostly Cloudy
1,72,28,1011.6,Snow Showers
0.5,69,28,1012,Cloudy
-0.1,68,22,1012.6,Mostly Cloudy
-0.4,66,20,1013.7,Mostly Cloudy
-0.5,65,24,1014.5,Cloudy
-0.7,67,24,1015.2,Cloudy
-1.7,64,33,1015.8,Mostly Cloudy
-2.8,62,35,1016.6,Mostly Cloudy
-3.9,63,37,1017.9,Mostly Cloudy
-4.7,62,26,1019.4,Mostly Cloudy
-5.2,62,28,1020.5,Cloudy
-5.3,62,22,1020.9,Mostly Cloudy
-5.3,60,19,1021.4,Mostly Cloudy
-5,59,20,1020.6,Mostly Cloudy
-4.7,58,20,1020.1,Mainly Clear
-4.5,60,22,1019.8,Mainly Clear
-4.4,59,22,1019.4,Mainly Clear
-4.4,59,19,1019.6,Mostly Cloudy
-4.8,60,20,1020.1,Mainly Clear
-5.1,61,11,1020.7,Mainly Clear
-5.4,62,13,1021.4,Mostly Cloudy
-4.9,59,7,1020.7,Mostly Cloudy
-5.4,64,7,1020.1,Mostly Cloudy
-5.5,64,0,1019.9,Mostly Cloudy
-5.4,63,6,1020.1,Mostly Cloudy
-5.9,64,6,1019.9,Mostly Cloudy
-7,67,4,1019.5,Clear
-8.2,71,6,1019.9,Clear
-8.1,71,0,1019.7,Clear
-8.5,67,0,1019.5,Clear
-9,68,6,1020.2,Clear
-11.2,73,6,1020.6,Clear
-10.6,74,6,1020.1,Mainly Clear
-9.2,72,6,1020.8,Clear
-7.9,70,11,1020.1,Mainly Clear
-5.7,59,11,1020.4,Mainly Clear
-5,57,7,1020.5,Mainly Clear
-4.6,54,11,1018.8,Mainly Clear
-4,54,15,1017.1,Mostly Cloudy
-3.4,49,11,1016,Mostly Cloudy
-3,42,13,1015.3,Mostly Cloudy
-3.8,52,19,1015.2,Cloudy
-4.3,54,20,1014,Cloudy
-4.7,49,24,1012.8,Cloudy
-4.5,49,17,1012.5,Cloudy
-4.6,52,17,1011.5,Snow Showers
-5.2,58,20,1009.9,Snow
-5.3,68,22,1009.2,Snow
-5.8,77,22,1008.1,Snow
-5.7,79,28,1006.8,Snow
-5.5,81,24,1005.8,Snow
-5.5,81,26,1004.7,Snow
-5.3,81,28,1003.3,Snow
-4.9,81,26,1001.3,Snow
-4,82,22,999.8,Snow
-2.1,86,19,998,Snow
-0.8,86,22,996.1,Freezing Rain
0.3,86,20,994.7,Freezing Rain
0.7,86,17,993.4,Rain
0.6,88,17,991.8,"Rain,Fog"
0.7,88,20,990.8,"Drizzle,Fog"
0.7,89,20,989.1,"Drizzle,Fog"
0.7,88,22,987.6,"Drizzle,Fog"
0.5,88,20,986.9,"Drizzle,Fog"
0.3,87,19,986.5,"Drizzle,Fog"
-0.3,86,19,987.4,"Freezing Drizzle,Fog"
-0.6,88,22,989.7,Snow
-0.3,90,11,991.3,Snow
0.1,88,30,993.1,Snow
-0.7,86,32,995.4,Cloudy
-1.3,82,19,997.5,Cloudy
-1.5,81,19,998.8,Mostly Cloudy
-1.6,81,20,1000.3,Mainly Clear
-1.5,81,19,1001.9,Mainly Clear
-0.2,82,22,1003.4,Snow Showers
0.2,81,24,1004.9,Mostly Cloudy
0.4,78,17,1005.9,Mostly Cloudy
0.1,77,15,1006.4,Mostly Cloudy
0.3,80,19,1007.2,Mostly Cloudy
-1.7,76,9,1007.9,Mostly Cloudy
-1.2,78,11,1008.5,Mainly Clear
-2.1,80,7,1009.1,Mainly Clear
-1.6,81,13,1009.3,Mostly Cloudy
-1.1,78,13,1009.4,Cloudy
-0.6,80,6,1009,Cloudy
-0.3,80,7,1007.4,Mostly Cloudy
0.9,72,4,1005.8,Cloudy
1.2,71,9,1004.8,Cloudy
1.2,70,15,1002.8,Cloudy
1.4,69,22,1001.4,Cloudy
1.2,71,11,1001.6,Cloudy
1.6,69,9,1000.8,Cloudy
2.2,71,19,1000.9,Snow
1.7,81,24,1000.5,Snow
2.1,76,24,999.5,Mainly Clear
2.3,73,37,998.5,Mostly Cloudy
1.2,81,52,998.7,"Rain,Snow"
1.5,62,57,999.6,Mainly Clear
0.9,63,52,1000.9,Mainly Clear
0.3,64,52,1002.1,Mainly Clear
-0.2,65,43,1003.4,Mainly Clear
-0.9,63,43,1004.7,Mainly Clear
-1.5,62,43,1005.9,Mainly Clear
-2,63,44,1006.8,Mainly Clear
-1.9,62,32,1007.4,Mainly Clear
-2.2,63,32,1008.1,Mostly Cloudy
-2.1,62,32,1008.8,Cloudy
-1.8,61,24,1008.7,Mostly Cloudy
-0.8,59,33,1008.4,Mainly Clear
0.1,56,37,1007.7,Mainly Clear
0.5,50,33,1007,Mostly Cloudy
0.4,54,19,1006.3,Mostly Cloudy
0.2,56,17,1006.5,Mostly Cloudy
0.7,51,20,1006.7,Mostly Cloudy
-0.7,56,11,1007.4,Mainly Clear
-1.1,54,17,1007.7,Mainly Clear
-1.6,56,17,1008.1,Mainly Clear
-2,58,17,1008.3,Mainly Clear
-1.7,60,9,1008.5,Mainly Clear
-2.3,70,15,1008.4,Mainly Clear
-3.4,73,15,1008.5,Clear
-3.7,68,11,1008.9,Clear
-4.4,65,15,1009.2,Mainly Clear
-5.1,68,15,1009.9,Clear
-6.1,72,11,1010.7,Clear
-7.7,72,11,1011.9,Clear
-7.9,63,13,1013.3,Clear
-8.9,61,15,1014.7,Clear
-9.8,61,15,1015.5,Clear
-10.5,59,9,1016.8,Clear
-9.5,56,13,1017.5,Mainly Clear
-8.8,56,17,1018.2,Mostly Cloudy
-7.7,57,19,1018.6,Mostly Cloudy
-7,56,22,1018.3,Mainly Clear
-7.5,54,22,1018,Mainly Clear
-6.7,52,22,1018.1,Clear
-6.9,51,22,1018.3,Mainly Clear
-7.3,51,17,1018.6,Mostly Cloudy
-7.4,51,13,1019,Mostly Cloudy
-7.4,52,15,1019.4,Mainly Clear
-8.8,56,7,1019.6,Mainly Clear
-9.5,59,4,1019.5,Mainly Clear
-8.4,57,4,1019.6,Mostly Cloudy
-7.8,55,4,1019.8,Mostly Cloudy
-8.6,66,6,1019.6,Mostly Cloudy
-7,62,7,1019.2,Mostly Cloudy
-7.1,62,6,1018.8,Cloudy
-6.5,59,11,1018.1,Snow
-6.8,64,15,1017.6,Snow
-7.1,66,17,1017.1,Snow
-7.1,67,17,1017,Snow
-7,69,13,1016.5,Snow
-9.6,73,17,1016,Snow
-9.8,72,19,1016.1,Snow
-10.1,71,17,1015.9,Snow
-9.7,70,19,1015.4,Cloudy
-9.3,67,20,1014.6,Cloudy
-8.6,69,22,1013.6,Snow
-8.3,73,20,1012.9,Snow
-8.4,75,20,1012.3,Snow
-8.2,74,17,1012.2,Snow
-8,76,20,1012,Snow
-7.7,77,19,1011.9,Snow
-7.8,77,20,1011.8,Snow
-7.7,78,19,1011.4,Snow
-7.4,77,20,1010.9,Snow
-7.1,77,20,1010.2,Cloudy
-7.1,77,19,1009.5,Snow
-6.8,79,22,1008.6,"Freezing Drizzle,Snow"
-6.7,79,19,1008.2,Snow
-6.7,80,15,1006.9,Snow
-6.8,82,19,1006.1,Freezing Drizzle
-6.5,82,15,1005.6,Freezing Rain
-5.8,83,17,1004.8,Freezing Rain
-5.8,81,19,1004.2,Freezing Drizzle
-5.4,82,15,1003.4,Freezing Rain
-5.5,81,13,1003.3,Freezing Rain
-5.5,79,11,1003.6,Cloudy
-5.7,80,15,1003.6,Cloudy
-5.7,81,13,1003.5,Haze
-5.8,82,9,1003.6,"Freezing Drizzle,Haze"
-5.5,83,11,1003.1,"Freezing Drizzle,Haze"
-5,81,11,1002.8,"Freezing Drizzle,Haze"
-4.9,83,9,1003.4,"Freezing Rain,Haze"
-4.9,82,6,1004.1,"Freezing Rain,Haze"
-4.5,81,0,1004.7,Haze
-4.3,81,0,1006.1,"Snow,Haze"
-4,80,0,1006.8,"Snow,Haze"
-3.9,81,6,1007.8,"Snow,Haze"
-3.6,81,4,1008.5,"Snow,Haze"
-4.3,80,15,1009.9,"Snow,Haze"
-5,78,15,1011.2,Snow
-4.9,78,0,1012.2,Snow
-5,78,7,1013.2,Snow
-5.5,75,9,1013.6,Mostly Cloudy
-6.3,77,4,1014.5,Snow Showers
-5.6,76,6,1015.2,Snow Showers
-5.5,78,4,1015.9,Snow Showers
-5.2,72,9,1016.2,Snow Showers
-6,63,13,1016.3,Snow Showers
-6.9,63,22,1016.7,Snow
-7.6,64,19,1017.4,Snow
-7.7,63,19,1018.2,Snow
-8.2,65,17,1018.7,Mostly Cloudy
-8.3,62,19,1018.9,Mostly Cloudy
-8.1,66,13,1018.6,Mostly Cloudy
-7.4,66,9,1018.6,Mostly Cloudy
-6.7,66,9,1018.5,Mostly Cloudy
-6.7,65,9,1019,Mostly Cloudy
-6.6,67,11,1019.4,Mostly Cloudy
-7.1,68,13,1019.9,Mostly Cloudy
-7.7,68,7,1020.8,Mostly Cloudy
-7,66,6,1021.3,Mostly Cloudy
-8.9,73,4,1022.2,Mostly Cloudy
-7.2,74,4,1022.6,Snow
-8,76,7,1022.9,Snow
-7.2,74,7,1023.1,Mostly Cloudy
-9.7,80,4,1023.3,Mostly Cloudy
-11,82,0,1023.5,Mainly Clear
-10.2,82,0,1023.9,Mainly Clear
-11.6,82,0,1024,Mainly Clear
-12.6,82,7,1024.2,Mainly Clear
-11.2,85,9,1024.7,Fog
-11.8,83,7,1025.1,Mainly Clear
-11.3,82,9,1025.9,Mostly Cloudy
-10.6,80,9,1026.2,Mostly Cloudy
-8.8,78,6,1026.2,Mostly Cloudy
-6.8,77,7,1026.1,Cloudy
-6.3,75,11,1025.7,Snow
-6.2,77,11,1024.6,Snow
-4.8,76,6,1023.4,Snow
-3.8,76,7,1022.7,Snow
-2.9,69,19,1022.5,Snow
-3.3,74,13,1022.1,Snow
-3.4,76,11,1021.9,Cloudy
-3.7,77,7,1021.7,Snow
-3.8,77,9,1021.7,Snow
-4.2,77,11,1021.6,Mostly Cloudy
-4.7,78,7,1021.7,Mostly Cloudy
-5.3,78,0,1021,Cloudy
-3.7,80,6,1020.3,Snow
-4.5,84,9,1020.2,Snow
-4.5,85,11,1019.8,Mostly Cloudy
-4,77,20,1020.7,Mostly Cloudy
-4.9,65,15,1021.1,Mostly Cloudy
-7.1,64,13,1021.6,Mainly Clear
-8.1,66,15,1022.1,Mainly Clear
-9.4,70,9,1022.7,Clear
-11,74,7,1022.5,Clear
-11.6,72,9,1023.1,Clear
-9.6,70,13,1023.7,Clear
-8.4,66,6,1023.2,Mainly Clear
-7.6,62,0,1022.9,Clear
-6.6,59,4,1022.1,Mainly Clear
-6.3,60,13,1021.1,Mainly Clear
-6,59,6,1020.5,Mainly Clear
-5.4,57,11,1020.1,Mainly Clear
-5.7,57,9,1019.9,Clear
-6.2,56,11,1019.7,Clear
-6.6,57,9,1019.6,Clear
-7.7,61,7,1019.7,Clear
-8.8,64,6,1019.7,Clear
-9.9,69,6,1019.7,Clear
-10.3,69,0,1019.3,Clear
-10.1,71,0,1018.9,Clear
-11.9,76,6,1018.9,Clear
-12.1,79,6,1018.7,Clear
-14.4,80,6,1018.8,Clear
-12.9,79,6,1018.6,Clear
-14.9,78,6,1018.6,Clear
-14.2,79,7,1019.1,Clear
-14.7,79,4,1019.3,Clear
-15.7,78,4,1019.3,Clear
-15,81,4,1019.5,Clear
-13.5,81,0,1019.7,Clear
-11.1,83,9,1019.7,Freezing Fog
-10.5,86,11,1019.5,Cloudy
-8.7,79,9,1018.2,Mainly Clear
-7.2,68,13,1017.2,Mainly Clear
-5.5,61,20,1016.3,Cloudy
-5.3,62,15,1015.5,Cloudy
-4.7,63,6,1014.8,Cloudy
-4.2,64,9,1014.3,Cloudy
-3.9,64,15,1014.1,Cloudy
-3.1,66,15,1013.4,Cloudy
-2.8,67,24,1012.5,Mostly Cloudy
-2.5,67,26,1011.8,Cloudy
-2.1,71,28,1010.6,Cloudy
-1.5,73,30,1009.3,Cloudy
-0.7,72,30,1008.6,Cloudy
-0.8,72,24,1008,Cloudy
0.1,70,32,1007.5,Snow
0.1,78,30,1007.7,Cloudy
0.8,72,35,1006.8,Snow
1,70,26,1007,Cloudy
1.1,71,32,1006.3,Cloudy
1.2,71,37,1006.2,Mostly Cloudy
1.1,70,33,1006.3,Mostly Cloudy
1.1,71,32,1006.2,Cloudy
1.4,71,32,1006,Cloudy
1.9,71,35,1005.7,Cloudy
2.6,70,22,1005,Cloudy
2.6,67,32,1004.7,Cloudy
3,63,33,1004.5,Mostly Cloudy
3.3,62,30,1004.6,Cloudy
3.3,63,17,1004.7,Cloudy
2.9,66,13,1005.1,Cloudy
3.2,65,11,1005.7,Cloudy
3.1,66,13,1006.2,Cloudy
2.6,69,11,1006.5,Cloudy
3,69,15,1006.7,Cloudy
2.7,68,13,1006.8,Mostly Cloudy
2.2,69,13,1007,Mostly Cloudy
1.9,69,13,1007.7,Cloudy
1.8,68,15,1008.2,Mostly Cloudy
1.5,65,15,1008.9,Mostly Cloudy
0.8,65,19,1009.4,Snow Showers
-1,58,19,1010.3,Mostly Cloudy
-1.9,61,15,1011.4,Mainly Clear
-2.9,64,20,1012.7,Mostly Cloudy
-5.5,57,17,1013.9,Mainly Clear
-6.1,59,17,1015.3,Mainly Clear
-6.2,57,19,1016.4,Mainly Clear
-6.2,57,19,1016.9,Mainly Clear
-6,54,11,1017.4,Mainly Clear
-5.6,55,13,1017.3,Mainly Clear
-5.2,49,15,1017.3,Clear
-5.1,45,15,1017.9,Clear
-4.8,43,19,1018.5,Clear
-5,40,22,1018.8,Clear
-5.9,39,19,1019.4,Clear
-7.3,44,11,1020.3,Clear
-8.2,46,9,1020.9,Clear
-9.2,47,11,1021.2,Clear
-9.6,47,13,1021.5,Clear
-10.8,46,9,1022.1,Clear
-11.8,47,9,1022.1,Clear
-13.8,52,4,1022.1,Clear
-11.9,48,9,1022.1,Clear
-12.1,50,6,1022,Clear
-12.4,51,11,1021.5,Clear
-14,55,4,1021.3,Clear
-12.6,49,0,1021.1,Clear
-12.4,48,9,1020.6,Mainly Clear
-11.7,59,15,1020.7,Mainly Clear
-10.8,60,13,1020.9,Mainly Clear
-9.6,64,15,1020.7,Mainly Clear
-8.2,60,17,1020.4,Mainly Clear
-6.3,56,17,1019.3,Mainly Clear
-4.6,52,20,1017.6,Clear
-3.3,47,32,1016.3,Clear
-2.4,47,24,1015.4,Mainly Clear
-1.8,43,32,1014.5,Mainly Clear
-1.6,45,22,1013.7,Mainly Clear
-2.1,47,17,1013.1,Mainly Clear
-2.5,46,19,1012.7,Mainly Clear
-3.2,49,22,1012.8,Clear
-3.3,51,22,1012.6,Clear
-3.1,57,26,1012.5,Mainly Clear
-3.6,68,17,1012.2,Mainly Clear
-3.6,71,20,1011.9,Clear
-4,72,13,1011.7,Clear
-3.4,71,13,1011.6,Clear
-3.9,73,11,1011.7,Clear
-3.5,72,24,1011.2,Clear
-3.4,70,26,1011,Clear
-4.1,73,20,1011.1,Clear
-4.9,73,20,1011.3,Clear
-5.4,75,17,1011.9,Mainly Clear
-4.9,74,20,1012.3,Clear
-3.5,71,22,1012.5,Mainly Clear
-2.5,67,28,1012.6,Mainly Clear
-1.2,63,24,1012.7,Clear
-0.1,58,24,1011.9,Clear
0.7,56,26,1011.3,Clear
1.5,56,30,1010.5,Clear
2.4,53,24,1010.3,Clear
2.7,51,22,1010.1,Clear
2,54,20,1010.2,Clear
1.6,54,22,1010.6,Clear
0.4,63,20,1011,Clear
0.5,59,17,1011.1,Clear
0.2,65,22,1011.3,Clear
0.8,67,28,1011.1,Clear
0.1,69,26,1011,Clear
0.4,75,22,1011.2,Clear
0.1,73,19,1011.3,Clear
0,73,22,1011.5,Clear
-1,78,17,1011.3,Clear
-0.8,77,20,1011,Clear
-0.8,77,22,1010.7,Clear
-0.7,78,22,1010.7,Clear
-0.5,78,20,1010.9,Mostly Cloudy
-0.9,78,17,1011.2,Mostly Cloudy
-0.1,78,19,1011.2,Cloudy
0.9,71,28,1011,Mostly Cloudy
1.4,67,20,1010.8,Cloudy
1.4,68,24,1009.7,Cloudy
1.3,64,24,1009.2,Cloudy
1.1,71,30,1009.1,Cloudy
1.3,68,28,1009.4,Cloudy
1,69,30,1009,Cloudy
0.9,66,22,1008.7,Cloudy
0.4,68,17,1009.2,Cloudy
0,68,17,1009.1,Mostly Cloudy
-0.2,69,15,1008.8,Snow Showers
-0.4,73,13,1008.4,Cloudy
-0.7,84,11,1007.8,Snow
-0.9,90,6,1007.6,"Snow,Fog"
-1.4,94,9,1007.8,"Snow,Fog"
-7.4,89,24,1008.3,Snow
-8.6,83,30,1009.1,Snow
-9.5,79,22,1009.3,Snow
-10.8,81,22,1009.8,Snow
-11.5,79,20,1009.9,Snow
-12.2,81,24,1010,Snow
-13,80,20,1009.6,Snow
-13.7,75,20,1010.1,Snow
-13.7,64,20,1010.4,Cloudy
-13.4,64,19,1010.5,Snow
-13.1,62,11,1010.3,Snow
-12.8,70,9,1009.7,Snow
-12.1,70,7,1008.5,Mostly Cloudy
-11.3,61,6,1007.6,Mainly Clear
-10.8,52,11,1007.3,Mainly Clear
-10.4,52,6,1007,Mainly Clear
-10.5,59,4,1006.8,Mainly Clear
-12.8,66,4,1007.2,Clear
-14,54,7,1007.4,Clear
-14.4,63,9,1007.3,Clear
-13.9,68,7,1007.1,Clear
-13.5,68,6,1007,Clear
-14.5,59,13,1006.8,Clear
-15,53,11,1006.6,Clear
-15.3,51,11,1006.2,Mostly Cloudy
-15.9,51,6,1006,Clear
-16.8,54,9,1005.7,Mainly Clear
-16.6,54,11,1006,Cloudy
-16.4,58,11,1005.9,Snow
-16.7,57,15,1006,Snow
-16.7,56,19,1006.4,Snow
-16.9,54,17,1006.8,Cloudy
-16.7,50,17,1007.2,Snow
-16.6,48,17,1007.3,Mostly Cloudy
-16.1,45,20,1007.2,Mainly Clear
-14.8,46,24,1006.1,Mainly Clear
-13.9,45,20,1005.5,Mainly Clear
-13.2,44,26,1005.2,Mainly Clear
-12.5,42,28,1005.1,Mainly Clear
-12,44,32,1005.4,Mainly Clear
-12,43,26,1005.6,Mainly Clear
-12.3,52,24,1005.7,Mostly Cloudy
-11.9,54,24,1005.8,Mostly Cloudy
-11.3,53,22,1005.8,Cloudy
-10.8,52,24,1005.5,Cloudy
-10.6,55,26,1005.5,Cloudy
-10.3,56,20,1005.3,Cloudy
-10,60,19,1004.8,Snow
-9.4,56,22,1003.7,Cloudy
-8.8,57,24,1003.3,Cloudy
-8.8,63,20,1003.1,Cloudy
-8.4,61,20,1003,Cloudy
-8,57,22,1003.3,Cloudy
-7.9,59,22,1003.7,Cloudy
-7.9,59,22,1004.4,Cloudy
-8,65,24,1005.4,Cloudy
-7.5,57,20,1005.6,Cloudy
-6.8,37,26,1005.9,Mostly Cloudy
-6.5,60,20,1005.9,Cloudy
-5.2,54,17,1005.6,Mostly Cloudy
-4.9,49,24,1005.2,Mostly Cloudy
-4.3,49,22,1005.2,Cloudy
-3.4,50,24,1005.4,Cloudy
-3.4,48,24,1005.6,Cloudy
-3.6,45,15,1006,Mostly Cloudy
-4.9,51,0,1006.4,Mostly Cloudy
-5.6,61,15,1006.9,Mostly Cloudy
-7.2,69,7,1007.3,Cloudy
-7.5,70,11,1007.6,Snow
-9,73,13,1007.8,Cloudy
-10.8,72,19,1008,Cloudy
-11.8,73,15,1008.3,Mostly Cloudy
-11.9,72,13,1008.6,Mainly Clear
-12.9,66,11,1009.3,Mainly Clear
-13.2,61,9,1009.6,Mostly Cloudy
-13.4,61,11,1010.1,Mostly Cloudy
-13.4,59,4,1010.3,Mostly Cloudy
-14.2,64,6,1010.4,Mainly Clear
-13.7,59,7,1010.7,Mainly Clear
-13.6,58,9,1011.2,Mainly Clear
-11.6,59,4,1011.2,Mainly Clear
-8.8,64,4,1011.5,Mainly Clear
-5,65,0,1011.4,Mostly Cloudy
-3.2,68,4,1010.9,Cloudy
-2.1,72,4,1010.2,Cloudy
0.1,68,9,1009.8,Mostly Cloudy
1.1,62,9,1009.8,Mostly Cloudy
2.3,59,7,1009.7,Mostly Cloudy
1.1,70,9,1010.1,Mostly Cloudy
1.3,68,9,1010.8,Cloudy
1.8,56,7,1011.3,Cloudy
-0.2,69,4,1011.6,Mostly Cloudy
-0.6,67,7,1011.8,Mainly Clear
-0.5,68,0,1012.1,Cloudy
-1.2,72,0,1012.2,Cloudy
-1.9,76,4,1012.6,Cloudy
-1.8,78,4,1013.1,Cloudy
-1.2,74,0,1013.3,Cloudy
-1.6,75,4,1013.6,Cloudy
-0.7,81,0,1013.9,Snow
-1.3,88,7,1014.5,Snow
-1,91,0,1014.8,Snow
-0.3,91,4,1015.1,Snow
0.1,89,4,1015.7,Snow
0.6,88,4,1016.1,Snow
1,88,0,1016.2,Snow
2,85,0,1016.5,Snow
2.1,84,0,1016.7,Snow
1.7,87,6,1016.7,Snow
1.5,90,7,1016.8,Snow
1.9,88,6,1017.2,Cloudy
2.2,87,6,1017.5,Rain
2.1,88,6,1018,Rain
1.5,91,7,1018.5,Rain
1.5,91,7,1018.9,Rain
1.5,91,7,1019.1,Rain
1.3,92,13,1019.5,Snow
1.2,92,7,1019.8,Fog
1.4,90,7,1019.7,Fog
0.8,92,9,1019.6,Fog
1.1,89,7,1020,Cloudy
0.7,90,4,1019.7,Cloudy
0.7,90,6,1019.4,Cloudy
0.9,89,7,1019.4,Cloudy
0.7,89,4,1019.2,Cloudy
1.3,85,6,1019.3,Cloudy
1.7,83,7,1019.6,Cloudy
1.2,84,7,1019.5,Cloudy
1.8,80,0,1019.1,Mostly Cloudy
2.7,76,11,1018.3,Mainly Clear
3.3,68,11,1017.6,Mostly Cloudy
3.6,62,19,1016.5,Mostly Cloudy
3.3,65,19,1015.3,Mostly Cloudy
3.5,64,19,1013.9,Mostly Cloudy
3.6,63,19,1012.9,Mostly Cloudy
3.7,64,15,1012.2,Cloudy
3.6,63,15,1011.7,Cloudy
3,69,19,1011.3,Rain
2.5,75,17,1010.2,Rain
1.7,84,17,1009.4,Rain
1.5,87,15,1008.8,Rain
1.5,86,17,1008,Rain
1.3,89,19,1007.1,Rain
1.3,89,19,1006.4,Rain
1.3,90,19,1005.7,Rain
1.3,92,17,1005,Rain
1.4,92,19,1004.5,Rain
2.3,92,20,1004.7,Drizzle
2.8,92,24,1004.9,Cloudy
3,86,30,1005.4,Cloudy
3,79,24,1005.8,Mostly Cloudy
2.8,75,32,1006.7,Cloudy
2.3,71,32,1007.4,Mostly Cloudy
2.5,67,41,1007.6,Mostly Cloudy
2.6,62,32,1007.7,Cloudy
2.6,61,24,1007.1,Cloudy
3,59,22,1006.6,Mostly Cloudy
3.5,53,28,1006.2,Mostly Cloudy
3,58,30,1006.3,Mostly Cloudy
3.1,56,26,1006.4,Cloudy
2.6,62,26,1006.6,Mostly Cloudy
2.3,64,22,1006.9,Mostly Cloudy
2,67,28,1006.8,Mostly Cloudy
1.8,68,24,1006.8,Mostly Cloudy
1.7,68,19,1007,Mostly Cloudy
1.2,69,15,1007.2,Mainly Clear
0.9,69,26,1007,Mainly Clear
0.7,71,24,1007.1,Mainly Clear
0.7,68,22,1007.1,Mainly Clear
0.3,71,22,1007.4,Mainly Clear
0.3,69,26,1007.2,Mostly Cloudy
-0.3,71,22,1007.4,Mostly Cloudy
-0.6,72,19,1007.9,Cloudy
-0.2,70,20,1008.2,Mostly Cloudy
-0.6,71,24,1008.4,Mostly Cloudy
-0.6,70,19,1008.5,Mostly Cloudy
-0.6,70,24,1008.5,Mainly Clear
0.1,67,24,1008.3,Cloudy
0.5,66,17,1008.1,Cloudy
1.1,60,15,1007.5,Mostly Cloudy
1.8,56,20,1007,Mostly Cloudy
1.2,61,15,1007,Mostly Cloudy
1.5,58,19,1007.1,Mostly Cloudy
1.5,56,19,1007.3,Mostly Cloudy
1,59,13,1007.8,Mostly Cloudy
0.8,56,15,1008.8,Mostly Cloudy
-0.6,58,11,1009.9,Mainly Clear
-1.7,63,11,1010.9,Clear
-2.4,65,9,1011.6,Clear
-3.5,69,9,1012.1,Clear
-3.9,69,9,1012.9,Clear
-3.9,69,13,1013.7,Clear
-4.5,66,19,1014.6,Mainly Clear
-5.2,68,9,1014.9,Mainly Clear
-6,72,0,1014.3,Clear
-5.8,69,7,1014.4,Mainly Clear
-5.9,74,9,1014.8,Mainly Clear
-6.7,76,6,1015,Clear
-6.3,72,7,1015.3,Mainly Clear
-5.8,73,7,1015.7,Mostly Cloudy
-5.2,71,9,1015.9,Mostly Cloudy
-4.7,68,15,1015.9,Cloudy
-4,68,17,1015.9,Mostly Cloudy
-3.2,64,17,1015.6,Mainly Clear
-2.7,64,19,1015.1,Mainly Clear
-2.3,58,15,1014.5,Clear
-1.6,56,17,1014.3,Clear
-1.6,54,20,1013.7,Clear
-2.1,56,15,1013.6,Clear
-2.9,59,13,1013.9,Clear
-3.2,59,15,1014.3,Clear
-3.8,62,13,1014.7,Clear
-4.8,67,11,1015.1,Clear
-5.4,69,9,1015.2,Clear
-6.3,65,7,1015.2,Clear
-6.7,64,4,1015.5,Clear
-7.6,67,0,1016.3,Clear
-8.8,76,4,1016.6,Clear
-8.8,73,7,1016.8,Clear
-9.8,77,6,1016.9,Clear
-10.2,75,6,1017.7,Clear
-10.7,75,4,1018.1,Clear
-11,76,4,1018.7,Clear
-9.9,70,4,1019.8,Mainly Clear
-8.7,65,6,1020.4,Mostly Cloudy
-8,64,9,1020.7,Mostly Cloudy
-7.1,61,9,1020.9,Mostly Cloudy
-6,62,11,1021,Mostly Cloudy
-4.7,58,20,1020.8,Mostly Cloudy
-3.1,57,17,1020.7,Mainly Clear
-2,56,19,1020.7,Mostly Cloudy
-1.8,60,20,1020.6,Mainly Clear
-1.9,59,17,1020.8,Clear
-3.2,65,9,1021,Clear
-3.6,68,7,1021.3,Clear
-4,68,6,1021.6,Mainly Clear
-3.5,66,6,1021.8,Clear
-3.3,66,0,1022,Clear
-5.8,76,4,1022,Clear
-4,73,9,1022.1,Clear
-4.3,73,6,1021.8,Clear
-4.1,74,7,1022.1,Clear
-5.3,76,4,1021.9,Clear
-5.2,79,4,1021.2,Clear
-6.1,82,7,1020.5,Mainly Clear
-6.1,81,6,1020.3,Mainly Clear
-6.2,80,7,1020.3,Mainly Clear
-5,78,7,1019.8,Mostly Cloudy
-3.1,73,9,1018.7,Mostly Cloudy
-1.4,66,11,1017.2,Mostly Cloudy
-0.1,63,15,1015.5,Cloudy
0,60,19,1013.8,Cloudy
1,59,24,1011.9,Cloudy
1.9,55,22,1009.5,Mostly Cloudy
2.2,55,19,1008.2,Cloudy
2,56,17,1006.6,Cloudy
2.2,53,9,1005.9,Cloudy
1.9,55,9,1005.4,Cloudy
2.1,53,0,1005,Cloudy
-0.2,71,4,1004.3,Cloudy
-0.5,72,6,1004,Cloudy
-0.6,75,6,1003.5,Snow
0.5,70,0,1002,Cloudy
0.5,83,19,1001,Snow
0.8,80,15,999.7,Snow
1.4,75,19,998.7,Snow
1.3,82,20,997.7,"Rain,Snow"
1.2,85,15,996.8,Rain
1.4,87,15,996.4,Rain
1.5,88,13,995.9,Rain
1.6,90,15,995.7,"Rain,Fog"
2.6,89,17,995.7,Rain
2.9,85,26,995.7,Cloudy
4,82,28,995.4,Mostly Cloudy
4.6,74,26,995.6,Mostly Cloudy
5.2,66,28,995.2,Mostly Cloudy
5.8,61,22,994,Mostly Cloudy
6.1,59,17,993.2,Mostly Cloudy
5.4,62,28,993,Rain Showers
2.9,83,19,993.1,Mainly Clear
2.6,84,19,992.9,Mostly Cloudy
2.4,83,9,993.3,Mostly Cloudy
1.9,86,6,993.4,Mainly Clear
1.6,84,13,993.2,Mostly Cloudy
2.3,79,15,993.3,Mostly Cloudy
2.7,78,15,992.6,Cloudy
2.6,77,13,992.7,Cloudy
2.3,79,20,992.3,Rain Showers
1.7,82,11,991.8,Cloudy
1.1,85,7,991.7,Snow
0.6,89,6,991.4,Snow
0.5,90,4,991.3,Fog
0.4,90,4,991.1,Fog
0.5,89,9,991.6,Fog
0.6,89,7,992,Fog
0.4,86,7,992.6,Mainly Clear
1.1,81,17,993.2,Mostly Cloudy
1.6,78,19,993.8,Mainly Clear
2.3,74,22,994.2,Mostly Cloudy
2.1,73,20,994.7,Cloudy
2.1,74,20,994.9,Snow Showers
1.4,81,13,995.3,Snow
1.9,76,22,996,Mostly Cloudy
2.7,70,22,997,Mostly Cloudy
2.3,64,24,998.2,Mostly Cloudy
1.6,67,15,999,Mainly Clear
1.6,62,19,1000.5,Clear
1.1,64,15,1001.2,Clear
0.5,66,13,1002.3,Clear
-0.2,68,9,1002.8,Clear
-1,73,7,1003.1,Clear
-0.9,73,6,1003.4,Clear
-1.7,78,4,1002.9,Clear
-1.8,76,0,1002,Clear
-3.8,84,0,1002.9,Mainly Clear
-2.8,85,0,1003.1,Cloudy
-3.1,86,0,1002.9,Cloudy
-3,85,6,1002.6,Cloudy
-1.3,83,11,1002.1,Cloudy
-0.7,81,9,1002.1,Cloudy
0.3,77,7,1002.7,Cloudy
0.7,76,9,1002.5,Cloudy
0.9,74,15,1001.3,Cloudy
1.1,72,20,999.1,Cloudy
1,72,20,997.5,Cloudy
1.1,72,20,996.4,Snow
1,77,19,995.3,"Snow,Fog"
-0.1,90,22,993.8,"Snow,Fog"
-0.1,90,26,991.6,Snow
0,90,24,990.7,Snow
0,91,22,988.8,Snow
0,92,15,988.1,Snow
0.3,90,17,986.9,Snow
0.6,90,19,985.5,Rain
0.8,91,17,983.9,Cloudy
1,89,11,982.9,Rain
0.8,90,15,981.8,"Rain,Snow"
0.4,91,11,980.6,Snow
0.7,90,19,980,Snow
0.4,90,19,979.7,Snow
0.6,88,22,979.9,Snow
0,89,33,980.3,Snow
-1.4,89,33,981.1,"Snow,Blowing Snow"
-1.8,90,32,982,"Snow,Blowing Snow"
-1.4,89,33,983.3,"Snow,Blowing Snow"
-1.7,89,32,984.5,Snow
-2.1,90,33,986,Snow
-2.5,88,33,987.5,Snow
-2.7,84,32,988.9,Snow
-3.2,79,35,990.5,Snow
-3.3,73,33,992.2,Snow
-3.6,75,24,993.9,Snow
-3.2,67,24,995.9,Cloudy
-3.6,66,30,998,Cloudy
-4.7,64,35,1000.4,Cloudy
-5.3,63,26,1002.4,Cloudy
-5.6,65,32,1004.2,Mostly Cloudy
-6.6,61,28,1006.2,Cloudy
-7.6,61,26,1007.6,Cloudy
-8.3,62,19,1008.9,Mostly Cloudy
-9,64,20,1010.9,Mainly Clear
-9.2,65,22,1012.6,Clear
-9.9,66,28,1014.2,Mainly Clear
-10.8,69,30,1016,Mostly Cloudy
-11.6,70,20,1017.7,Clear
-11.3,64,22,1019.2,Clear
-12.1,62,22,1020.7,Clear
-12.1,61,26,1022.3,Mainly Clear
-11.6,56,32,1023.2,Mainly Clear
-11.2,47,22,1023.5,Clear
-10.1,44,26,1023.9,Clear
-9.3,47,28,1024.2,Clear
-8.3,48,26,1024.1,Mainly Clear
-7.6,46,28,1024.2,Mainly Clear
-7.1,48,26,1024.9,Mainly Clear
-6.8,46,24,1025.2,Mainly Clear
-7.6,46,24,1025.5,Mostly Cloudy
-7.9,49,19,1026,Cloudy
-7.8,48,13,1026.3,Cloudy
-7.9,50,11,1026.4,Cloudy
-8.5,52,9,1027.2,Cloudy
-8.6,53,0,1026.8,Mostly Cloudy
-9.5,58,0,1026.4,Cloudy
-8.2,52,7,1026.3,Cloudy
-8.6,57,4,1026.1,Cloudy
-8.5,63,13,1026,Cloudy
-8.3,65,9,1025.9,Cloudy
-8.2,61,9,1025.8,Cloudy
-8.4,58,13,1025.4,Mostly Cloudy
-9,61,17,1024.2,Mostly Cloudy
-9.4,66,20,1023.1,Cloudy
-9.8,67,19,1022.5,Cloudy
-9.4,64,22,1021,Cloudy
-8.7,62,22,1019.4,Cloudy
-8.7,64,28,1017.4,Mostly Cloudy
-6.3,60,15,1015.9,Mostly Cloudy
-4.9,59,19,1014.1,Cloudy
-5.5,63,22,1013.4,Cloudy
-5.1,72,20,1011.9,Snow
-4.9,79,19,1011.3,Snow
-5.2,81,20,1010.1,Cloudy
-6.3,82,24,1011,Cloudy
-7.1,82,22,1011.4,Snow
-7.2,83,9,1012.5,Snow
-7.3,83,4,1012.9,Snow
-7.1,82,0,1013.3,Snow
-6.8,84,4,1013.8,Snow
-6.7,84,0,1014,Snow
-6.5,84,0,1014.8,Snow
-6.6,84,0,1015.5,Snow
-5.9,83,9,1016.6,Cloudy
-5.5,81,15,1018.2,Cloudy
-5.4,72,20,1019.8,Snow
-6.9,77,22,1021.9,Snow
-8.1,66,19,1023.5,Mainly Clear
-8.4,66,19,1025,Mainly Clear
-8.3,64,20,1026.3,Clear
-7.5,62,13,1026.5,Clear
-6.5,59,9,1026.9,Clear
-5.8,55,11,1026.5,Mainly Clear
-5.5,59,17,1026.2,Mainly Clear
-4.8,57,15,1025.8,Mostly Cloudy
-4.2,55,19,1025.8,Mostly Cloudy
-4.3,53,17,1025.4,Mostly Cloudy
-4.4,53,15,1025.3,Mainly Clear
-5.3,57,17,1025.6,Clear
-5.9,58,7,1025.8,Clear
-6.8,59,11,1025.6,Clear
-8.7,62,11,1025.3,Clear
-8.3,63,0,1025.2,Clear
-10,65,9,1025.2,Clear
-8.2,64,9,1025.1,Clear
-9.5,65,4,1024.7,Clear
-9.7,71,4,1024.6,Mainly Clear
-11.5,77,0,1024.5,Clear
-10.3,73,7,1024.1,Mainly Clear
-13.1,79,0,1024,Clear
-12.2,78,0,1024.1,Clear
-11.7,79,9,1024,Mainly Clear
-10.6,78,11,1024.4,Cloudy
-8.5,74,11,1023.6,Mostly Cloudy
-6.6,68,17,1023,Mostly Cloudy
-4.7,54,15,1022.4,Mostly Cloudy
-3.9,52,17,1020.8,Mostly Cloudy
-2.9,54,11,1019.9,Mostly Cloudy
-2.9,51,13,1018.9,Mostly Cloudy
-3.1,52,20,1018.1,Cloudy
-3.6,56,26,1017.2,Cloudy
-4.1,54,28,1016,Cloudy
-4.7,53,28,1015.4,Cloudy
-4.6,51,30,1014.6,Mostly Cloudy
-4.5,51,30,1014.2,Cloudy
-4.6,53,26,1012.3,Cloudy
-4.5,54,30,1011.4,Snow
-5.1,62,30,1010.1,Snow
-5.5,72,24,1009.7,Snow
-5.7,79,26,1008.7,Snow
-5.4,80,28,1008,Snow
-4.7,79,28,1006.9,Snow
-5.4,83,35,1006.2,Snow
-5.3,82,33,1005.8,Snow
-5.2,82,33,1005.7,Snow
-4.9,83,30,1005.9,Snow
-5,83,32,1005.9,Snow
-4.9,82,32,1006,Snow
-4.7,82,32,1006.2,Snow
-4.4,83,28,1006.6,Snow
-4.3,83,30,1006.6,Snow
-4.3,82,28,1006.5,Snow
-3.9,81,28,1006.7,Snow
-3.3,80,24,1007.1,Snow
-2.7,80,19,1007.4,Snow
-2.9,80,20,1008,Snow
-3,80,19,1008.7,Snow
-3.6,81,17,1009.3,Snow
-3.7,81,20,1009.5,Snow
-3.9,81,22,1009.8,Snow
-4.3,82,22,1010,Snow
-4.3,81,22,1010.4,Snow
-4.8,83,22,1010.4,Snow
-5.3,82,20,1010.9,Snow
-5.2,82,19,1011.1,Snow
-5.5,83,19,1011.5,Snow
-5.6,82,24,1011.5,Snow
-5.5,81,19,1011.5,Snow
-5.6,79,19,1011.4,Snow
-5.7,79,22,1011.7,Cloudy
-5.7,79,17,1012,Snow
-6.1,84,13,1011.9,Snow
-5.9,83,15,1012.2,Snow
-5.5,86,15,1012.1,Snow
-5.2,86,13,1011.8,"Freezing Drizzle,Snow"
-4.6,87,13,1010.9,Snow
-4.1,86,15,1010.3,Fog
-3.3,83,15,1009.8,Cloudy
-2.9,83,15,1009.3,Cloudy
-2.7,84,15,1008.9,Cloudy
-2.4,84,20,1008.1,Cloudy
-1.8,84,17,1007.5,Cloudy
-2.3,84,15,1007.4,Cloudy
-1.4,82,15,1006.2,Cloudy
0.2,72,13,1004.9,Cloudy
0.5,74,17,1002.9,Cloudy
1,73,22,1001.2,Cloudy
1.2,75,19,999.6,Snow
-0.6,84,19,997.5,Snow
-0.3,86,22,995.5,Snow
0.3,86,24,994,"Snow,Ice Pellets"
0.8,85,41,991.8,Cloudy
1.5,80,43,990.2,Mainly Clear
2,77,41,988.9,Mostly Cloudy
2.7,74,32,987.9,Mostly Cloudy
3,75,37,987,Cloudy
3.7,79,15,988.6,Cloudy
4,71,32,988.2,Rain Showers
5.2,55,37,988.2,Mostly Cloudy
5.8,49,50,987.3,Mostly Cloudy
6.5,42,48,986.8,Mostly Cloudy
5.3,45,57,986.7,Mostly Cloudy
5,48,63,986.7,Mainly Clear
4.3,51,57,987.1,Mainly Clear
3.7,56,48,988.2,Mostly Cloudy
3.4,58,44,989.2,Mainly Clear
3.2,60,50,989.6,Mainly Clear
2.9,62,46,989.8,Snow
2.8,64,57,990.7,Snow
2.3,67,33,991.8,Snow
0.5,68,32,993.4,Mostly Cloudy
-0.8,68,24,994.6,Mostly Cloudy
-1.8,64,26,995.6,Mostly Cloudy
-2.1,63,19,996.3,Mostly Cloudy
-2.9,63,20,997,Mostly Cloudy
-4.3,62,19,997.7,Cloudy
-4.8,59,17,998.4,Mostly Cloudy
-5.7,58,22,998.8,Mostly Cloudy
-5.9,54,13,999.7,Mostly Cloudy
-6.3,57,15,999.5,Cloudy
-6.3,57,17,999.5,Cloudy
-6.5,55,17,999.6,Cloudy
-5.8,57,19,999.5,Mostly Cloudy
-5.5,56,19,998.8,Mainly Clear
-5.7,55,19,999,Mostly Cloudy
-5.6,54,22,999,Mostly Cloudy
-5.5,54,20,999.3,Mainly Clear
-6.9,54,22,999.4,Mainly Clear
-7.9,53,28,1000.4,Mainly Clear
-7.9,54,22,1000.9,Mostly Cloudy
-8.5,61,24,1001.3,Cloudy
-9,69,15,1001.8,Snow Showers
-10.1,65,17,1002.1,Cloudy
-11.1,65,24,1002.3,Mostly Cloudy
-12.4,66,19,1002.6,Mainly Clear
-13.6,66,24,1003.3,Mainly Clear
-14.5,52,24,1003.9,Clear
-15,58,22,1004.7,Clear
-15.5,58,26,1005.5,Clear
-15.9,59,20,1006.9,Clear
-16.2,58,26,1007.7,Mostly Cloudy
-16.2,59,22,1008.8,Mostly Cloudy
-15.7,56,24,1010,Mostly Cloudy
-15.1,55,24,1011.1,Mostly Cloudy
-14.4,55,26,1012.1,Mostly Cloudy
-13.4,54,26,1013.1,Mostly Cloudy
-12.2,53,6,1013.9,Mostly Cloudy
-11.3,51,24,1014.6,Mostly Cloudy
-10.8,47,28,1015.5,Mostly Cloudy
-10,49,30,1016.4,Mostly Cloudy
-9.9,48,26,1017.3,Mostly Cloudy
-9.5,47,24,1018.2,Mainly Clear
-9.8,47,22,1019,Mainly Clear
-10.1,48,20,1020.1,Clear
-10.5,49,17,1021.1,Mainly Clear
-11,49,17,1022.3,Clear
-11.6,49,15,1022.9,Clear
-12.6,53,11,1023.4,Clear
-13.4,55,11,1024.1,Clear
-13.4,56,11,1025,Clear
-13.7,55,4,1025.5,Clear
-14.8,59,9,1026.1,Clear
-14.5,57,9,1027,Clear
-14.6,58,13,1028.5,Clear
-15.3,60,11,1029,Clear
-14.8,61,11,1030,Clear
-13,59,0,1030.6,Clear
-11.3,52,6,1031,Clear
-10,57,9,1031.2,Mainly Clear
-9,49,15,1031.2,Mainly Clear
-7.8,55,13,1030.9,Mainly Clear
-6.7,48,9,1030.1,Mainly Clear
-5.8,45,9,1029.8,Mainly Clear
-5.3,44,6,1029.6,Mainly Clear
-4.9,41,11,1029.4,Mainly Clear
-4.8,44,6,1029,Mainly Clear
-6.3,52,6,1028.4,Mainly Clear
-5.4,53,11,1028.1,Mostly Cloudy
-5.3,52,9,1027.2,Mainly Clear
-5.4,49,9,1026.9,Mostly Cloudy
-5,45,9,1025.9,Mostly Cloudy
-4.5,41,6,1025.5,Mostly Cloudy
-3.6,47,6,1024.4,Mostly Cloudy
-3.9,56,9,1024.6,Mostly Cloudy
-5.7,62,17,1023.7,Cloudy
-5.3,61,13,1022.2,Cloudy
-5.2,63,15,1021.6,Cloudy
-5.3,63,17,1021.3,Mostly Cloudy
-4.3,63,15,1019.8,Cloudy
-3.9,67,11,1019.2,Cloudy
-4.6,69,11,1019.1,Mostly Cloudy
-2.5,67,11,1018.5,Clear
-0.1,62,6,1017.6,Clear
3,57,6,1016.7,Mainly Clear
6.4,49,4,1015.8,Mainly Clear
8.9,39,13,1014.9,Mainly Clear
9.3,39,13,1014.1,Mainly Clear
9.7,42,13,1013.6,Mainly Clear
11.4,38,15,1013.1,Mostly Cloudy
9.9,44,9,1012.5,Mostly Cloudy
5.5,60,7,1012.5,Mainly Clear
6,57,11,1012.2,Mostly Cloudy
7.6,50,20,1011.8,Mostly Cloudy
6.8,53,22,1011.6,Mostly Cloudy
6,58,17,1011.2,Cloudy
4.8,63,15,1010.5,Cloudy
6.2,58,20,1009.8,Cloudy
5.5,61,11,1009.2,Cloudy
7.9,53,17,1008.1,Mostly Cloudy
10.1,46,24,1006.9,Mostly Cloudy
10,47,28,1006.4,Mostly Cloudy
5.7,63,19,1005.7,Mostly Cloudy
7.6,57,19,1005.2,Cloudy
10.3,52,26,1004.7,Cloudy
6.7,63,19,1003.9,Cloudy
10.2,55,26,1002.9,Cloudy
12.1,53,30,1002.2,Cloudy
12.7,55,26,1001.3,Cloudy
11.7,59,20,1000.8,Rain
11.5,65,20,999.9,Cloudy
11.7,68,26,998.8,Cloudy
11.7,71,37,998.2,Rain
11.6,70,32,997.5,Rain
11.3,74,37,996.6,Rain
10.5,83,46,996.4,Rain
6.1,82,30,997.8,Rain
5,79,41,999,Rain
3.7,82,41,1000.4,Rain
2,83,46,1001.3,"Rain,Fog"
0.8,85,35,1002.5,Snow
-0.1,87,28,1003.3,Snow
0,76,22,1004.1,Mostly Cloudy
-1.2,67,20,1006.2,Mainly Clear
-2.6,64,24,1008.1,Mainly Clear
-3.9,69,11,1009.7,Mainly Clear
-3.9,67,20,1011.3,Mainly Clear
-4.3,70,15,1012.6,Mainly Clear
-5,70,15,1013.1,Clear
-4.7,65,15,1014.1,Clear
-4,66,20,1014.6,Clear
-3.7,61,19,1014.8,Mainly Clear
-3,58,17,1014.7,Mainly Clear
-2.1,62,20,1014.4,Mainly Clear
-1.5,57,15,1014.2,Mainly Clear
-1,61,19,1014.3,Mainly Clear
-1.1,60,17,1014.5,Mostly Cloudy
-0.7,56,11,1014.4,Mostly Cloudy
-0.9,59,7,1014.7,Mostly Cloudy
-2,60,7,1015.2,Mainly Clear
-2.6,65,4,1015.7,Mostly Cloudy
-2,59,4,1016.1,Mostly Cloudy
-1.9,60,6,1016.3,Mostly Cloudy
-2.2,60,7,1016.4,Mostly Cloudy
-2.6,63,6,1016.8,Cloudy
-2.2,61,4,1017.7,Cloudy
-2.7,64,15,1018.9,Cloudy
-3.8,59,19,1020.1,Cloudy
-4.1,51,24,1021,Cloudy
-5.7,56,26,1022.7,Mainly Clear
-6.4,55,20,1024.2,Mainly Clear
-6.8,56,26,1026,Mostly Cloudy
-7.1,55,20,1027.3,Mainly Clear
-6.8,54,19,1028.4,Mainly Clear
-6.3,54,15,1029.5,Mostly Cloudy
-6.1,51,6,1030.1,Mainly Clear
-4,49,0,1030.2,Mainly Clear
-4.1,54,7,1029.9,Clear
-3.2,53,7,1028.9,Mainly Clear
-2.6,52,15,1028.4,Mostly Cloudy
-2.7,56,11,1027.5,Mostly Cloudy
-1.8,52,13,1027.1,Mainly Clear
-1.6,53,17,1026.8,Mainly Clear
-2.1,54,9,1026.6,Mainly Clear
-1.9,56,9,1026.7,Mainly Clear
-2.3,65,11,1026,Mostly Cloudy
-2.3,64,11,1025.4,Mostly Cloudy
-2,68,11,1025,Snow Showers
-1.7,67,7,1024.5,Cloudy
-3.1,73,7,1023.6,Mainly Clear
-3.2,76,7,1022.8,Mainly Clear
-3.1,74,7,1021.8,Mainly Clear
-2.2,70,17,1020.5,Cloudy
-1.7,68,13,1020.2,Cloudy
-2.1,69,11,1019.8,Mainly Clear
-1.5,68,7,1019.8,Cloudy
-1.8,68,11,1019.7,Clear
0.1,63,7,1020,Clear
2.7,53,7,1019.8,Mainly Clear
3.8,50,13,1019.7,Clear
5.9,48,11,1019.2,Clear
6.8,49,24,1018.6,Clear
9,46,20,1017.9,Clear
9.5,46,24,1017.4,Clear
10.5,44,20,1016.9,Clear
10.9,45,15,1016.5,Clear
10.7,45,11,1016.5,Clear
9.1,49,7,1016.8,Clear
7.4,54,6,1016.9,Clear
4.8,64,9,1017,Clear
4.8,63,13,1017.2,Mainly Clear
5.2,60,6,1017.2,Clear
6.1,56,7,1017.5,Clear
6,57,20,1017.7,Clear
5.2,61,17,1017.7,Mainly Clear
4.6,62,9,1017.7,Mainly Clear
1.5,73,11,1017.8,Mainly Clear
1.8,73,4,1018,Mainly Clear
2.3,74,9,1018.2,Clear
3.1,70,11,1018.9,Clear
2.6,70,4,1019.8,Mainly Clear
4.4,68,6,1020.3,Mainly Clear
6.5,62,0,1020.3,Mostly Cloudy
8.3,57,9,1020,Cloudy
10.6,49,6,1019.9,Cloudy
10.8,49,9,1019.4,Mostly Cloudy
11.6,47,13,1018.4,Mostly Cloudy
12.3,47,6,1017.9,Mostly Cloudy
12.4,44,4,1017.1,Cloudy
11.8,48,4,1016.4,Cloudy
11.6,48,6,1015.7,Cloudy
9,58,13,1015.4,Cloudy
8.7,59,13,1015,Cloudy
9.2,58,13,1014.4,Cloudy
8.4,60,13,1013.9,Mostly Cloudy
7.9,60,11,1013.5,Mostly Cloudy
6.6,61,11,1012.2,Mostly Cloudy
7.5,56,13,1011.1,Mostly Cloudy
5.1,65,13,1010.7,Rain Showers
4.8,66,6,1010.5,Rain Showers
4.6,71,15,1008.7,Cloudy
6.5,68,7,1007.4,Cloudy
5.8,72,6,1007.1,Cloudy
7.4,68,9,1006,Cloudy
4,81,11,1006.1,"Rain,Haze"
5.5,83,7,1005,"Rain,Haze"
4.4,86,17,1005.1,"Rain,Haze"
3.5,87,11,1005.4,"Drizzle,Fog"
3.5,87,11,1005.7,"Drizzle,Fog"
3.9,89,9,1006.4,Fog
4.9,87,7,1006.3,Fog
6.5,87,7,1006.1,Fog
5.3,87,11,1006.3,Fog
5.5,83,11,1006.7,Haze
4.9,83,17,1006.8,Haze
4,84,13,1007.3,Haze
3.1,85,17,1007.9,"Drizzle,Fog"
2.6,85,17,1007.7,Haze
1.1,86,20,1008.7,"Rain,Fog"
1.4,86,6,1009.3,Haze
1.1,86,9,1009.8,Haze
0.7,88,7,1010.2,Fog
0.7,89,7,1010.6,Fog
0.6,89,7,1010.5,Fog
0.8,92,6,1010.6,Fog
0.8,90,4,1011.3,Fog
0.7,89,6,1012.3,Fog
0.6,90,7,1012.8,Fog
0.8,92,6,1013.6,Fog
1.1,92,6,1014.6,"Rain,Fog"
1.6,92,7,1015.1,"Rain,Fog"
1.1,96,7,1015.7,"Snow,Fog"
0.4,98,6,1016,"Snow,Fog"
1,99,4,1016.5,"Snow,Fog"
2.1,98,4,1016.7,"Rain,Fog"
2.2,97,7,1017,"Drizzle,Fog"
1.7,97,13,1017.7,"Drizzle,Fog"
1.5,98,13,1018.2,"Drizzle,Fog"
1,97,15,1018.9,Fog
0.5,97,17,1019.9,"Drizzle,Fog"
0.3,96,15,1020.7,"Snow,Fog"
0.2,95,15,1021.3,Cloudy
-0.1,94,17,1021.7,Cloudy
-0.3,93,20,1021.8,Cloudy
-0.6,93,15,1022.3,Cloudy
-0.6,92,19,1022.4,Cloudy
-0.6,92,19,1022.7,Cloudy
-0.4,92,13,1022.9,Cloudy
-0.3,92,11,1022.5,Cloudy
-0.2,92,17,1022.6,Cloudy
-0.3,92,15,1023.4,Cloudy
-0.3,91,20,1023.6,Cloudy
-0.5,90,13,1024,Cloudy
-0.5,89,17,1024.2,Cloudy
-0.3,88,20,1023.9,Cloudy
0.4,86,22,1023.1,Cloudy
1.1,84,19,1022.3,Cloudy
2.2,81,19,1021.8,Cloudy
3.4,78,22,1021.2,Cloudy
3.4,78,22,1020.5,Cloudy
4,78,24,1020,Mostly Cloudy
3.5,78,20,1019.9,Mostly Cloudy
3,79,26,1019.8,Mostly Cloudy
2.6,81,22,1019.8,Rain Showers
2.4,82,28,1018.8,Mostly Cloudy
2.3,84,24,1018.6,Mostly Cloudy
2,89,28,1018,Rain Showers
2.1,89,20,1017.7,Mostly Cloudy
1.8,89,19,1017,Mostly Cloudy
1.8,90,19,1016.7,Cloudy
1.9,91,15,1015.4,Rain Showers
1.1,94,17,1015.6,Rain
1.1,96,19,1014.6,Rain
1,96,17,1013.9,Rain
0.7,97,20,1013.6,Rain
0.6,97,24,1013.9,"Rain,Fog"
1.1,96,19,1013.7,"Rain,Fog"
1.1,97,15,1013.8,"Rain,Fog"
1.1,97,17,1014.1,"Rain,Fog"
1.5,97,13,1014.1,"Rain,Fog"
1.8,96,13,1014,"Rain,Fog"
2.5,96,6,1014.2,Fog
3.3,97,6,1013.8,Fog
4,95,11,1014,Fog
3.7,97,7,1014.8,Fog
4.3,95,4,1015.3,Fog
4.1,94,7,1016.1,Fog
3.8,96,7,1017.1,"Drizzle,Fog"
3.8,96,0,1017.7,"Drizzle,Fog"
3.7,97,0,1019.3,"Drizzle,Fog"
4,98,7,1019.3,"Drizzle,Fog"
3.8,97,0,1020.4,"Drizzle,Fog"
3.7,97,0,1020.7,"Drizzle,Fog"
3.8,98,4,1020.5,"Drizzle,Fog"
3,98,6,1020.5,Fog
2.7,99,4,1020.9,Fog
1.8,99,4,1021,Fog
0.3,99,0,1021.5,Fog
-0.1,99,0,1022,Freezing Fog
-0.1,98,4,1022.6,Freezing Fog
0.5,99,0,1023.4,Fog
1,99,0,1023.9,Fog
1.6,99,4,1023.8,Fog
2.6,100,0,1023.7,Fog
4.1,98,4,1023.4,Fog
5.7,97,4,1023.2,Fog
8.1,88,7,1021.8,Cloudy
9.2,71,7,1021.3,Cloudy
10.2,67,6,1020.7,Cloudy
10.5,65,7,1020.2,Cloudy
10.1,69,9,1019.7,Cloudy
10.1,73,7,1019.5,Cloudy
9.8,77,6,1019.3,Cloudy
9.3,76,0,1019.2,Cloudy
8.8,80,4,1018,Mostly Cloudy
7.7,82,0,1017.7,Mainly Clear
6.7,87,7,1017.8,Mainly Clear
3.8,93,4,1017.5,Mainly Clear
5.2,89,0,1017.4,Mostly Cloudy
4.3,91,6,1017.1,Mainly Clear
3.9,90,7,1016.6,Clear
3.2,94,6,1016.9,Clear
3.5,92,6,1017,Clear
3.6,93,7,1017.2,Clear
5.1,91,4,1017.8,Mainly Clear
8.8,81,11,1017.9,Mainly Clear
10.4,77,11,1018.1,Mainly Clear
11.9,70,13,1017.8,Mainly Clear
14.1,65,13,1017.1,Clear
17.3,57,11,1016.3,Clear
20,52,15,1015.5,Mainly Clear
21.7,49,13,1014.5,Mainly Clear
22.2,47,15,1013.9,Mainly Clear
22.7,47,11,1013.5,Mainly Clear
21.8,50,6,1013.2,Mostly Cloudy
18.4,58,9,1013.2,Mostly Cloudy
17.1,62,0,1013,Mainly Clear
12.8,76,7,1013.4,Clear
13.4,76,4,1013.7,Mainly Clear
12.6,78,7,1013.9,Mainly Clear
10.6,83,6,1013.7,Mainly Clear
9.8,86,6,1013.7,Mainly Clear
10.8,86,6,1013.9,Clear
10.6,87,4,1014.2,Clear
10.2,88,11,1014.2,Clear
11.2,86,6,1014.9,Clear
9.7,90,7,1015,Clear
11.3,88,4,1015.6,Mainly Clear
9.9,91,0,1015.9,Mostly Cloudy
11.9,88,7,1016.7,Mostly Cloudy
13.9,80,6,1017.1,Mainly Clear
15.6,74,6,1017.5,Mainly Clear
17.8,67,4,1017.5,Mainly Clear
19.8,61,4,1017.5,Mainly Clear
18.5,62,19,1017.2,Mainly Clear
17,63,15,1017.2,Mainly Clear
16.3,66,17,1017.1,Mainly Clear
16.6,64,11,1016.6,Mainly Clear
15.9,64,13,1016.6,Mainly Clear
13.9,67,19,1016.7,Mainly Clear
12.5,68,15,1017.1,Mainly Clear
10.6,70,13,1018,Mainly Clear
9.5,69,15,1018,Clear
8.8,66,17,1018.3,Clear
7.2,69,9,1018.6,Clear
7.1,65,11,1018.5,Clear
6.1,68,11,1018.5,Clear
5.7,69,11,1018.5,Clear
5.2,70,7,1018.6,Clear
5.2,68,4,1018.8,Clear
5,69,7,1019.2,Clear
3.2,76,4,1019.7,Clear
5.5,67,4,1020,Clear
8,60,6,1020.8,Clear
10.6,53,0,1020.9,Mainly Clear
12.6,50,4,1020.7,Mainly Clear
14.9,48,6,1020.2,Clear
16.5,52,9,1019.8,Clear
20,55,13,1019.3,Clear
21.5,54,11,1018.3,Clear
22.5,52,9,1017.8,Clear
23.3,49,7,1017.3,Clear
22,53,7,1017.2,Clear
19.7,60,4,1017.4,Clear
17.5,65,6,1017.9,Clear
18.1,66,4,1018.5,Clear
16,72,6,1018.9,Clear
14.2,77,4,1019,Clear
14.3,79,6,1019.1,Clear
14,82,9,1019,Clear
12.4,88,4,1019.2,Clear
11.8,91,6,1019.3,Clear
11.4,90,4,1019.3,Clear
10.6,90,0,1019.5,Clear
10,92,0,1020.2,Clear
9.5,94,4,1020.7,Fog
11.3,91,4,1021,Fog
13.8,86,9,1021.5,Clear
15.9,77,7,1021.7,Clear
18.2,69,13,1020.9,Clear
20.2,60,15,1020.1,Clear
22.3,54,15,1019.4,Clear
23.8,48,17,1018.5,Clear
24.7,45,13,1017.7,Clear
25.4,43,17,1017.2,Clear
25.5,40,17,1016.9,Clear
25.2,40,13,1016.8,Clear
20.7,49,9,1016.7,Clear
17.2,59,6,1016.7,Clear
18.4,54,7,1017,Clear
16.4,65,13,1016.8,Clear
18,62,7,1016.6,Clear
16.5,63,7,1016.6,Clear
17,60,13,1016.3,Clear
15.5,64,11,1016.2,Clear
15,66,7,1015.9,Clear
11,78,9,1015.6,Clear
13.2,73,6,1015.4,Clear
12.8,75,13,1015.9,Clear
13.7,73,15,1015.7,Mostly Cloudy
14.2,73,22,1015.5,Mainly Clear
15.4,70,15,1015.5,Mainly Clear
17.3,64,22,1015.3,Mainly Clear
19.6,59,17,1015.7,Mainly Clear
20.4,58,15,1015.2,Mainly Clear
23,50,20,1015,Mostly Cloudy
23.3,49,19,1014.3,Mostly Cloudy
22.8,53,17,1014,Cloudy
21.4,58,6,1013.8,Cloudy
22.2,53,13,1013.3,Mostly Cloudy
20,61,11,1013.9,Mostly Cloudy
18.2,65,19,1014.8,Rain Showers
16.7,62,13,1015.2,Rain Showers
15.1,65,11,1015.8,Mainly Clear
12.1,73,7,1015.9,Mainly Clear
11,75,7,1016.1,Mainly Clear
11.3,76,6,1016.2,Clear
10.4,80,7,1016.7,Mainly Clear
10.3,83,0,1017,Mainly Clear
8.9,85,9,1017.1,Mainly Clear
8.8,85,9,1017.2,Mainly Clear
9.2,82,7,1017.6,Clear
8,82,9,1018.5,Clear
6.6,77,7,1019,Clear
8.4,69,0,1019.3,Clear
11.3,52,0,1019.3,Clear
12.8,49,4,1019.4,Clear
14.5,37,17,1019.3,Clear
14.9,29,15,1018.7,Clear
16.2,28,11,1018.1,Mainly Clear
16.8,27,7,1017.1,Mostly Cloudy
16.6,19,15,1016.6,Mostly Cloudy
16.4,20,15,1016.3,Mostly Cloudy
15.5,18,22,1016,Cloudy
14.7,25,13,1016.2,Cloudy
13.4,26,13,1016.4,Cloudy
11.8,29,11,1016.8,Mostly Cloudy
10.9,30,6,1017.2,Cloudy
10.8,26,15,1017,Mostly Cloudy
10.6,24,19,1017.3,Cloudy
9.9,26,19,1017.8,Mostly Cloudy
8.4,28,22,1018,Mostly Cloudy
7.3,29,20,1018.5,Mainly Clear
6.2,29,19,1018.6,Mostly Cloudy
5.3,34,22,1018.6,Mostly Cloudy
4.4,37,13,1018.8,Cloudy
3.6,41,19,1018.9,Cloudy
3.2,41,19,1019.3,Cloudy
3.1,40,15,1019.7,Cloudy
2.7,40,19,1019.8,Cloudy
3,34,22,1019.4,Cloudy
3.7,37,22,1018.9,Cloudy
3.7,33,22,1018.6,Cloudy
4.8,33,19,1018,Cloudy
4.7,31,19,1017.4,Cloudy
6.1,34,9,1016.8,Cloudy
5.8,32,4,1016.1,Cloudy
6.1,32,7,1015.3,Cloudy
6.1,30,13,1014.7,Cloudy
6.1,31,13,1014.6,Cloudy
6.2,34,13,1013.8,Cloudy
6.3,37,9,1013.5,Cloudy
6.6,34,9,1012.8,Cloudy
6.6,35,11,1012.2,Cloudy
6.5,37,7,1011.5,Rain Showers
5.8,43,20,1010.5,Rain
5.9,41,13,1010.3,Cloudy
5.9,45,9,1009.1,Rain Showers
5.8,49,7,1008.4,Cloudy
5.3,50,19,1007.9,Cloudy
4.5,59,11,1007.3,Cloudy
3.8,71,15,1007.6,Rain Showers
2.5,89,17,1007.6,Rain
3,90,6,1007.4,Rain
3.1,92,0,1007.1,"Rain,Fog"
3.9,92,0,1006.6,Cloudy
5.2,89,6,1005.8,Cloudy
5.9,86,6,1005.4,Cloudy
6.6,83,6,1004.7,Cloudy
7.5,79,11,1003.9,Cloudy
7.6,81,9,1002.9,Mostly Cloudy
8.4,78,9,1002.7,Cloudy
9.2,77,7,1002.6,Cloudy
8.9,80,7,1002.8,Mostly Cloudy
8.7,79,4,1002.5,Mainly Clear
7.3,85,7,1002.2,Mostly Cloudy
8.2,84,13,1002.1,Mainly Clear
7.5,87,11,1001.7,Mainly Clear
6.4,89,11,1001.2,Mostly Cloudy
7.3,78,24,1001.9,Rain Showers
4.6,63,33,1002.9,Rain Showers
2.6,63,26,1004,Cloudy
0.8,48,26,1006,Mostly Cloudy
-1.1,49,22,1007.4,Clear
-1.9,50,20,1008.6,Clear
-3.8,47,32,1010.3,Clear
-3.8,46,26,1011.9,Mainly Clear
-4,51,26,1012.7,Mostly Cloudy
-3,46,22,1013.3,Mainly Clear
-2.1,43,26,1013.2,Mainly Clear
-0.6,44,28,1013,Mainly Clear
0.2,41,30,1012.8,Mainly Clear
0.6,36,28,1012.6,Mainly Clear
1.3,33,28,1012.4,Mainly Clear
1.4,29,30,1012.6,Mainly Clear
1.3,27,30,1012.9,Clear
1.2,26,32,1013.4,Clear
0.1,26,24,1014.3,Clear
-0.7,26,28,1015.6,Clear
-1.4,25,28,1016.8,Clear
-2.3,28,24,1017.9,Clear
-2.9,31,28,1018.4,Clear
-3.6,33,26,1019,Clear
-4.3,35,22,1019.4,Clear
-5,36,19,1019.6,Clear
-5.4,40,17,1020.2,Clear
-6,41,17,1020.6,Clear
-6.5,42,13,1021.4,Clear
-7.4,49,11,1022.4,Clear
-7.5,49,9,1023.1,Clear
-6.1,39,9,1023.9,Clear
-5.1,34,13,1024.1,Clear
-4.3,27,9,1024.4,Clear
-2.5,21,0,1024.8,Clear
-1.6,22,6,1024.3,Clear
0.2,27,9,1023.1,Clear
1,27,6,1022,Mainly Clear
1.7,21,13,1020.6,Mainly Clear
2.1,24,15,1019.8,Mainly Clear
2.7,30,17,1019.3,Mostly Cloudy
2.7,32,19,1018.8,Mostly Cloudy
2.6,33,15,1017.9,Mostly Cloudy
2.8,33,11,1017.4,Mostly Cloudy
2.6,35,13,1016.8,Cloudy
2.1,38,9,1016.7,Cloudy
1,43,20,1014.7,Cloudy
1,41,13,1014.4,Cloudy
1,41,6,1015.8,Snow
-1.1,78,11,1013.9,Snow
-1,75,13,1012.8,Snow
-1.6,83,20,1010.8,Snow
-1.5,84,20,1008.8,Snow
-1,81,19,1006.8,Cloudy
-0.3,79,20,1005.1,Snow
0.5,79,22,1004,Snow
0.8,76,19,1002.5,"Snow,Ice Pellets"
2.1,67,15,1000.8,Cloudy
2.3,66,11,999.4,Cloudy
2.8,70,13,997.4,Cloudy
3.8,60,7,996.4,Cloudy
4.3,59,9,995.1,Cloudy
4.4,67,13,994.5,Rain
2.5,87,19,994.2,Rain
2.2,90,20,994.8,Rain
1.5,91,19,995.3,Drizzle
1.3,90,13,996.3,Drizzle
1.3,90,11,997.4,Cloudy
1.2,90,13,998.6,Fog
1,90,15,999.2,Fog
1,88,13,999.5,Fog
0.8,88,17,999.9,Cloudy
0.6,88,15,1000.5,Cloudy
0.5,86,11,1001.2,Cloudy
0.4,85,17,1001.5,Cloudy
0.5,84,11,1001.9,Cloudy
0.6,82,11,1002.7,Cloudy
0.6,82,9,1003.5,Snow
0.7,83,6,1004.4,Snow
0.8,84,7,1005.2,Snow
1.5,83,6,1005.9,Snow
2.5,77,9,1006.4,Snow
3.2,67,13,1007,Cloudy
3.6,66,9,1007.1,Cloudy
3.9,64,6,1007.1,Cloudy
4.2,62,13,1007.2,Cloudy
4,61,15,1007.6,Cloudy
4.1,58,19,1008.1,Cloudy
3.9,62,13,1008.7,Cloudy
3.5,57,24,1009.2,Cloudy
3.4,52,20,1009.7,Mostly Cloudy
2.9,54,19,1010.1,Cloudy
2.2,60,19,1010.7,Cloudy
1.9,55,24,1011.1,Mostly Cloudy
1.4,52,17,1011.4,Mostly Cloudy
0.8,51,24,1011.7,Mostly Cloudy
0.1,50,19,1011.8,Mostly Cloudy
-1,51,20,1012.1,Mainly Clear
-2.2,56,15,1012.2,Clear
-3.5,54,19,1012.5,Mainly Clear
-4.3,60,4,1013.3,Mainly Clear
-5.1,66,11,1013.2,Clear
-4.8,63,13,1013.9,Clear
-4.3,60,15,1015.2,Clear
-3,57,11,1015.6,Clear
-2,54,13,1016.3,Clear
-0.8,52,9,1016.2,Clear
0.9,45,4,1015.7,Mostly Cloudy
1.6,49,17,1015.2,Mainly Clear
3.1,40,6,1013.8,Mainly Clear
4.4,38,17,1013,Mainly Clear
4.8,36,17,1012.6,Mostly Cloudy
4.8,35,15,1012.6,Mostly Cloudy
4.4,38,15,1012.4,Mostly Cloudy
3.9,42,11,1012.6,Mostly Cloudy
3.1,49,7,1012.9,Mostly Cloudy
3,43,7,1013,Mostly Cloudy
1.7,45,4,1013.2,Cloudy
0.4,53,0,1013,Mostly Cloudy
1.4,51,6,1013.4,Mainly Clear
1.5,47,13,1013.3,Mostly Cloudy
1.3,44,13,1013.1,Mostly Cloudy
1.3,44,11,1012.9,Cloudy
0.7,49,13,1013,Cloudy
-0.9,56,13,1013.2,Cloudy
-0.6,52,13,1013,Cloudy
-0.5,52,15,1013.2,Cloudy
-0.3,51,19,1013.2,Cloudy
0.7,50,17,1013.3,Cloudy
1.5,50,17,1013.4,Mostly Cloudy
2.9,44,15,1013,Mainly Clear
4.6,35,7,1012.4,Clear
6.4,37,11,1011.6,Clear
6.5,30,9,1010.8,Clear
7.7,31,4,1010.1,Mainly Clear
7.7,30,6,1009.4,Mainly Clear
8.4,31,4,1008.9,Mainly Clear
7.9,31,6,1008.8,Mainly Clear
7,33,7,1008.7,Mainly Clear
5.9,36,4,1008.8,Clear
4.4,43,9,1008.5,Clear
2.6,52,7,1008.6,Clear
2.7,50,0,1008.2,Clear
1.5,54,0,1007.9,Clear
0.4,59,0,1007.5,Clear
-1.5,65,4,1007.7,Clear
0.1,59,0,1007,Clear
-1,68,0,1006.7,Clear
-1,73,0,1006.6,Mainly Clear
-0.4,74,4,1006.5,Mostly Cloudy
0.5,76,6,1006.2,Cloudy
1.2,70,6,1006,Cloudy
3.2,57,11,1005.3,Cloudy
3.7,58,9,1004.9,Cloudy
4.1,61,7,1004.6,Cloudy
4.8,70,4,1004.3,Rain Showers
5.8,67,0,1003.5,Rain
5.9,66,7,1002.4,Rain
4.7,77,9,1002,Rain
3.8,85,19,1001.4,Rain
3,85,17,1001,Rain
2.8,85,22,1001.2,Rain
2.5,85,11,1001.1,Rain
2.6,84,0,1001.4,Rain
2.6,84,11,1001.8,Rain
2.6,87,13,1002.1,Rain
2.5,88,13,1002.2,Cloudy
2,88,7,1002.1,Cloudy
0.4,89,11,1002.2,Mainly Clear
-0.1,91,7,1002.7,Fog
-0.4,90,0,1003.1,Clear
-1.4,90,0,1003.3,Fog
-1.2,93,4,1003.8,Fog
-1.7,94,6,1004.7,Clear
-1.8,88,6,1005.6,Clear
0.2,84,6,1006.5,Clear
2.1,62,13,1006.9,Clear
3.4,45,22,1007.2,Clear
4.5,38,28,1007.3,Clear
4.6,40,24,1007.2,Clear
6.2,36,17,1006.5,Clear
6.7,36,24,1006.4,Clear
7.3,32,26,1006.2,Clear
7.9,27,19,1006,Clear
7.9,23,28,1005.9,Clear
8,22,30,1006.1,Mainly Clear
6.9,22,19,1006.5,Clear
4.9,27,13,1006.9,Clear
3.5,28,13,1007.5,Clear
3.1,30,11,1007.8,Clear
0.6,36,9,1008.4,Clear
1,35,13,1008.3,Clear
-0.3,41,6,1008.4,Clear
-1.1,45,9,1008.6,Clear
-0.9,39,6,1008.4,Clear
-3,50,9,1008.7,Clear
-2.1,47,13,1009.2,Clear
-2.6,47,6,1009.9,Clear
-2,45,6,1010.3,Clear
0.3,41,11,1010.9,Clear
1.7,36,19,1010.8,Clear
2.5,36,15,1010.7,Clear
4.3,34,17,1009.8,Clear
6.4,32,11,1009.1,Mainly Clear
7.1,32,11,1008.2,Mostly Cloudy
8.7,27,11,1007.6,Mostly Cloudy
10,25,13,1006.5,Mostly Cloudy
10.9,24,24,1005.4,Mainly Clear
10.8,24,30,1005.1,Mainly Clear
9.7,26,28,1005.2,Mostly Cloudy
8.9,26,20,1004.9,Mostly Cloudy
8.4,27,13,1005,Cloudy
7.8,29,9,1004.2,Mostly Cloudy
7.1,33,7,1003.6,Mostly Cloudy
6.9,32,11,1003.4,Cloudy
6.9,31,11,1002.9,Cloudy
6,35,9,1002.2,Mostly Cloudy
5.6,35,4,1002,Cloudy
6,36,9,1001.5,Mostly Cloudy
5.4,50,11,1000.5,Mostly Cloudy
5.2,53,7,1000.1,Mostly Cloudy
4.6,59,9,999.4,Mostly Cloudy
4.2,59,11,998.9,Mostly Cloudy
4.8,52,17,998.5,Mostly Cloudy
5.5,44,20,998.3,Mostly Cloudy
6.5,39,28,998.3,Mostly Cloudy
8.7,41,30,997.8,Mainly Clear
9.3,43,28,997.5,Mainly Clear
8.9,43,24,997.1,Mostly Cloudy
8.7,42,33,997.1,Cloudy
8.5,43,26,997.2,Cloudy
8,45,26,997.5,Cloudy
8.3,45,20,997.5,Cloudy
8.1,40,26,998.1,Mostly Cloudy
7.6,42,22,998.7,Mostly Cloudy
6.5,48,19,999.8,Mainly Clear
6,49,19,1000.7,Mostly Cloudy
4.9,51,19,1001.3,Mostly Cloudy
3.7,55,19,1002,Mostly Cloudy
3.6,55,19,1002.4,Mostly Cloudy
3.2,55,15,1003.4,Mostly Cloudy
2.3,55,17,1003.7,Mainly Clear
2.3,55,11,1004,Mostly Cloudy
1.9,62,13,1004.1,Mostly Cloudy
1.5,61,17,1004.7,Mostly Cloudy
1.5,54,17,1005.1,Mostly Cloudy
1.5,52,19,1006,Cloudy
2.3,51,19,1006.8,Mostly Cloudy
2.7,51,20,1007.2,Mostly Cloudy
3.9,48,22,1007.6,Mostly Cloudy
4.5,41,17,1007.6,Mostly Cloudy
4.8,42,26,1007.7,Mostly Cloudy
5.2,42,22,1007.4,Mostly Cloudy
6.6,42,22,1007.3,Mostly Cloudy
6.7,39,20,1007,Mainly Clear
7.6,38,19,1006.7,Mainly Clear
8.9,35,24,1006.5,Mainly Clear
7.7,35,24,1007,Mainly Clear
6.6,37,20,1007.5,Mostly Cloudy
5.6,38,26,1008.2,Mostly Cloudy
5.3,38,19,1008.7,Mostly Cloudy
4.9,40,19,1008.8,Mostly Cloudy
4.4,42,22,1008.9,Mostly Cloudy
3.5,43,19,1009.3,Mostly Cloudy
3,44,22,1009.7,Mostly Cloudy
2.8,43,17,1009.8,Mostly Cloudy
2.3,46,22,1010.4,Cloudy
1.5,48,19,1010.9,Cloudy
1.1,49,17,1011.3,Mostly Cloudy
-0.1,52,15,1011.7,Mostly Cloudy
-0.5,51,15,1012.3,Mainly Clear
0.4,50,15,1013,Clear
1.1,48,19,1013.4,Clear
2.1,46,17,1013.7,Clear
3.9,42,6,1013.5,Mainly Clear
5.7,37,19,1013.2,Clear
6.6,34,20,1012.4,Mainly Clear
7.6,33,15,1011.8,Clear
8.6,29,9,1011.3,Mainly Clear
9.3,28,19,1011,Mainly Clear
8.5,27,28,1010.8,Mostly Cloudy
7.7,25,32,1011.1,Mostly Cloudy
7.3,25,19,1011.6,Mostly Cloudy
7.3,24,13,1012.1,Mostly Cloudy
6.7,28,11,1012.4,Mostly Cloudy
6.7,28,9,1012.4,Cloudy
6.8,27,11,1012.6,Cloudy
6.1,31,11,1012.7,Cloudy
5.6,32,11,1012.8,Cloudy
5.5,30,17,1012.9,Mostly Cloudy
3.1,37,7,1013,Mostly Cloudy
2.4,39,11,1013.2,Mainly Clear
2.5,39,11,1013.5,Mostly Cloudy
0.2,45,7,1013.9,Mainly Clear
1.5,44,9,1014.6,Mostly Cloudy
2.4,39,11,1015,Mainly Clear
4.5,36,11,1015.1,Mostly Cloudy
4.5,35,11,1015.2,Mostly Cloudy
5.7,35,17,1015.4,Mostly Cloudy
6,33,13,1015.1,Mostly Cloudy
6.6,34,11,1014.7,Mostly Cloudy
6.8,34,9,1014.4,Mostly Cloudy
7.8,32,9,1013.9,Cloudy
8,35,7,1013.6,Mostly Cloudy
8.4,34,4,1013.4,Mostly Cloudy
8.4,35,9,1013.5,Mostly Cloudy
8,36,7,1013.5,Mostly Cloudy
8,39,13,1013.7,Mostly Cloudy
7.7,39,15,1014.3,Cloudy
7.5,40,17,1014.1,Mostly Cloudy
6.2,44,15,1013.6,Mostly Cloudy
5.9,45,11,1013.1,Mostly Cloudy
5.8,45,9,1012.4,Cloudy
4.8,50,7,1011.8,Cloudy
4.2,53,4,1011.1,Cloudy
3.7,58,4,1010.6,Cloudy
3.7,55,4,1010,Cloudy
4,54,7,1009.5,Cloudy
4.8,52,7,1009.1,Mostly Cloudy
5.7,49,11,1008.7,Mostly Cloudy
6.6,47,13,1008.1,Mostly Cloudy
7.4,45,19,1007.3,Mostly Cloudy
7.3,42,22,1006.1,Mostly Cloudy
9.4,40,15,1004.6,Mostly Cloudy
10.4,37,17,1002.5,Mostly Cloudy
11.7,33,20,1001.1,Mostly Cloudy
12.1,33,20,999.7,Mostly Cloudy
12.3,32,22,998.6,Mostly Cloudy
12.4,31,22,998,Cloudy
12.3,31,7,997.5,Mostly Cloudy
11.9,31,19,996.9,Mostly Cloudy
11.5,31,17,996.4,Mostly Cloudy
10.9,35,15,995.9,Mostly Cloudy
10.4,36,17,995,Mostly Cloudy
10.2,37,19,994.2,Mostly Cloudy
8.5,44,7,993.8,Cloudy
7.5,46,4,993.1,Mostly Cloudy
4.8,60,9,992.4,Cloudy
5.4,62,9,991.9,Cloudy
5.5,62,0,991.4,Cloudy
5.7,62,11,991.2,Cloudy
5.9,59,7,990.9,Cloudy
6.1,65,13,991,Rain
6.3,71,13,991.1,Rain
6.6,81,20,990.5,Rain
7.4,67,19,990.5,Rain
7,72,28,990.7,Rain
7.4,73,24,991,Rain
7.9,77,17,990.7,Rain
8.8,65,17,990.8,Rain
9,58,19,991.1,Rain
8.6,58,22,991.4,Cloudy
8.7,55,17,991.9,Cloudy
8.3,60,22,992.4,Cloudy
6.2,76,30,993.1,Rain Showers
6.4,72,28,993.4,Cloudy
5.7,74,19,994,Mostly Cloudy
5.8,73,22,994.3,Cloudy
5.4,75,19,994.2,Cloudy
5.3,73,20,994.2,Mostly Cloudy
5.1,79,19,994.3,Cloudy
4.9,83,20,994.1,Cloudy
4.6,82,19,994,Mostly Cloudy
4.3,83,17,993.7,Mostly Cloudy
4,84,13,993.9,Mostly Cloudy
4,84,9,993.9,Cloudy
4.3,83,9,994.5,Mostly Cloudy
5,78,9,994.8,Cloudy
5.3,76,17,995.1,Rain Showers
5.7,76,15,995.3,Mostly Cloudy
6.9,66,20,995.6,Mostly Cloudy
6.9,74,15,995.8,Rain Showers
8,59,19,995.8,Cloudy
8.8,58,22,996,Mostly Cloudy
7.6,70,33,996.3,Rain Showers
6.2,81,19,997.1,Rain Showers
6.7,77,20,997.7,Mostly Cloudy
6.8,73,19,998.3,Mostly Cloudy
6,78,24,999.1,Mostly Cloudy
5.8,78,19,1000.1,Mostly Cloudy
5.2,79,20,1001.2,Mostly Cloudy
5.1,82,22,1001.5,Mostly Cloudy
4.4,84,11,1001.6,Mostly Cloudy
4.7,85,15,1002.1,Mostly Cloudy
4.3,84,17,1002.4,Mostly Cloudy
4,85,9,1002.6,Mostly Cloudy
3.2,88,11,1002.6,Mostly Cloudy
3,89,0,1003,Mostly Cloudy
1.6,90,0,1003.4,Mainly Clear
0.7,90,6,1004,Mostly Cloudy
2.4,89,6,1005,Mostly Cloudy
3.2,87,4,1005.8,Cloudy
4.6,81,4,1006.5,Cloudy
6.1,72,0,1007.2,Cloudy
6.7,73,4,1007.6,Mostly Cloudy
6.7,72,11,1007.8,Cloudy
8.8,65,9,1007.6,Mainly Clear
11,53,4,1007.4,Mostly Cloudy
8.4,57,32,1007.9,Rain Showers
7.5,74,7,1007.9,Mostly Cloudy
9.5,57,20,1008.2,Mostly Cloudy
9.3,57,33,1009.1,Rain Showers
8.4,55,17,1009.2,Mainly Clear
6.4,62,11,1010,Mainly Clear
7.4,63,13,1010.7,Mostly Cloudy
6.9,66,7,1010.8,Mostly Cloudy
3.3,74,11,1010.9,Mostly Cloudy
6.6,61,13,1011.1,Mostly Cloudy
5.5,61,13,1011.4,Mainly Clear
5.8,56,15,1011.5,Mostly Cloudy
4.8,59,17,1011.8,Mainly Clear
4.3,60,13,1012.1,Mostly Cloudy
3.1,64,13,1012.4,Mainly Clear
3.8,62,15,1013,Mostly Cloudy
3.5,63,13,1013.6,Mainly Clear
4,63,6,1014.3,Mainly Clear
6.5,54,13,1014.6,Mostly Cloudy
7.7,51,13,1015,Mostly Cloudy
8.7,49,9,1015.1,Mostly Cloudy
9.8,46,9,1014.6,Mostly Cloudy
10.4,43,4,1014.2,Mostly Cloudy
10,46,15,1014,Mostly Cloudy
10.3,45,13,1013.8,Mostly Cloudy
11.3,41,15,1013.3,Mostly Cloudy
12.4,37,15,1013.2,Mostly Cloudy
11.4,41,11,1013.2,Mainly Clear
11.3,39,17,1013.3,Mainly Clear
9.9,44,11,1013.4,Mainly Clear
9.1,49,7,1013.8,Mainly Clear
6.6,59,0,1013.9,Mainly Clear
6.7,60,4,1014.4,Clear
5.9,56,11,1014.7,Clear
4.6,54,11,1014.9,Clear
4,51,11,1014.8,Clear
2,58,6,1015,Clear
1.5,61,9,1015.2,Clear
1.2,66,6,1015.6,Clear
1.3,67,6,1016,Clear
1.8,68,6,1016.7,Clear
4.1,64,7,1017.5,Mainly Clear
6.1,58,7,1017.7,Mainly Clear
8,54,13,1017.3,Mainly Clear
9.8,44,17,1016.9,Mainly Clear
12.2,40,19,1016,Mainly Clear
13.5,32,24,1015.2,Mainly Clear
14.7,23,24,1014.8,Mainly Clear
15,24,22,1013.6,Mainly Clear
15.9,24,32,1012.7,Mainly Clear
16.1,23,30,1012.2,Mostly Cloudy
15,26,28,1012.2,Cloudy
14.3,26,22,1012.4,Cloudy
13.6,24,19,1012.5,Mostly Cloudy
12.2,28,15,1013.1,Mostly Cloudy
11.7,30,19,1013.2,Mainly Clear
10.3,44,20,1013.6,Mainly Clear
9.1,48,20,1013.7,Mainly Clear
7.9,51,22,1013.5,Clear
7.5,52,11,1013.5,Clear
6.8,54,17,1013.4,Clear
5.4,63,19,1013.6,Mainly Clear
5.7,64,11,1013.5,Mainly Clear
6.2,64,17,1013.6,Mostly Cloudy
6.7,58,19,1014.2,Mostly Cloudy
7.5,54,20,1014.9,Mostly Cloudy
9.2,51,19,1014.6,Mostly Cloudy
10.8,46,20,1014.5,Mostly Cloudy
12.8,41,26,1013.8,Cloudy
13.8,37,24,1012.8,Cloudy
15.3,34,24,1012.1,Cloudy
14.8,34,26,1012,Cloudy
14.7,35,17,1010.8,Cloudy
15.6,28,20,1010.2,Cloudy
15.9,26,19,1009.8,Cloudy
15.4,28,24,1010,Mostly Cloudy
14.5,30,13,1009.5,Mostly Cloudy
11.9,42,7,1009.1,Mostly Cloudy
12.8,39,7,1009,Mostly Cloudy
12,44,7,1008.6,Mostly Cloudy
11,47,9,1008.2,Mostly Cloudy
11.6,46,9,1007.6,Mostly Cloudy
12.9,41,9,1007.7,Mostly Cloudy
13.1,42,13,1007.4,Mostly Cloudy
12.4,48,15,1007,Mostly Cloudy
11.3,54,15,1007,Clear
10.9,64,15,1007.2,Clear
9.9,69,6,1007.2,Clear
10.6,70,13,1007.4,Mainly Clear
11.7,69,9,1008.1,Cloudy
13.5,69,11,1008.4,Cloudy
14.1,71,26,1007.9,Cloudy
15.5,67,32,1007.2,Cloudy
17.3,61,28,1006.8,Mainly Clear
18.4,58,28,1006.5,Mainly Clear
19.8,54,32,1006.8,Mostly Cloudy
19.4,55,26,1006.8,Mostly Cloudy
18.1,62,24,1006.5,Mostly Cloudy
17.5,65,22,1006.9,Cloudy
17,68,20,1007.3,Cloudy
16.6,70,20,1007.7,Cloudy
16.3,73,17,1007.8,Cloudy
15.5,75,11,1008,Cloudy
14.6,76,6,1008.3,Mostly Cloudy
14.8,76,6,1008.2,Cloudy
14.9,78,13,1007.4,Cloudy
15.7,77,17,1007.7,Cloudy
14.6,89,9,1007,Rain Showers
14.9,90,4,1006.6,Rain Showers
14.4,90,9,1006.6,Cloudy
15.2,84,11,1006.6,Cloudy
15.3,82,13,1006.4,Cloudy
15.7,79,15,1006.1,Cloudy
17,76,17,1005.5,Cloudy
19.3,69,17,1005.2,Mostly Cloudy
22.2,58,15,1005.2,Mostly Cloudy
24.9,47,22,1004.4,Cloudy
24.1,47,22,1004.4,Cloudy
24.8,44,30,1003.9,Cloudy
25.4,44,22,1003.6,Cloudy
26.6,41,24,1002.6,Cloudy
27.4,37,28,1001.2,Mostly Cloudy
27.8,37,26,1000.6,Mostly Cloudy
27.3,37,26,1000.3,Mainly Clear
26.7,38,11,999.9,Mostly Cloudy
26.4,40,20,1001,Rain Showers
20.5,73,4,1002.2,Mostly Cloudy
19.3,80,13,1002.6,Mostly Cloudy
19.4,74,24,1002.5,Rain Showers
19.5,71,30,1003.1,Mostly Cloudy
19,62,28,1003.4,Mainly Clear
18.9,55,35,1004.2,Mainly Clear
17.4,43,30,1005.1,Mainly Clear
15.4,55,37,1006.1,Mainly Clear
14.5,57,37,1008,Mainly Clear
13.5,60,33,1009.9,Mostly Cloudy
11.9,52,37,1011.9,Mainly Clear
10.9,54,48,1013.2,Mainly Clear
10.2,51,43,1014.2,Mainly Clear
10.2,45,44,1015,Mainly Clear
10.9,43,41,1015.1,Mainly Clear
11.5,42,30,1015.7,Mostly Cloudy
12,41,37,1015.8,Mostly Cloudy
12.2,42,32,1016.1,Mainly Clear
12.6,41,35,1016.4,Mostly Cloudy
12.7,40,30,1016.3,Mainly Clear
11.6,41,32,1016.9,Mainly Clear
11.1,41,24,1017.2,Mostly Cloudy
9.5,42,24,1017.9,Mostly Cloudy
8.5,41,28,1018.9,Mostly Cloudy
7.4,41,19,1020.4,Mostly Cloudy
6.1,43,17,1021.2,Mostly Cloudy
5.4,46,11,1021.7,Mostly Cloudy
3.9,53,17,1021.7,Mostly Cloudy
2.9,56,13,1022,Clear
2.4,55,15,1021.8,Clear
0.9,58,15,1022.2,Clear
1.1,55,11,1022.5,Clear
0.4,58,9,1022.9,Clear
-1,64,11,1023.4,Clear
0.9,59,9,1024.1,Clear
2.5,53,13,1024.4,Clear
3.3,51,11,1024.3,Clear
4.5,47,9,1024.1,Clear
5.3,47,9,1023.6,Clear
6.9,48,6,1022.4,Clear
7.3,43,11,1021.3,Mainly Clear
8.6,43,15,1020.5,Mainly Clear
9.3,41,7,1019.7,Mainly Clear
10.4,38,11,1018.6,Mainly Clear
10.3,37,9,1018,Mainly Clear
10.2,36,13,1017.5,Mainly Clear
10,33,7,1017,Mainly Clear
8.4,42,9,1016.6,Mainly Clear
7.6,44,7,1016.2,Mainly Clear
7.9,42,4,1015.6,Mostly Cloudy
8.4,41,0,1015.3,Mostly Cloudy
6.8,51,6,1015,Mainly Clear
6.5,52,4,1014.4,Mainly Clear
5.5,55,6,1014.2,Clear
3.3,64,7,1013.3,Clear
4.4,57,4,1012.8,Mainly Clear
3.4,62,0,1012.7,Mainly Clear
3.4,63,4,1012.5,Mainly Clear
4.7,67,4,1012.8,Mostly Cloudy
7.1,59,4,1012.4,Mostly Cloudy
8.6,50,7,1011.8,Mostly Cloudy
11.8,43,7,1011.4,Mainly Clear
14,37,13,1010.5,Mainly Clear
15.8,35,19,1010.2,Mostly Cloudy
16.6,35,15,1009.5,Mostly Cloudy
18.4,33,20,1008.8,Mostly Cloudy
19.3,33,17,1007.8,Mostly Cloudy
20.2,34,28,1006.9,Mostly Cloudy
20.7,33,26,1006.5,Mostly Cloudy
20,36,24,1006.2,Mainly Clear
18.7,39,22,1006.3,Mainly Clear
18,40,15,1006.9,Mainly Clear
16.6,45,17,1007.3,Mainly Clear
16.1,46,11,1007.2,Clear
13.9,54,13,1007.3,Mainly Clear
12.6,58,9,1007.8,Mainly Clear
12.5,50,19,1008.8,Mainly Clear
10.9,53,19,1009.1,Clear
9.9,55,20,1009.4,Mainly Clear
9.1,59,15,1010,Mainly Clear
8.8,58,19,1010.2,Mainly Clear
8.7,52,22,1010.4,Mostly Cloudy
7.8,56,28,1011.1,Mostly Cloudy
6.9,63,22,1011.7,Rain Showers
6.1,72,26,1011.2,Cloudy
6.3,71,19,1011.3,Cloudy
6.6,70,24,1010.7,Rain
6.9,66,20,1010.6,Cloudy
7.2,68,26,1009.8,Rain Showers
7.5,68,24,1009.1,Rain Showers
9.6,64,24,1008,Cloudy
9.5,64,24,1007,Cloudy
8.4,68,33,1006.7,Cloudy
7.8,70,26,1005.9,Cloudy
7.4,73,28,1005.4,Cloudy
7,77,26,1005,Cloudy
6.9,79,24,1004.6,Cloudy
6.6,81,17,1003.5,Cloudy
6.5,81,17,1003.2,Cloudy
6.6,81,20,1002.7,Cloudy
6.3,83,19,1001.8,Cloudy
6.4,85,15,1001.3,Cloudy
5.7,86,19,1002.1,Cloudy
5.5,86,20,1002.1,Cloudy
5.7,85,13,1002,Cloudy
6,84,7,1003.2,Cloudy
6.2,82,15,1003.6,Cloudy
6.4,81,17,1003.8,Rain Showers
6.2,82,17,1004.2,Cloudy
5.5,86,19,1004.9,Rain Showers
5.5,86,17,1005.3,"Rain,Fog"
5.6,86,11,1005.9,Rain
5.5,86,15,1006.1,"Rain,Fog"
6.1,85,19,1006.5,Rain
6.1,86,19,1006.9,Rain
5.7,85,17,1007.3,Rain
5.3,82,19,1008,Rain
4.8,86,17,1008.4,Rain
3.8,86,24,1009.6,Rain
3.4,84,20,1009.6,Rain
2.6,86,24,1010.6,Rain
2.6,85,26,1010.6,Rain
1.9,86,19,1010.4,Rain
1.6,87,13,1010.8,Rain
1.5,86,24,1010.4,Rain
1.4,87,17,1010.6,"Rain,Snow"
0.6,89,13,1010.7,"Rain,Snow"
0.8,89,15,1010.5,"Rain,Snow"
1.2,90,11,1010.5,Rain
1.8,86,19,1010.6,Rain
1.9,85,19,1011,Cloudy
2.4,81,20,1011.7,Cloudy
2.8,75,20,1012.4,Cloudy
3.3,73,28,1012.7,Cloudy
4,74,22,1013,Cloudy
4.6,71,22,1012.4,Cloudy
5,68,24,1012.2,Cloudy
5.2,67,20,1013,Cloudy
5.9,65,22,1012.7,Cloudy
6,63,28,1012,Cloudy
6.4,64,22,1012,Cloudy
6.3,63,26,1011.7,Cloudy
6.5,63,24,1011.3,Cloudy
6.1,67,32,1011.6,Cloudy
5.3,66,32,1011.9,Cloudy
4.3,68,35,1010.7,Rain
2.8,75,32,1010.5,Rain
2,82,41,1008.9,Rain
1.9,82,46,1007.3,Rain
1.1,85,44,1005.9,"Rain,Snow"
1.1,85,44,1003.2,"Rain,Snow"
1.7,84,52,1001.1,"Rain,Snow"
2,82,44,998.2,Rain
1.9,86,46,997.4,Rain
2.1,84,52,996.6,Rain
2.3,82,48,995.2,Rain
2.8,84,48,994,Rain
3.1,84,44,992.9,Rain
3.7,83,46,992.3,Cloudy
4.1,84,48,991.5,Cloudy
4.6,83,46,990.9,Cloudy
5,83,41,990.6,Cloudy
5.3,80,44,989.7,Cloudy
5.7,79,43,989,Cloudy
5.6,80,39,988.1,Cloudy
5.9,81,35,988,Cloudy
5.9,80,43,986.6,Cloudy
5.4,86,39,986.1,"Rain,Fog"
5.7,86,41,985.4,Cloudy
5.6,86,37,985.1,Rain
5.5,88,19,985.8,Cloudy
5.6,89,9,986.4,Cloudy
5.7,90,13,986,Cloudy
6.7,90,7,985.6,Cloudy
6.1,89,6,985,Fog
7,90,15,985.3,Cloudy
7.5,80,19,985.1,Rain Showers
7.1,76,19,984.7,Cloudy
6.8,79,19,985.1,Rain Showers
5.5,84,13,986,Rain Showers
6.6,82,13,986.3,Rain Showers
7.7,64,17,986.4,Mostly Cloudy
7.2,66,19,987.2,Rain Showers
8.8,59,26,987.8,Mostly Cloudy
8.9,69,17,988.2,Mostly Cloudy
8,62,24,989,Rain Showers
8,59,28,990.1,Cloudy
8.4,64,19,990.8,Cloudy
8.1,55,32,991.9,Cloudy
8,59,28,992.6,Cloudy
7.7,60,20,993,Mostly Cloudy
7.1,61,19,993.7,Cloudy
6.9,61,28,994.5,Cloudy
6.6,62,20,995.4,Cloudy
6,61,24,995.6,Mostly Cloudy
5.4,64,19,996.1,Mostly Cloudy
4.9,68,19,996.7,Mostly Cloudy
5.5,64,19,997.1,Mostly Cloudy
4.5,71,13,997.4,Mostly Cloudy
4.4,71,15,997.7,Mostly Cloudy
4.8,70,15,998,Mostly Cloudy
4.5,73,13,998.4,Mostly Cloudy
5.2,70,20,999.3,Rain Showers
5.5,71,19,1000.1,Rain Showers
4.9,79,19,1000.8,Rain
5.1,86,15,1001.5,Rain
6.1,80,9,1002.2,Rain
7.8,70,17,1002.3,Mostly Cloudy
8,65,20,1002.6,Mostly Cloudy
8.7,55,20,1002.9,Mostly Cloudy
9.8,57,19,1003.1,Mostly Cloudy
7.7,60,15,1003.8,Rain Showers
8.8,48,17,1004.1,Mostly Cloudy
8.8,48,22,1004.5,Mostly Cloudy
8,50,22,1005,Mostly Cloudy
7.3,60,17,1005.6,Mostly Cloudy
7.3,59,17,1006.1,Mostly Cloudy
7,61,13,1006.7,Mostly Cloudy
6.2,65,9,1006.9,Mostly Cloudy
6,66,9,1006.9,Cloudy
5.8,71,7,1006.8,Mostly Cloudy
4.9,72,9,1006.7,Mainly Clear
3.7,74,7,1006.7,Mainly Clear
3.5,74,11,1006.6,Clear
2.7,74,7,1006.6,Clear
2.6,75,9,1006.9,Clear
3.2,76,4,1007.1,Clear
5.5,72,7,1007.2,Mostly Cloudy
6.2,68,7,1007.2,Cloudy
6.9,60,7,1006.5,Cloudy
8.8,55,11,1006,Mostly Cloudy
9.6,52,7,1004.9,Cloudy
9.8,52,13,1003.9,Cloudy
10.3,52,13,1002.4,Cloudy
11,45,17,1000.8,Cloudy
11.2,44,19,999.8,Cloudy
11.4,43,19,998.4,Cloudy
11,51,15,998,Rain
8.6,80,19,997.2,Rain
8.3,83,15,997,Rain
8.1,85,7,996.9,Rain
8,88,9,996.7,"Rain,Fog"
7.6,88,6,996.1,"Drizzle,Fog"
6.9,90,13,995.9,"Rain,Fog"
5.8,89,22,996.7,"Rain,Fog"
4.8,86,15,997.4,Rain
4.7,87,15,997.9,Rain
4.4,83,22,998.7,Mostly Cloudy
4.2,80,24,999.4,Mostly Cloudy
3.3,76,26,1000.3,Rain Showers
2.5,74,28,1001.6,Mostly Cloudy
1.8,71,32,1002.5,Snow
2.3,69,26,1003.3,Snow
2.7,65,32,1004,Snow
3.7,61,30,1004.8,Snow
3,61,30,1005.8,Cloudy
2.7,61,35,1006.5,Snow
2.7,57,37,1007.6,Cloudy
1.9,59,37,1008.6,Cloudy
2.5,57,30,1009.2,Cloudy
2.1,55,30,1009.7,Cloudy
1.7,55,33,1010.9,Cloudy
1,54,28,1011.8,Cloudy
0.7,53,22,1012.5,Cloudy
0.5,56,24,1013.6,Cloudy
0.2,58,19,1014.2,Cloudy
0.2,55,20,1014.7,Cloudy
0.3,55,17,1015,Cloudy
0.2,57,17,1015.2,Cloudy
-0.2,55,19,1015.1,Cloudy
-0.4,56,22,1015,Cloudy
-0.8,53,17,1015.4,Cloudy
-1.3,52,24,1016,Cloudy
-1.5,54,26,1016.7,Cloudy
-2.1,52,22,1017.4,Mainly Clear
-1.3,52,30,1017.5,Mainly Clear
-0.4,48,24,1017.8,Mainly Clear
0.6,46,32,1017.9,Mainly Clear
2,50,28,1017.3,Mainly Clear
3.9,36,24,1017.1,Mainly Clear
5,34,30,1016.8,Mainly Clear
5.4,29,32,1016.2,Mainly Clear
6.4,28,24,1015.7,Mainly Clear
7.2,27,35,1015,Mainly Clear
7.4,26,30,1014.6,Mainly Clear
7.7,25,28,1014.5,Mainly Clear
7.2,25,24,1014.3,Clear
6.1,27,19,1014.6,Clear
4.1,34,11,1015.1,Mainly Clear
2.3,41,11,1015.5,Clear
1.9,41,9,1015.6,Mostly Cloudy
0.8,47,6,1015.5,Mostly Cloudy
0.8,49,7,1015.2,Cloudy
1.3,47,11,1014.9,Mainly Clear
1.3,52,11,1014.9,Mainly Clear
0.8,53,13,1014.7,Mostly Cloudy
-0.1,57,9,1014.8,Mainly Clear
0.9,42,19,1015.2,Mostly Cloudy
1.2,38,20,1015.8,Mostly Cloudy
1.8,35,26,1016.4,Mostly Cloudy
2.6,34,19,1016.5,Mostly Cloudy
4.3,30,19,1016.4,Mainly Clear
5.5,28,26,1016.7,Clear
6.2,27,24,1016.2,Clear
7.4,27,24,1016.2,Clear
8.4,24,32,1016.4,Clear
8.7,22,22,1016.5,Clear
9,21,32,1016.3,Clear
9.2,21,28,1016.6,Mainly Clear
9,22,30,1017.2,Clear
8.1,23,28,1017.7,Clear
6.9,25,20,1018.2,Clear
6.3,27,15,1019.3,Mainly Clear
5.4,29,19,1020.1,Mainly Clear
5.1,31,15,1020.5,Clear
4.1,34,13,1020.9,Clear
3.3,36,9,1020.6,Clear
2.2,41,6,1021.2,Clear
3.2,36,0,1020.9,Clear
2.4,42,0,1020.9,Clear
0.7,48,4,1021.4,Clear
-0.7,63,4,1022.3,Mainly Clear
3,59,0,1023.3,Mainly Clear
6,38,0,1023.7,Mainly Clear
6.6,39,11,1024.1,Mostly Cloudy
7.2,37,7,1023.1,Mostly Cloudy
7.6,35,7,1023.1,Mostly Cloudy
9.3,35,0,1022,Mostly Cloudy
10.1,39,6,1021.5,Mostly Cloudy
12.4,31,11,1020.1,Mostly Cloudy
12.4,34,7,1019.3,Mostly Cloudy
12.5,31,15,1018.3,Mostly Cloudy
12.9,31,9,1017.9,Mostly Cloudy
12.7,30,9,1017.3,Cloudy
12.5,31,13,1016.8,Cloudy
12.2,33,11,1016,Cloudy
12.1,35,11,1015.3,Cloudy
12.2,33,13,1014.9,Cloudy
12,34,11,1014.7,Cloudy
11.1,40,6,1014.5,Cloudy
11.4,39,11,1013.2,Cloudy
10.8,44,19,1012.2,Rain Showers
9.7,57,7,1012.4,Rain Showers
8.8,68,15,1012,Rain Showers
8.4,72,17,1011.5,Rain
7.8,83,24,1011.3,Rain
7.8,87,24,1011.5,"Rain,Fog"
7.9,87,13,1011.5,Rain
8,87,17,1011.3,"Rain,Fog"
8.4,90,13,1010.9,Fog
9.2,86,6,1011.2,Cloudy
9.5,84,6,1011.3,Cloudy
10.9,82,7,1010.8,Cloudy
10.6,81,0,1011.2,Cloudy
11,81,0,1011.5,Cloudy
10.4,84,9,1011.6,Drizzle
9.9,87,9,1011.7,"Drizzle,Fog"
10,90,7,1012.1,"Rain,Fog"
9.7,90,7,1013,"Rain,Fog"
9.6,91,9,1013.5,"Drizzle,Fog"
9.3,92,6,1013.9,"Drizzle,Fog"
9.2,92,9,1013.8,"Drizzle,Fog"
9.1,92,6,1013.8,"Drizzle,Fog"
9.1,92,6,1014.1,"Drizzle,Fog"
9,93,6,1014.3,"Drizzle,Fog"
8.6,95,6,1014.4,Fog
8.8,93,4,1014.4,Fog
8.8,93,4,1014.9,Fog
8.6,93,9,1015.2,Fog
8.4,93,13,1015.7,Fog
8.6,93,11,1015.8,Fog
8.4,93,17,1017,"Drizzle,Fog"
8.4,92,15,1017.1,Fog
8.9,90,13,1016.8,Fog
9.5,89,13,1017.3,Fog
10.3,86,13,1017.2,Cloudy
11.2,81,13,1016.4,Cloudy
11.8,79,17,1015.7,Cloudy
13,74,11,1015.1,Mostly Cloudy
14,72,19,1014.2,Mostly Cloudy
14.9,68,19,1013.7,Mostly Cloudy
15.4,65,17,1013.1,Mostly Cloudy
15.4,66,15,1012.8,Cloudy
15.2,66,15,1012.9,Mostly Cloudy
14.2,71,11,1013.4,Mostly Cloudy
14.2,66,17,1012.7,Mostly Cloudy
13.5,68,19,1012.2,Rain Showers
11.9,81,19,1011.8,Rain Showers
11.6,83,17,1011.6,Cloudy
11.4,85,15,1011.7,Cloudy
11.4,83,17,1011.8,Cloudy
11.2,83,15,1012.1,Cloudy
11.1,83,17,1012.4,Cloudy
11,84,13,1012.9,Cloudy
11.4,82,13,1013.1,Cloudy
11.7,81,15,1013.6,Cloudy
12.4,79,15,1014.2,Cloudy
13.6,77,17,1014.2,Cloudy
14.2,75,13,1014.4,Cloudy
15.4,72,11,1014.1,Cloudy
15.7,70,15,1014,Cloudy
15.9,71,13,1013.8,Cloudy
16.2,70,11,1013.7,Cloudy
16.2,71,7,1012.7,Cloudy
16.5,72,13,1011.7,Cloudy
16.4,72,6,1012.2,Rain Showers
15.8,78,7,1012.1,Cloudy
15.7,76,6,1011.8,Cloudy
15.1,77,11,1011.3,Cloudy
14.2,80,13,1010.4,Mostly Cloudy
13.8,79,11,1010.1,Cloudy
13.8,80,11,1009.9,Rain
13.5,83,13,1008.5,Cloudy
13.3,85,17,1007,Cloudy
13.1,87,13,1007.5,"Drizzle,Fog"
13.2,88,11,1006.6,"Drizzle,Fog"
13.1,88,6,1007,"Drizzle,Fog"
13.2,88,6,1006.7,Fog
13.3,88,11,1006.9,"Drizzle,Fog"
13.6,88,7,1007,"Drizzle,Fog"
13.7,90,6,1007.2,"Drizzle,Fog"
13.5,90,11,1007.1,"Drizzle,Fog"
13.8,89,11,1007.1,"Drizzle,Fog"
14.6,86,7,1007.2,Cloudy
15.3,82,0,1007,Cloudy
16,80,9,1007.1,Cloudy
16,80,9,1007.3,Cloudy
16.9,78,9,1007.2,Cloudy
16.6,79,7,1007.7,Cloudy
17.1,76,7,1007.9,Cloudy
17.4,75,4,1007.9,Mostly Cloudy
15.9,83,9,1008.2,Rain Showers
15.4,88,9,1008.9,Mostly Cloudy
14,76,32,1009.9,Cloudy
11,68,30,1010.8,Mostly Cloudy
10.2,68,17,1011.7,Mostly Cloudy
8.4,74,4,1012.5,Mainly Clear
7.9,73,11,1013.2,Mainly Clear
7.7,72,11,1013.6,Mainly Clear
6.5,71,15,1014.2,Mainly Clear
5.7,68,11,1014.4,Mainly Clear
5.2,66,17,1014.9,Mainly Clear
5.9,63,15,1015.5,Mainly Clear
6.5,60,19,1016.2,Mainly Clear
7.6,60,17,1016.6,Mainly Clear
8.3,59,9,1017.4,Mainly Clear
9.4,57,11,1017.8,Mainly Clear
10.8,50,13,1017.3,Mainly Clear
11.8,45,11,1016.9,Mainly Clear
12.8,39,13,1016.3,Mostly Cloudy
14.4,35,7,1015.9,Mainly Clear
15.4,32,6,1015.5,Mainly Clear
16,28,17,1015.1,Clear
15.9,30,9,1015.3,Clear
15.7,28,11,1015.2,Mainly Clear
14.7,29,0,1015.4,Mainly Clear
12.8,36,4,1016.2,Mainly Clear
12.6,34,6,1016.5,Mostly Cloudy
13.1,30,9,1016.5,Cloudy
12.7,29,13,1016.4,Cloudy
12.1,31,9,1016.7,Mostly Cloudy
10.9,35,15,1016.1,Mainly Clear
7.8,46,13,1016.3,Mainly Clear
7,53,17,1016.7,Mainly Clear
6.6,48,17,1016.7,Mainly Clear
6.2,50,20,1017.1,Mostly Cloudy
7.3,48,22,1017.2,Cloudy
8.2,47,22,1017.8,Cloudy
9.8,47,17,1018.1,Mostly Cloudy
11,44,20,1018.6,Mainly Clear
12.3,39,15,1018.4,Mainly Clear
13.8,29,15,1017.7,Mainly Clear
14.7,30,6,1017.4,Mainly Clear
15,33,7,1016.6,Mainly Clear
15.7,29,9,1016.1,Mainly Clear
16.6,26,6,1016.1,Mainly Clear
16.6,27,7,1016,Mainly Clear
16.6,29,11,1015.7,Mainly Clear
16.1,27,11,1015.6,Mainly Clear
14.4,33,9,1015.6,Mostly Cloudy
13.1,37,9,1015.8,Mainly Clear
12.3,40,6,1015.7,Mainly Clear
11.7,40,0,1015.8,Mainly Clear
11.1,40,0,1015.7,Clear
9.9,45,0,1015.7,Clear
6.9,63,0,1015.5,Clear
5.2,65,4,1015.6,Clear
4.6,70,4,1015.5,Clear
5.1,73,0,1016.1,Clear
5.7,69,4,1016,Clear
8.2,71,6,1016.3,Clear
12.3,45,4,1016.4,Clear
14,41,7,1016.7,Clear
16,27,7,1016.8,Clear
17.1,20,13,1016.7,Clear
17.8,24,7,1015.9,Mainly Clear
18.9,21,13,1014.8,Mainly Clear
19.7,22,13,1014.3,Mainly Clear
20.1,20,19,1013.6,Mainly Clear
20.6,21,7,1012.5,Mostly Cloudy
20.9,21,11,1011.4,Mostly Cloudy
21,20,13,1010.7,Mostly Cloudy
20.7,18,13,1010,Mostly Cloudy
19.9,20,11,1009.3,Mostly Cloudy
19.2,21,13,1009,Mostly Cloudy
18.7,21,15,1008.7,Clear
18.1,23,17,1008.4,Mainly Clear
17.6,26,15,1007.7,Mostly Cloudy
16.1,34,11,1007.7,Mostly Cloudy
16,47,15,1007.4,Rain Showers
14.8,53,4,1007.1,Cloudy
15.2,56,6,1006.4,Rain
14.2,78,17,1006,Rain
13.7,80,19,1005.3,Cloudy
12.6,86,22,1005.1,Rain
12.2,87,24,1004.8,Rain
11.6,87,26,1004.5,Rain
11.1,87,32,1004.1,Rain
10.9,87,26,1003.9,"Rain,Fog"
11,89,20,1003.7,"Rain,Fog"
11.1,89,19,1003.7,"Rain,Fog"
11.5,88,17,1003.5,"Rain,Fog"
11.7,89,19,1003.2,"Rain,Fog"
12,88,17,1003,Rain
12.2,88,15,1002.8,Rain
12.2,88,9,1002.9,Rain
12.1,89,11,1002.9,"Rain,Fog"
12.3,89,6,1003,Fog
12.1,90,9,1003.3,"Drizzle,Fog"
12.2,90,6,1003.1,Fog
12.3,90,6,1003,Fog
12.4,91,4,1002.6,"Drizzle,Fog"
12.5,91,0,1002.7,"Rain,Fog"
12.6,91,0,1002,"Rain,Fog"
12.8,91,6,1001.4,"Drizzle,Fog"
12.9,91,6,1001.3,"Drizzle,Fog"
13,91,6,1000.8,"Drizzle,Fog"
13.5,91,9,1000.7,"Drizzle,Fog"
13.7,91,13,1000.8,"Drizzle,Fog"
14.3,89,15,1001.2,Fog
14.3,88,17,1001.2,Fog
14,89,9,1001,"Drizzle,Fog"
14.9,84,17,1000.7,Cloudy
16.1,83,9,1000.3,Cloudy
16.1,75,19,1000.2,Cloudy
17.4,71,15,999.6,Mostly Cloudy
17.9,65,15,998.8,Mostly Cloudy
19,61,13,997.8,Mostly Cloudy
19.2,57,13,997.2,Cloudy
18.9,57,7,996.7,Cloudy
16.8,67,20,996.8,Cloudy
16.3,70,11,996.8,Mostly Cloudy
15.9,73,7,996.8,Mostly Cloudy
15.4,68,11,996.7,Mostly Cloudy
14.3,72,13,996.7,Mainly Clear
11.9,79,4,996.5,Mainly Clear
12.2,78,15,996.6,Mostly Cloudy
11.6,82,6,996.2,Mostly Cloudy
11,85,7,995.9,Cloudy
11.4,85,6,995.5,Cloudy
11.4,85,11,995,Cloudy
10.9,83,17,994.7,Cloudy
10.2,82,22,995,Cloudy
8.9,83,20,995.1,Cloudy
9,79,20,995.1,Cloudy
9,76,26,995.1,Cloudy
9.3,76,28,995.2,Cloudy
10.5,72,28,994.8,Cloudy
10,73,30,994.8,Cloudy
10.4,74,26,994.6,Cloudy
10.1,75,30,994.8,Cloudy
10.5,70,28,995.1,Cloudy
10.2,75,19,995.5,Rain Showers
10.2,71,26,996,Cloudy
9.8,77,19,996.8,Rain Showers
9.5,80,15,997.3,Rain Showers
9.4,77,20,997.9,Rain Showers
9.2,75,20,998.8,Rain
9.2,70,24,999.2,Mostly Cloudy
9,66,17,1000,Mostly Cloudy
8.7,66,15,1000.7,Rain Showers
8.4,69,22,1001.4,Rain Showers
7.3,77,17,1002.2,Rain
7.3,71,19,1003,Cloudy
7.3,70,7,1003.9,Rain
7.5,71,7,1004.2,Cloudy
8.7,67,17,1004.9,Cloudy
9.5,61,19,1005.4,Mostly Cloudy
11.3,57,19,1006,Mostly Cloudy
11.7,50,19,1006.3,Mainly Clear
13.1,45,22,1006.4,Mainly Clear
14.6,34,24,1006.5,Mainly Clear
15.3,32,22,1006.7,Mainly Clear
16.4,30,20,1007,Mainly Clear
17.6,28,32,1007.2,Mainly Clear
17.1,27,26,1007.6,Mainly Clear
17.8,26,26,1007.8,Mainly Clear
17.6,26,22,1008.2,Mainly Clear
16.8,26,22,1008.7,Clear
15.1,29,13,1009.5,Clear
12.1,37,11,1010.4,Clear
10.2,42,9,1011,Clear
7.7,53,9,1011.5,Clear
7.8,54,9,1011.9,Clear
7.1,58,9,1011.9,Clear
9.8,47,7,1012.2,Clear
8.5,51,0,1012.3,Clear
7,59,4,1012.8,Clear
7.9,53,11,1013.5,Clear
7.3,54,6,1013.7,Clear
9.4,50,7,1014.2,Clear
11.1,55,11,1014.5,Clear
12.9,49,11,1014.6,Clear
14.6,51,13,1014.3,Clear
16.7,45,15,1014.1,Clear
18.6,38,20,1013.6,Mostly Cloudy
20.4,36,22,1013,Cloudy
22,34,24,1012.5,Mostly Cloudy
22.4,36,28,1012.3,Cloudy
23.9,34,26,1012.2,Mostly Cloudy
23.6,36,22,1011.9,Mostly Cloudy
22.8,37,20,1012.1,Cloudy
22.8,33,17,1012.6,Cloudy
22,36,20,1012.7,Cloudy
20.7,42,0,1013.4,Cloudy
19.3,47,11,1013.7,Rain Showers
18.4,54,6,1013.4,Rain
16.6,63,6,1013.2,Cloudy
16.5,65,7,1013.4,Cloudy
16,68,7,1013.1,Cloudy
15.9,70,6,1013.2,Rain Showers
15.4,75,6,1013.9,Cloudy
15.1,76,11,1015,Rain Showers
14.1,84,6,1015.1,Rain
14.1,86,11,1015.8,Rain
14.2,87,13,1016.3,Rain
14.5,87,11,1016,Cloudy
15.7,81,13,1016.3,Cloudy
17,74,9,1016.3,Cloudy
17.2,68,17,1016.3,Cloudy
18.1,62,13,1016.1,Cloudy
19.5,51,11,1015.9,Cloudy
19.6,43,20,1015.6,Mostly Cloudy
20,39,11,1015.3,Mostly Cloudy
20.9,33,11,1015,Mostly Cloudy
20.4,34,15,1014.8,Mainly Clear
19.7,38,17,1014.7,Clear
18.8,42,13,1014.9,Mainly Clear
16.8,48,11,1015,Mainly Clear
13.4,63,7,1015.4,Clear
12.7,65,7,1015.4,Clear
13.3,64,0,1015.4,Clear
11.8,71,6,1015.3,Clear
12.8,68,6,1015.1,Clear
12,71,4,1015,Clear
12,71,0,1015,Clear
8.2,82,4,1015.1,Mainly Clear
8.3,84,0,1015.4,Mainly Clear
12,79,0,1015.6,Mostly Cloudy
15.6,67,0,1015.8,Mostly Cloudy
17.1,61,6,1015.9,Mainly Clear
19.2,50,6,1015.4,Mostly Cloudy
20.1,45,11,1015,Mostly Cloudy
21.2,42,13,1014.4,Mostly Cloudy
21.9,41,17,1013.6,Mainly Clear
22,39,17,1013.2,Mainly Clear
23.2,39,0,1012.4,Mainly Clear
23.2,41,9,1011.7,Mainly Clear
23.4,43,9,1011.3,Mainly Clear
23.5,46,6,1011.1,Mostly Cloudy
22.9,51,9,1011,Mostly Cloudy
21.5,56,15,1011.1,Cloudy
19.8,63,17,1011.5,Mostly Cloudy
18.3,69,15,1011.8,Mainly Clear
17.5,73,6,1012,Mostly Cloudy
17.5,75,7,1012.2,Mostly Cloudy
16,78,11,1012.3,Mainly Clear
16.6,75,6,1012.3,Mainly Clear
15.8,82,9,1012.1,Mostly Cloudy
15.9,83,11,1011.9,Mostly Cloudy
16,83,11,1011.9,Mostly Cloudy
15.9,82,11,1012.1,Cloudy
16.3,80,9,1012.3,Cloudy
16.4,85,7,1012.4,Cloudy
17.3,80,11,1012.3,Cloudy
18.7,77,9,1012,Cloudy
20.7,70,7,1011.7,Mostly Cloudy
20.3,68,11,1011.2,Cloudy
20.7,70,13,1010.6,Mostly Cloudy
20.1,71,20,1010.2,Cloudy
19.2,74,19,1009.8,Cloudy
17.8,85,9,1009.5,Rain Showers
18.2,84,15,1009,Cloudy
18.2,83,17,1008.5,Mostly Cloudy
17.9,84,19,1008.3,Mostly Cloudy
17.4,86,17,1008.1,Mostly Cloudy
17,85,17,1007.9,Mostly Cloudy
16.6,85,15,1007.7,Mostly Cloudy
15.9,86,11,1007.5,Clear
15.4,87,11,1007.4,Clear
14.6,88,4,1007.1,Clear
13.9,88,6,1006.6,Clear
13.9,88,6,1006,Clear
13.3,88,0,1005.8,Clear
12.9,88,6,1005.9,Mainly Clear
13,88,0,1005.6,Mostly Cloudy
13.8,89,11,1005.6,Mostly Cloudy
15,87,9,1005.7,Mostly Cloudy
17.5,79,9,1005.4,Mostly Cloudy
20.1,69,13,1004.5,Mainly Clear
21.9,61,15,1003.5,Mainly Clear
22,57,20,1003.5,Mostly Cloudy
22.9,52,11,1002.3,Mostly Cloudy
23.4,50,15,1002.1,Mostly Cloudy
17.9,74,19,1002.2,Cloudy
19.3,56,32,1002.9,Mostly Cloudy
18.7,58,33,1002.7,Mostly Cloudy
17.6,64,22,1003.2,Mostly Cloudy
18.2,63,26,1003.5,Mainly Clear
17.6,64,22,1003.4,Mainly Clear
17.1,63,17,1003.7,Mainly Clear
14.2,61,17,1005.3,Mostly Cloudy
13.3,60,20,1006.6,Mostly Cloudy
11.5,57,22,1008.2,Mostly Cloudy
10,61,24,1009.3,Mostly Cloudy
9.8,59,24,1010.5,Mostly Cloudy
8.3,63,15,1010.7,Clear
7.3,67,15,1011.6,Clear
6.6,69,9,1012.4,Clear
6,70,11,1013.2,Clear
8.5,63,9,1014,Clear
10.2,56,15,1014.5,Mostly Cloudy
10.7,56,15,1015,Mostly Cloudy
11.3,53,22,1014.8,Mainly Clear
12.2,50,26,1014.6,Mostly Cloudy
13.9,46,22,1014.9,Mainly Clear
14.3,43,17,1014.9,Mostly Cloudy
15.4,36,26,1014.6,Mainly Clear
15.3,38,20,1014.8,Mainly Clear
15.8,35,24,1014.6,Mainly Clear
15.8,34,30,1014.6,Mainly Clear
15.7,36,24,1014.8,Mainly Clear
15.1,37,20,1015,Clear
14.1,39,13,1015.4,Clear
13.8,40,7,1015.8,Mainly Clear
12.4,47,6,1016.4,Clear
10.1,58,0,1016.4,Clear
9.9,66,7,1017,Clear
10.4,58,13,1017.2,Mainly Clear
9.9,60,7,1017.3,Clear
9.2,62,9,1017.5,Clear
8.6,63,11,1017.7,Clear
8.6,61,9,1017.7,Clear
7.7,65,9,1017.9,Mainly Clear
10.1,63,11,1018.4,Mainly Clear
11.2,57,20,1019,Mainly Clear
13,57,15,1019.1,Mostly Cloudy
14.4,52,17,1019.4,Mainly Clear
16.4,46,22,1019.1,Mainly Clear
18.1,45,17,1018.9,Mainly Clear
18.3,39,20,1018.2,Mainly Clear
19.7,25,22,1017.5,Mainly Clear
20.1,31,22,1017.3,Mostly Cloudy
20.8,28,20,1016.6,Mainly Clear
20.5,27,19,1016.4,Mostly Cloudy
20.9,30,17,1015.9,Mostly Cloudy
20.4,34,13,1015.7,Mostly Cloudy
17.7,41,9,1015.8,Mostly Cloudy
16.6,44,4,1015.9,Mostly Cloudy
14.4,54,6,1016.2,Clear
14.4,53,6,1016.3,Mainly Clear
14,58,6,1016.4,Mainly Clear
13.8,63,6,1016.5,Mainly Clear
14.2,60,9,1016.8,Mainly Clear
13.1,73,7,1016.8,Mostly Cloudy
13.3,67,9,1016.8,Mostly Cloudy
13.1,67,9,1016.9,Mostly Cloudy
11.8,69,7,1017,Mostly Cloudy
13.8,64,6,1017.5,Mostly Cloudy
14.7,59,9,1017.2,Mainly Clear
17.3,51,9,1017.2,Mainly Clear
19.1,44,7,1017.3,Mostly Cloudy
21,43,4,1017.4,Mainly Clear
22.3,41,11,1017.2,Mainly Clear
23.4,37,19,1016.4,Mainly Clear
24.1,33,15,1016.1,Mostly Cloudy
25.4,32,15,1015.6,Mostly Cloudy
25.6,32,15,1015.2,Mostly Cloudy
25.8,30,15,1014.6,Mostly Cloudy
26,30,15,1014.6,Mostly Cloudy
25.2,30,11,1014.3,Mostly Cloudy
24.3,34,11,1014.7,Mostly Cloudy
23.5,37,6,1015.3,Mainly Clear
21.6,42,9,1015.7,Mainly Clear
21.9,37,7,1016.1,Clear
18.2,54,4,1016.2,Clear
18.3,50,0,1016.4,Clear
16.9,57,6,1016.4,Clear
16.1,61,6,1016.7,Clear
16.8,58,9,1017,Clear
14.8,68,6,1017.2,Mainly Clear
14.7,70,6,1017.6,Cloudy
17.1,60,4,1018.1,Mostly Cloudy
18.7,55,7,1018.7,Mostly Cloudy
20.4,49,7,1019.1,Mostly Cloudy
22.2,45,11,1019.3,Mostly Cloudy
24.8,37,11,1019.1,Mostly Cloudy
26.8,38,11,1019,Mainly Clear
28.6,33,13,1018.6,Mainly Clear
29.5,32,9,1017.8,Mainly Clear
30.9,30,11,1017.2,Mainly Clear
30.9,29,4,1016.7,Mainly Clear
31.2,28,4,1016.1,Mainly Clear
30.8,29,13,1015.8,Mostly Cloudy
29.2,34,15,1015.6,Mostly Cloudy
26.9,40,11,1015.6,Mostly Cloudy
25.9,41,11,1015.7,Mainly Clear
24,46,11,1016,Mainly Clear
23.9,47,17,1015.9,Mainly Clear
23.6,46,15,1015.9,Mainly Clear
22.2,49,11,1016.1,Mainly Clear
19.3,59,9,1016.3,Mainly Clear
18.7,64,7,1016.5,Mainly Clear
18.5,65,0,1016.5,Mainly Clear
18.2,67,9,1016.5,Mainly Clear
18.8,65,13,1016.3,Mostly Cloudy
20.4,61,6,1016.8,Mostly Cloudy
21.8,56,11,1017,Mostly Cloudy
24,44,19,1016.9,Mostly Cloudy
24.8,42,24,1016.3,Mainly Clear
25.5,39,20,1016,Mainly Clear
26.7,37,22,1015.4,Mainly Clear
28,31,24,1014.5,Mainly Clear
28.4,28,26,1013.6,Mainly Clear
28.8,29,26,1012.9,Mainly Clear
28.9,29,33,1012.1,Mainly Clear
28.2,29,30,1011.4,Mainly Clear
27.7,33,26,1011,Mainly Clear
26.5,40,28,1010.7,Mainly Clear
25.4,46,26,1010.5,Mostly Cloudy
23.8,52,22,1010.5,Mainly Clear
22.5,58,24,1010.5,Mainly Clear
22.2,60,15,1010.6,Mostly Cloudy
21.8,61,15,1010.5,Mostly Cloudy
21.2,65,13,1010.3,Rain Showers
19.2,82,15,1010.2,Rain Showers
18.5,85,9,1009.7,Rain Showers
18.2,86,0,1009.5,Rain Showers
18.6,86,7,1008.9,Rain Showers
18.8,86,4,1009,Drizzle
18.2,88,9,1009.2,"Rain,Fog"
18.3,89,11,1009.2,Rain
18.5,88,9,1009,"Rain,Fog"
18.6,87,9,1008.9,Rain
19.2,87,9,1008.7,Rain
18.8,86,13,1008.5,Rain
18.4,88,15,1007.8,Rain
20.4,82,9,1007,Cloudy
21.1,79,11,1006.6,Mostly Cloudy
21.5,72,9,1006.3,Cloudy
19.7,69,20,1006.4,Cloudy
17.7,86,11,1006.7,Rain Showers
18.2,82,28,1006.6,Cloudy
16.1,83,24,1007.3,Rain Showers
15.4,82,20,1007.7,Mostly Cloudy
15.2,80,15,1007.8,Mostly Cloudy
14.9,76,17,1008.1,Mostly Cloudy
14,80,9,1008.4,Mainly Clear
13.1,84,0,1008.2,Clear
12.2,88,4,1008.2,Mainly Clear
11.8,88,6,1008.5,Mostly Cloudy
12,84,7,1008.4,Mainly Clear
12.6,81,4,1008.7,Mostly Cloudy
13.2,79,9,1009.5,Cloudy
13.5,82,7,1010.3,Cloudy
14.8,77,11,1010.5,Cloudy
15.7,75,15,1011,Cloudy
16.1,75,15,1011.5,Cloudy
17.1,71,11,1012.1,Mostly Cloudy
18.7,68,13,1012.1,Mostly Cloudy
19.5,65,11,1011.8,Mostly Cloudy
20.1,60,13,1011.5,Mostly Cloudy
20.9,57,9,1011.6,Mostly Cloudy
21.6,60,0,1011.6,Mostly Cloudy
21.5,55,6,1011.3,Mainly Clear
22.3,55,4,1011,Mainly Clear
22.2,52,4,1011.2,Mainly Clear
21.5,53,7,1011.1,Mainly Clear
20.4,54,9,1011.6,Clear
20.4,53,9,1011.9,Clear
19.6,55,7,1012.1,Clear
18.9,57,4,1012.5,Clear
16.4,68,0,1012.8,Clear
15,75,4,1012.9,Clear
12.6,82,6,1013.1,Clear
14.5,81,6,1013,Clear
14,80,9,1013.2,Clear
15,77,7,1013.6,Mainly Clear
16.6,75,9,1014.3,Mainly Clear
18.8,73,4,1015,Mainly Clear
21.1,66,0,1015.4,Mainly Clear
22.9,63,7,1015.1,Mainly Clear
24.6,56,0,1014.6,Clear
26.1,56,9,1014.4,Clear
26.7,53,6,1014,Mainly Clear
27.1,50,13,1013.7,Mainly Clear
27.6,52,13,1013.3,Mainly Clear
28.1,53,17,1012.7,Mainly Clear
28.1,53,17,1012.3,Mainly Clear
27.6,53,22,1012.1,Mainly Clear
25.5,58,24,1012.3,Mostly Cloudy
24.4,61,15,1012.5,Mainly Clear
23.1,65,19,1013,Clear
22.4,67,19,1013.1,Clear
21.9,67,22,1013.5,Clear
21.1,69,19,1013.9,Clear
20.7,71,13,1014.3,Clear
19.7,77,15,1014,Clear
19.4,79,15,1014.1,Clear
19.2,78,17,1014.2,Mainly Clear
19.1,79,19,1014.4,Mainly Clear
19,80,17,1014.5,Mostly Cloudy
20.6,73,17,1014.4,Mainly Clear
21.6,70,20,1014.2,Mainly Clear
22.8,66,20,1013.6,Mainly Clear
23.3,64,20,1012.9,Clear
24.9,60,20,1012.1,Mainly Clear
25.5,59,22,1011.2,Mostly Cloudy
25.9,57,20,1010.7,Mostly Cloudy
27.2,55,28,1009.7,Mostly Cloudy
26,58,19,1009.4,Mostly Cloudy
27.1,54,26,1008.6,Mostly Cloudy
27.3,52,24,1007.9,Mostly Cloudy
27.2,53,19,1007.2,Mostly Cloudy
26.2,54,20,1006.5,Mostly Cloudy
26.4,53,22,1005.9,Cloudy
21.3,83,13,1008.3,"Thunderstorms,Rain"
22.1,80,15,1007.9,Mainly Clear
21.5,81,11,1008.8,Mainly Clear
21.3,69,17,1009.6,Clear
19.8,73,9,1010,Clear
19.3,71,13,1010.9,Clear
18.6,67,11,1011.6,Clear
17.1,65,13,1012.1,Clear
16.4,66,9,1012.8,Clear
16.3,65,9,1013.6,Mainly Clear
17.1,63,9,1013.7,Clear
18.1,62,9,1015.1,Clear
19.4,63,6,1015.6,Clear
21.1,59,9,1015.6,Clear
21.6,56,7,1016,Mostly Cloudy
22.6,53,0,1016,Clear
23.3,52,13,1015.6,Mainly Clear
24.4,40,30,1015.3,Mainly Clear
24.2,42,22,1015.4,Mainly Clear
23.2,44,20,1015.4,Mainly Clear
23.8,42,22,1015.2,Mostly Cloudy
23.1,42,19,1014.9,Mostly Cloudy
22.2,42,20,1015.1,Mostly Cloudy
21,42,13,1015.6,Mainly Clear
18.5,48,9,1016.4,Mainly Clear
16.6,55,7,1017.1,Mainly Clear
17.3,52,6,1017.1,Mainly Clear
15.6,59,6,1017.5,Mainly Clear
15.7,57,6,1017.6,Clear
14.6,62,9,1017.7,Clear
13.9,63,11,1017.6,Mainly Clear
14.8,45,13,1017.6,Mostly Cloudy
14.4,48,13,1018.4,Mostly Cloudy
13.7,52,13,1019,Mostly Cloudy
14.2,45,17,1019.2,Mostly Cloudy
14.6,49,9,1019.5,Mostly Cloudy
15.6,43,11,1019.4,Mostly Cloudy
17.1,44,9,1019.5,Mostly Cloudy
18.6,38,0,1018.9,Mostly Cloudy
19.5,36,4,1018.3,Cloudy
19.7,36,0,1017.6,Cloudy
20.2,38,13,1016.8,Cloudy
21.2,36,0,1016.3,Cloudy
20.3,37,11,1015.7,Cloudy
20.4,38,13,1015.5,Cloudy
20.3,37,6,1014.9,Cloudy
19.2,45,7,1014.1,Rain Showers
18.1,57,0,1014.2,Rain
18.2,53,4,1013.1,Cloudy
18.4,52,0,1013.4,Cloudy
17.5,58,0,1013.3,Cloudy
17.6,57,6,1012.9,Mostly Cloudy
17.5,63,4,1013.1,Mostly Cloudy
17.4,57,13,1012.3,Mostly Cloudy
16.6,58,11,1011.9,Mostly Cloudy
16.6,58,9,1012.1,Cloudy
16.6,58,17,1012.1,Cloudy
16.4,55,19,1011.7,Mostly Cloudy
16.4,55,24,1013.1,Mostly Cloudy
16.6,50,22,1012.6,Mostly Cloudy
16.7,53,28,1012.4,Mostly Cloudy
17,53,20,1012.4,Cloudy
18,51,22,1012.1,Cloudy
17.8,52,24,1012,Cloudy
16.1,62,20,1011.2,Cloudy
17,52,26,1010.5,Cloudy
19.1,48,28,1009.8,Cloudy
17.5,49,24,1009.4,Cloudy
17.3,49,22,1008.8,Cloudy
17.4,50,26,1008.2,Mostly Cloudy
16.8,53,26,1008.1,Mostly Cloudy
15.9,55,22,1007.7,Mostly Cloudy
15.3,58,20,1007.1,Cloudy
14.6,59,19,1006.9,Mainly Clear
14,63,15,1006.6,Mostly Cloudy
13.2,66,13,1005.4,Mostly Cloudy
12.7,69,15,1004.4,Mostly Cloudy
11.9,71,9,1003.1,Mostly Cloudy
12.2,70,11,1002.6,Mostly Cloudy
11.8,67,15,1001.8,Mostly Cloudy
11.4,74,30,1003.4,"Thunderstorms,Rain Showers"
11,87,15,1001.4,"Thunderstorms,Rain Showers"
10.9,88,9,1002.6,"Thunderstorms,Heavy Rain Showers"
12.4,87,6,1002.3,Cloudy
15.4,84,0,1001.7,Mainly Clear
18.6,80,4,1001.2,Mainly Clear
20.4,75,4,1000.8,Mostly Cloudy
22.2,72,7,1000.8,Mostly Cloudy
24.2,67,7,1000,Mostly Cloudy
26.1,64,6,998.7,Mainly Clear
25.6,64,11,997.5,Rain Showers
26.8,62,13,996.5,Mostly Cloudy
21,80,15,997.5,"Thunderstorms,Rain Showers"
20.7,81,13,998.4,"Thunderstorms,Rain Showers"
20.4,84,28,997.8,Rain Showers
20.1,87,24,997.6,Rain Showers
20.2,87,11,998,Cloudy
20.1,87,17,997.5,Cloudy
20.8,82,9,997.5,Cloudy
20.5,83,6,997.4,Cloudy
20.6,80,17,997.7,Cloudy
19.7,71,24,997.7,Mainly Clear
18.6,59,22,998.8,Mainly Clear
17.6,60,19,999.1,Mostly Cloudy
16.6,66,13,999.8,Mostly Cloudy
15.9,68,11,1000.2,Mostly Cloudy
17.2,63,15,1000.7,Mostly Cloudy
17.8,62,17,1001.2,Mostly Cloudy
19.1,58,19,1001.1,Mainly Clear
20.5,51,20,1000.8,Clear
21.5,49,15,1001,Mainly Clear
22.1,45,17,1000.8,Clear
23.1,38,35,1000.6,Mainly Clear
23.5,37,30,1000.5,Clear
23.5,38,32,1000.4,Clear
23.5,39,22,1000.3,Mainly Clear
23.7,37,15,1000,Clear
23.1,39,24,1000.4,Clear
22.4,41,20,1000.6,Mainly Clear
20.5,44,0,1000.8,Mainly Clear
18.3,51,6,1001.3,Mainly Clear
17.3,58,7,1001.8,Mainly Clear
17.4,60,9,1001.7,Mostly Cloudy
16.8,64,15,1002.6,Rain Showers
16.7,67,6,1002.8,Mostly Cloudy
16.3,70,7,1003.1,Mostly Cloudy
15.6,75,4,1003.2,Mostly Cloudy
15.5,67,9,1003,Mostly Cloudy
13.6,71,11,1003.4,Mainly Clear
13.9,68,9,1004.4,Mainly Clear
14.4,67,15,1005,Mainly Clear
13.1,76,15,1006.1,Rain Showers
14.9,66,13,1006.4,Mainly Clear
16.2,64,11,1006.8,Mostly Cloudy
15.9,62,9,1007.1,Mostly Cloudy
16.9,61,4,1007.1,Mostly Cloudy
16.8,58,0,1007.2,Mostly Cloudy
18.4,49,20,1007.7,Mostly Cloudy
18.8,48,19,1007.8,Mostly Cloudy
18.1,44,19,1008.3,Mostly Cloudy
18.8,43,19,1008.5,Mainly Clear
18.9,43,15,1008.6,Mainly Clear
18.4,40,22,1009.1,Mainly Clear
17.1,44,15,1009.6,Mainly Clear
14.8,47,13,1010.1,Mainly Clear
12.8,56,9,1010.5,Clear
12.5,58,7,1011.3,Clear
12.8,57,7,1011.8,Clear
11.6,59,6,1012.1,Clear
11.3,59,7,1012.4,Clear
10.8,59,9,1012.7,Mainly Clear
9.5,62,9,1012.9,Mainly Clear
10.1,60,11,1013.4,Mostly Cloudy
10.7,60,11,1013.8,Cloudy
11.6,62,7,1014.2,Cloudy
14.6,54,9,1014.4,Cloudy
15.2,45,11,1014.8,Cloudy
17.1,44,11,1014.7,Cloudy
18.5,31,20,1014.4,Mostly Cloudy
18.4,31,17,1014,Cloudy
19.3,35,20,1013.2,Cloudy
19.5,36,17,1012.9,Cloudy
19.6,37,15,1012.1,Cloudy
19.8,38,17,1011.6,Cloudy
20.2,35,22,1010.4,Cloudy
20.2,35,19,1010.3,Cloudy
20.1,36,19,1009.8,Cloudy
20,38,19,1008.8,Cloudy
19.9,37,20,1008.6,Cloudy
19.6,40,26,1008,Rain
19.6,42,20,1007.7,Cloudy
18.2,52,19,1007.7,Rain
17.5,54,15,1007.8,Rain
15.9,66,19,1006.7,Rain
14.6,68,19,1005.8,Rain
14.2,70,19,1005,Rain
13.6,76,24,1004.3,Rain
13.4,76,24,1003.6,Rain
13.6,76,19,1004.4,Rain
13.4,73,17,1004.5,Rain
12.3,84,11,1004.8,Rain
13.1,79,13,1005.2,Cloudy
12.5,84,7,1004.8,"Rain,Fog"
12.5,86,7,1004.8,Rain
12.8,86,9,1004.3,Rain
13.1,86,11,1004.3,Rain
13.6,84,20,1003.9,Cloudy
13.9,82,17,1003.8,Cloudy
13.5,85,22,1003.5,Rain
13.5,85,17,1003.6,Drizzle
13.1,88,19,1003.8,"Drizzle,Fog"
13.2,88,9,1004,"Drizzle,Fog"
12.9,85,4,1004,Drizzle
13,86,7,1004.1,Cloudy
13.3,83,15,1003.4,Cloudy
13.1,83,6,1003.3,Cloudy
13.1,84,9,1003.3,Cloudy
13,87,6,1002.9,Cloudy
13.1,87,6,1002.6,Cloudy
12.9,86,4,1002.3,Cloudy
13,84,7,1002,Mostly Cloudy
12,87,0,1002.4,Mostly Cloudy
13.6,84,9,1002.5,Mostly Cloudy
14.6,76,15,1002.5,Mostly Cloudy
14.9,74,13,1002.4,Mostly Cloudy
16.1,71,11,1002,Mostly Cloudy
17.7,65,13,1001.9,Mostly Cloudy
18.2,60,11,1001.4,Mostly Cloudy
18.4,57,9,1001.2,Mostly Cloudy
18.9,59,24,1000.7,Mostly Cloudy
19.6,56,24,1000.4,Mostly Cloudy
18.5,59,24,1000.2,Mostly Cloudy
18.3,60,33,1000.1,Mostly Cloudy
17.8,57,30,1000.3,Mostly Cloudy
16.6,63,30,1001.3,Mostly Cloudy
15.3,65,28,1002,Mostly Cloudy
14.1,64,32,1002.7,Mostly Cloudy
13.8,64,28,1002.9,Mostly Cloudy
13.6,64,30,1003.2,Cloudy
13.3,65,30,1003.1,Mostly Cloudy
12.8,69,33,1003.4,Cloudy
11.9,75,19,1003.3,Rain
11.8,75,22,1003.2,Cloudy
11.5,76,24,1003.2,Rain Showers
11,80,22,1003.8,Rain
11,82,20,1004.1,Rain
11.3,81,22,1004.6,Cloudy
11.7,77,33,1005,Rain
11.6,80,24,1005.5,Rain
11.6,77,28,1006,Rain
12.4,72,28,1006.5,Cloudy
13.1,68,28,1006.7,Cloudy
13,68,22,1007,Rain Showers
13,69,24,1007.5,Rain
14.3,63,20,1007.3,Cloudy
15.8,57,22,1007.3,Mostly Cloudy
16,54,22,1007.1,Mostly Cloudy
15.9,56,22,1007.1,Mostly Cloudy
16.5,54,15,1007.4,Mostly Cloudy
16.3,54,20,1007.7,Mostly Cloudy
15.6,58,13,1008,Mainly Clear
14.5,63,15,1008.4,Mainly Clear
14.6,58,17,1008.3,Mostly Cloudy
14.6,56,11,1008.3,Cloudy
13.8,55,13,1008.3,Cloudy
13.7,64,15,1008.2,Cloudy
12.7,65,13,1008.2,Mostly Cloudy
11.4,73,15,1008.5,Mainly Clear
10.7,75,13,1008.7,Mainly Clear
10.7,76,13,1009.4,Mainly Clear
12.6,69,15,1009.8,Mainly Clear
14.3,59,20,1009.9,Mainly Clear
15.9,53,26,1010.2,Mainly Clear
17.4,50,19,1010.1,Clear
18.8,45,19,1009.9,Mainly Clear
19.8,39,26,1010,Mainly Clear
20.3,36,20,1009.7,Mainly Clear
21.3,32,15,1009.3,Mainly Clear
21.6,32,7,1008.8,Mainly Clear
21.9,32,11,1008.3,Mainly Clear
22.6,35,4,1007.5,Mainly Clear
22.2,34,15,1007.4,Mostly Cloudy
20.9,40,11,1007.6,Rain Showers
17,65,22,1008.9,Rain Showers
15.6,77,9,1008.8,Rain Showers
16.3,66,6,1009,Mostly Cloudy
14.7,78,7,1009.5,Mostly Cloudy
16.4,63,15,1009.7,Mostly Cloudy
14.7,64,9,1009.7,Mostly Cloudy
13.8,64,9,1009.7,Mostly Cloudy
12.6,67,11,1009.9,Mostly Cloudy
11,75,9,1009.9,Mostly Cloudy
11.2,75,6,1010.3,Mostly Cloudy
12,72,9,1010.5,Mostly Cloudy
12.4,73,15,1010.7,Mostly Cloudy
14.1,68,13,1011,Mainly Clear
15.3,69,7,1011.4,Mainly Clear
16.1,65,9,1011.3,Mainly Clear
17.6,60,11,1011.2,Mainly Clear
19.4,52,7,1010.8,Mainly Clear
19.8,52,9,1010.5,Mainly Clear
19.6,52,0,1010.1,Mainly Clear
20.6,50,4,1009.4,Mostly Cloudy
20.3,49,7,1008.9,Mostly Cloudy
21.3,43,13,1009,Mostly Cloudy
20.6,42,11,1009.1,Mostly Cloudy
20,45,15,1009.5,Mostly Cloudy
18.9,48,15,1010,Mostly Cloudy
17.4,60,9,1010.4,Rain Showers
16.3,65,11,1010.4,Mostly Cloudy
17.4,59,9,1010.4,Cloudy
17.1,59,11,1010.5,Rain Showers
14.9,68,9,1010.6,Mainly Clear
13.3,76,7,1010.6,Mainly Clear
12.8,80,11,1010.4,Clear
12.3,80,17,1010.2,Clear
12,78,9,1010.5,Mainly Clear
11.3,81,11,1011.1,Mainly Clear
12.3,77,13,1011.2,Mainly Clear
13.9,69,4,1011.3,Mainly Clear
15.9,64,11,1011.2,Mainly Clear
17.5,59,6,1010.9,Mainly Clear
19.4,53,6,1010.5,Mainly Clear
20.1,54,7,1010.2,Mainly Clear
20.8,50,13,1009.8,Mainly Clear
21.6,51,11,1009.2,Mainly Clear
22.7,43,11,1008.6,Mainly Clear
22.3,43,13,1008,Mainly Clear
22.8,42,15,1007.4,Mainly Clear
22.6,42,11,1006.9,Mostly Cloudy
22,40,9,1006.7,Mostly Cloudy
22.2,43,11,1006.7,Mostly Cloudy
21.7,45,11,1006.6,Mostly Cloudy
18.6,59,30,1007.4,Mostly Cloudy
16.4,73,17,1007.4,Rain Showers
16.3,77,17,1007.8,Rain
15.9,83,13,1006.8,Mostly Cloudy
15.7,83,7,1006.5,Clear
15.3,86,11,1006,Clear
14.1,85,7,1005.6,Mainly Clear
13.9,83,7,1005.8,Mainly Clear
14.4,81,7,1005.8,Mainly Clear
16.2,75,17,1005.8,Mostly Cloudy
16.7,70,22,1005.6,Mostly Cloudy
17.3,69,22,1005.4,Mostly Cloudy
17.7,72,17,1005.3,Cloudy
18.3,70,13,1005.3,Cloudy
18.6,69,17,1005.3,Cloudy
19.5,69,17,1004.6,Cloudy
20.5,68,20,1003.3,Mostly Cloudy
20.2,62,17,1002.5,Cloudy
19.4,66,20,1003.3,Rain Showers
18.4,73,4,1002.2,Mostly Cloudy
20,70,7,1002.2,Mostly Cloudy
19,75,0,1001.7,Mostly Cloudy
19,64,15,1002.8,Mainly Clear
16,67,9,1003.4,Mainly Clear
14.1,68,9,1004.1,Clear
13.5,68,6,1004.8,Clear
12,74,9,1005,Clear
12.8,73,6,1005.1,Clear
12.9,72,0,1005.3,Clear
12.2,74,0,1005.4,Clear
11.5,75,0,1005.6,Clear
10,81,0,1006,Mainly Clear
11.1,81,6,1006.8,Mainly Clear
14.2,73,0,1007.1,Mainly Clear
16,66,6,1007.6,Mainly Clear
18.4,54,4,1007.9,Mainly Clear
19.3,47,0,1008.1,Mainly Clear
21,50,4,1007.8,Mainly Clear
21.2,47,15,1007.6,Mostly Cloudy
22.2,43,17,1007.3,Cloudy
23,37,19,1007.1,Cloudy
23.2,36,7,1006.8,Mostly Cloudy
23.8,31,20,1006.7,Mainly Clear
23.9,33,17,1006.8,Cloudy
23.8,34,17,1006.9,Cloudy
23.6,35,11,1007.3,Mainly Clear
21.8,40,9,1007.5,Mostly Cloudy
18.5,51,6,1008,Mainly Clear
19.4,44,6,1008.7,Mainly Clear
17,50,4,1009.3,Clear
16.9,55,4,1009.7,Mainly Clear
15.8,65,6,1010.3,Mainly Clear
15.6,66,4,1010.7,Clear
13.7,78,0,1010.8,Clear
14.3,84,4,1011.1,Mainly Clear
12.4,87,4,1011.5,Clear
13.9,73,6,1012.4,Mainly Clear
16.6,63,0,1013.6,Mainly Clear
18,55,4,1014.2,Mainly Clear
20.2,50,6,1014.5,Mainly Clear
21.2,50,6,1014.5,Mainly Clear
23.5,48,7,1014.2,Mainly Clear
24.6,33,7,1014.5,Mostly Cloudy
25.4,33,7,1014.1,Mainly Clear
25.5,28,11,1013.8,Mostly Cloudy
26.5,27,6,1014,Mostly Cloudy
26.5,34,6,1014.2,Mainly Clear
26.8,37,6,1014.1,Mainly Clear
26.6,35,6,1013.7,Cloudy
26.5,34,15,1013.9,Cloudy
26,34,9,1014.7,Mostly Cloudy
25.3,32,9,1014.7,Mostly Cloudy
22.8,40,7,1015.1,Clear
22.7,41,9,1015,Mainly Clear
23,41,11,1015,Clear
21.7,44,6,1014.9,Clear
20.4,49,0,1014.5,Mainly Clear
18.9,58,7,1014.7,Mainly Clear
18.5,61,9,1014.5,Mostly Cloudy
18.1,62,11,1014.7,Mostly Cloudy
17.5,69,11,1015.4,Mainly Clear
19.5,65,7,1015.8,Mainly Clear
19.4,70,11,1016.3,Mostly Cloudy
20.2,70,9,1016.4,Mostly Cloudy
22.4,65,7,1016.3,Mostly Cloudy
24.8,59,4,1015.8,Mostly Cloudy
26.6,56,4,1015.4,Mostly Cloudy
27.3,55,7,1014.7,Mostly Cloudy
28.7,53,15,1014,Cloudy
29.4,51,17,1013.2,Mainly Clear
30.1,50,17,1012.7,Mainly Clear
29.6,48,22,1012,Mainly Clear
29.1,51,22,1011.6,Mainly Clear
28.2,54,19,1011.6,Mainly Clear
27.1,56,19,1011.1,Mostly Cloudy
25.9,57,20,1010.9,Cloudy
25.3,59,20,1010.9,Mostly Cloudy
24.7,61,22,1010.8,Mostly Cloudy
23.8,64,17,1010.9,Mostly Cloudy
22.7,67,19,1010.8,Mostly Cloudy
21.7,68,17,1010.7,Mostly Cloudy
20.9,69,19,1010.4,Mainly Clear
20.2,69,17,1010,Mostly Cloudy
19.5,68,19,1010,Mostly Cloudy
19.3,67,17,1010.1,Mostly Cloudy
19.5,67,15,1009.8,Mostly Cloudy
21.1,64,22,1009.5,Mostly Cloudy
21.8,63,19,1009.2,Cloudy
22.8,61,19,1008.6,Cloudy
23.9,59,15,1008,Mostly Cloudy
24.7,57,24,1007.4,Cloudy
24.4,59,17,1007.1,Rain Showers
19.8,82,19,1007.3,Rain Showers
19,90,19,1007.1,"Rain,Fog"
19.1,89,15,1006.7,"Rain,Fog"
18.4,90,22,1006,"Rain,Fog"
18.2,89,20,1005.7,Rain
18.2,89,20,1005.5,"Rain,Fog"
17.9,89,20,1005.2,Rain
18.5,86,19,1004.7,Cloudy
18.4,86,19,1004.6,Cloudy
18.6,85,17,1004.5,Cloudy
18.6,85,13,1004.4,Mostly Cloudy
18.5,86,11,1004.6,Mostly Cloudy
19.6,83,15,1004.4,Cloudy
19.6,82,19,1004,Cloudy
19.3,83,22,1004.6,Cloudy
18.7,82,22,1005.4,Mostly Cloudy
17.2,81,22,1006.2,Mainly Clear
17.7,79,22,1007.5,Mainly Clear
18.1,77,20,1008.6,Mostly Cloudy
17.9,71,32,1009.6,Mostly Cloudy
17,71,24,1010.9,Mostly Cloudy
17.9,64,19,1011.8,Mostly Cloudy
19.5,60,13,1012.8,Mainly Clear
19.6,56,13,1013,Mainly Clear
20.4,53,15,1013.2,Mainly Clear
20.7,50,9,1013.6,Mainly Clear
21.9,49,17,1013.9,Mainly Clear
21.8,45,17,1014.2,Mainly Clear
22.2,45,19,1014.4,Mainly Clear
21.6,47,20,1014.8,Mainly Clear
20,47,17,1015.7,Clear
17.6,53,11,1016.2,Clear
15.1,63,7,1017,Clear
14.6,64,11,1017.4,Clear
15.2,55,11,1017.9,Clear
14.5,54,11,1018.5,Clear
13.4,58,9,1018.8,Clear
13,60,9,1019.3,Clear
12.3,62,13,1019.6,Clear
12.4,60,15,1020.4,Clear
12.4,64,9,1021.4,Clear
14.7,57,9,1022,Clear
16.5,55,13,1022.8,Clear
18.5,50,11,1023.3,Clear
20,39,19,1023.2,Clear
20,34,17,1023.1,Clear
21.2,38,9,1022.7,Clear
21.3,34,24,1022.6,Clear
22.2,34,19,1022.2,Clear
22.4,33,15,1021.7,Clear
22.9,35,11,1021.2,Clear
22.5,36,7,1021.5,Clear
22.9,36,15,1021.7,Clear
22.7,38,17,1021.6,Clear
22.5,36,13,1021.7,Clear
21.7,35,15,1021.6,Clear
21,38,11,1021.6,Clear
20.2,39,9,1022,Clear
19.6,40,6,1022.1,Clear
18.9,41,6,1021.8,Clear
17.1,48,6,1021.7,Clear
14.2,66,13,1021.9,Clear
13.8,73,13,1021.7,Clear
13,77,15,1021.9,Clear
13.3,75,15,1022.7,Clear
15.6,63,17,1023.2,Clear
16.8,59,19,1023.8,Clear
18.6,55,17,1024,Mainly Clear
20.3,45,17,1023.9,Mainly Clear
21.4,37,13,1023.7,Mostly Cloudy
22.2,40,15,1023.5,Mostly Cloudy
23.5,35,11,1023,Mainly Clear
24.4,32,15,1022.2,Mostly Cloudy
24.3,30,11,1021.7,Cloudy
24.9,29,17,1021.3,Cloudy
25,28,15,1020.8,Cloudy
24.8,28,11,1020.6,Cloudy
24.5,30,9,1020.8,Cloudy
23.2,40,15,1020.7,Cloudy
22,43,15,1020.6,Mostly Cloudy
22.1,40,11,1020.6,Mainly Clear
21.3,44,13,1020.6,Mainly Clear
20.1,50,11,1020.6,Clear
17.5,61,9,1020.5,Clear
16.1,69,11,1020.2,Mainly Clear
15.3,72,13,1020.3,Clear
14.7,71,17,1020.3,Mainly Clear
13.8,72,19,1021.1,Mainly Clear
13.9,70,13,1021.6,Mostly Cloudy
15.2,66,17,1021.8,Mostly Cloudy
16.2,64,15,1022.5,Mostly Cloudy
17.4,60,9,1022.3,Mostly Cloudy
18.9,59,11,1022,Cloudy
21.6,54,4,1021.5,Cloudy
21.9,52,6,1021,Cloudy
23.8,51,6,1020.4,Mostly Cloudy
24.6,47,9,1019.6,Cloudy
24.9,49,6,1019.1,Mostly Cloudy
26,46,6,1018.4,Mostly Cloudy
26.5,38,7,1017.7,Mostly Cloudy
26.5,39,4,1017.3,Mostly Cloudy
26.2,41,6,1017.1,Mainly Clear
25,47,7,1016.6,Mainly Clear
23.1,49,4,1016.2,Mainly Clear
20.8,58,0,1016,Clear
21.5,54,9,1016,Mainly Clear
20.9,60,0,1015.8,Mainly Clear
19.3,65,0,1015.5,Mainly Clear
19.8,68,7,1015.2,Mainly Clear
18.6,72,11,1014.8,Mainly Clear
18.4,74,13,1014.5,Clear
17.4,77,9,1014.6,Mainly Clear
17.3,79,6,1014.7,Mainly Clear
18.9,74,9,1015.1,Mainly Clear
20.2,69,11,1015.2,Mainly Clear
22.2,64,9,1015,Mainly Clear
23.4,60,9,1014.7,Mainly Clear
25,58,9,1014.3,Mainly Clear
25.7,56,9,1013.9,Cloudy
26,55,6,1013.3,Cloudy
26.6,55,11,1012.3,Mostly Cloudy
26.1,55,17,1011.7,Cloudy
27,54,17,1011,Cloudy
27.4,51,20,1010.2,Cloudy
26.2,49,19,1009.7,Cloudy
26,54,17,1009.2,Cloudy
25.5,57,17,1009.1,Cloudy
24.5,56,15,1009.5,Cloudy
24.1,54,19,1009.9,Mostly Cloudy
23.4,55,22,1010,Mostly Cloudy
23.2,55,13,1010.3,Mostly Cloudy
21.7,59,15,1010.4,Mainly Clear
20.5,64,13,1010.7,Mainly Clear
19.7,67,19,1010.8,Mainly Clear
19.3,69,17,1010.6,Mainly Clear
18.4,72,17,1011,Mainly Clear
17.9,74,19,1011.2,Mostly Cloudy
18.2,73,20,1011.4,Mostly Cloudy
19.3,69,17,1011.6,Mostly Cloudy
20.6,66,17,1011.7,Mostly Cloudy
22,62,17,1011.5,Mostly Cloudy
22.6,59,19,1011.5,Mostly Cloudy
24,57,19,1011.4,Mostly Cloudy
25.3,52,19,1011.3,Mostly Cloudy
25.3,50,20,1010.6,Mostly Cloudy
26.1,47,22,1010.6,Mostly Cloudy
25.8,46,24,1010.2,Mostly Cloudy
25.6,47,24,1009.8,Mainly Clear
25.2,48,20,1009.5,Mainly Clear
24.1,50,22,1009.6,Mostly Cloudy
23.2,53,20,1009.7,Mostly Cloudy
22.3,56,7,1009.9,Cloudy
21.8,59,9,1010.2,Mainly Clear
21.5,62,13,1010.2,Mainly Clear
21.5,65,13,1011.3,Mostly Cloudy
20.8,68,13,1011.4,Mostly Cloudy
20,71,9,1011.7,Mostly Cloudy
19.1,74,9,1011.1,Clear
18.3,76,9,1011.2,Clear
18.1,75,9,1011.3,Mostly Cloudy
18,76,6,1011.9,Mostly Cloudy
18.8,74,9,1011.9,Cloudy
19.6,71,22,1010.1,Mostly Cloudy
20.7,69,6,1011.2,Cloudy
22,67,15,1010.3,Cloudy
23.2,64,13,1009.8,Cloudy
24.3,61,11,1010,Cloudy
25.3,60,9,1009.9,Cloudy
25.8,62,15,1009.9,Cloudy
26.5,63,11,1010.1,Cloudy
28.1,58,20,1009.2,Mostly Cloudy
27.7,59,17,1008.7,Mostly Cloudy
28,60,19,1009.1,Mostly Cloudy
27.9,59,19,1009.3,Cloudy
27,62,20,1009.4,Mostly Cloudy
26.1,66,19,1008.5,Cloudy
25.9,67,11,1008.1,Cloudy
25.5,69,9,1008.6,Mostly Cloudy
25.3,69,13,1008.9,Cloudy
25,68,17,1008.2,Mostly Cloudy
25,67,19,1008.7,Mainly Clear
24.1,70,24,1008.8,Clear
23.7,72,20,1009,Mainly Clear
23.1,74,13,1009.7,Mainly Clear
23,74,19,1010.1,Mainly Clear
24.2,69,22,1010.4,Mainly Clear
25.4,64,24,1010.7,Mostly Cloudy
25.3,64,19,1011,Mostly Cloudy
26.3,62,17,1010.9,Mostly Cloudy
27.4,61,9,1010.6,Mostly Cloudy
28.5,59,17,1010.6,Mainly Clear
29.1,58,20,1010,Mainly Clear
29.7,56,19,1009.1,Clear
31.7,51,17,1008.3,Clear
32.2,47,22,1007.5,Mainly Clear
32.2,49,26,1007.4,Mainly Clear
32.3,49,15,1006.9,Mainly Clear
32.4,48,17,1006.1,Mostly Cloudy
30.6,57,11,1006.3,Mostly Cloudy
29.7,60,17,1006.1,Mostly Cloudy
28,66,15,1006.1,Mainly Clear
28.1,62,24,1005.7,Clear
27.3,65,19,1006,Mainly Clear
26.5,67,20,1006.1,Mainly Clear
25.9,68,22,1006,Clear
25.1,70,11,1006,Mainly Clear
24.6,71,11,1005.8,Mainly Clear
24,71,11,1005.7,Mainly Clear
24.1,70,17,1006,Mainly Clear
24.5,68,17,1006,Mainly Clear
25.6,65,17,1006,Mainly Clear
26,63,11,1005.9,Mainly Clear
28.1,58,19,1005.2,Mainly Clear
29.4,55,17,1004.7,Clear
30.8,53,13,1004.2,Mainly Clear
31.8,52,15,1003.6,Mainly Clear
31.6,52,24,1003.2,Mostly Cloudy
32.6,49,20,1002.5,Mainly Clear
33,44,24,1002,Mainly Clear
32.5,42,24,1001.4,Mainly Clear
32.1,43,30,1000.9,Mainly Clear
31.1,47,22,1000.6,Clear
30.3,46,30,1000.8,Clear
28.9,51,22,1001,Mainly Clear
28.1,53,20,1001.3,Mainly Clear
27.5,55,17,1001.4,Mainly Clear
26.7,58,17,1000.9,Clear
25.8,63,9,1000.7,Clear
24.8,66,9,1001.1,Mainly Clear
24.7,62,15,1001,Mainly Clear
24,64,22,1001.2,Mainly Clear
23,68,19,1001.4,Mainly Clear
22.6,70,20,1002.1,Mainly Clear
22.7,71,19,1002.8,Mostly Cloudy
23.4,69,19,1003.3,Mostly Cloudy
23,70,17,1003.7,Mostly Cloudy
24.6,65,17,1004,Mostly Cloudy
24.4,63,19,1004,Mostly Cloudy
24.7,63,22,1004.1,Mostly Cloudy
26.8,58,22,1004.1,Mostly Cloudy
28,45,20,1003.9,Mostly Cloudy
29.1,40,22,1003.7,Mostly Cloudy
29,39,20,1003.2,Mainly Clear
28.5,38,22,1002.9,Mainly Clear
27.9,38,24,1002.9,Mainly Clear
27.2,38,17,1003.1,Mainly Clear
25.7,42,11,1003.8,Mostly Cloudy
23.2,46,7,1004.2,Mostly Cloudy
22.8,50,9,1004.7,Mostly Cloudy
21.1,55,9,1004.8,Mainly Clear
20,59,9,1005.2,Mainly Clear
19.6,62,7,1005.6,Mostly Cloudy
20.8,57,9,1006,Mainly Clear
20.1,60,13,1006.2,Mainly Clear
19.5,63,13,1006.5,Mainly Clear
19.5,63,15,1007,Mainly Clear
19.3,64,15,1008.2,Mostly Cloudy
17.4,74,15,1008,Rain Showers
18.6,73,11,1008.4,Mostly Cloudy
20,62,15,1008.9,Mostly Cloudy
21.5,54,15,1009,Mostly Cloudy
22.2,51,7,1009.1,Mostly Cloudy
23.8,46,11,1008.9,Mostly Cloudy
25.1,38,13,1008.5,Mostly Cloudy
25.6,36,19,1008.4,Mainly Clear
26.1,30,15,1008.2,Mainly Clear
26.4,27,13,1008.6,Mostly Cloudy
26.5,27,22,1008.4,Mostly Cloudy
26.4,24,15,1008.3,Mainly Clear
25.8,24,20,1008.2,Mainly Clear
25.8,24,13,1008.4,Mainly Clear
23.5,31,6,1008.8,Clear
20.1,43,0,1009.5,Clear
19.6,45,0,1009.9,Mainly Clear
18.8,51,0,1010.1,Clear
18.3,52,0,1010,Clear
17.6,56,6,1010.2,Clear
14.1,70,4,1010.1,Clear
14.9,68,0,1010.2,Clear
14.4,70,11,1010.4,Clear
14,73,6,1010.4,Clear
17.8,62,4,1010.4,Clear
20,61,7,1010.3,Clear
22.2,48,7,1010.3,Clear
23.2,52,11,1010,Clear
24.3,49,15,1009.7,Clear
26.3,41,17,1009.1,Mainly Clear
27.1,31,9,1008.2,Mainly Clear
27.3,34,17,1007.5,Mostly Cloudy
26.8,33,19,1006.7,Mostly Cloudy
26.7,33,22,1006.3,Mostly Cloudy
26.4,33,19,1006.1,Cloudy
21.5,54,32,1006.9,Cloudy
19.4,65,26,1007.1,Rain Showers
19,73,20,1007.4,Rain
18.7,77,24,1006.9,Rain
18.6,73,19,1006.7,Cloudy
18.3,72,9,1006,Cloudy
17.8,74,13,1005.7,Cloudy
16.7,82,9,1005.1,Rain Showers
15.7,87,9,1004.1,Rain
15.7,88,7,1003.2,Drizzle
15.9,90,9,1002.6,Rain
16.1,88,15,1002.1,Rain
16.4,87,15,1002.1,Cloudy
16.7,86,15,1001.9,Mostly Cloudy
17.2,80,15,1001.8,Cloudy
18.7,74,17,1001.6,Mainly Clear
18.8,69,26,1001.3,Mostly Cloudy
17.9,72,24,1001.2,Rain Showers
19.8,65,22,1001,Mostly Cloudy
19,63,26,1001.2,Mostly Cloudy
19.7,63,19,1001.2,Mostly Cloudy
20.2,60,26,1001.3,Mostly Cloudy
18.8,60,28,1000.9,Mostly Cloudy
18.1,62,26,1001.2,Mostly Cloudy
16.5,69,26,1001.4,Cloudy
16,71,28,1001.2,Cloudy
15,76,22,1001.4,Cloudy
15.2,78,11,1001.2,Cloudy
16.6,76,13,1001.3,Cloudy
17.1,71,24,1001.3,Cloudy
16.7,72,22,1001.4,Cloudy
16.6,71,26,1001.2,Cloudy
16.2,71,24,1001.3,Cloudy
15.7,72,11,1001.1,Cloudy
15.8,71,13,1001.2,Cloudy
15.6,70,13,1001.2,Cloudy
15.4,71,17,1001.6,Cloudy
15.6,70,17,1001.8,Mostly Cloudy
16,69,11,1001.9,Mostly Cloudy
16.4,67,17,1001.8,Cloudy
16.9,66,9,1001.6,Cloudy
17,65,13,1001.5,Cloudy
17.6,64,11,1001.2,Cloudy
16.9,70,15,1001.2,Rain
16.2,71,26,1001,Cloudy
16.3,74,20,1000.7,Drizzle
16.6,71,20,1000.3,Cloudy
15.8,80,17,1000,Cloudy
16.1,79,13,999.9,Rain Showers
15.6,82,13,999.9,Rain
15.4,83,15,999.3,Rain
15.3,85,15,999,Rain
15.4,85,15,999,Rain
15.4,84,15,998.5,Rain
15.4,84,15,998,Rain
15.7,83,17,997.5,Rain
15.7,83,13,997.2,Rain
15.6,83,11,996.9,Rain
15.3,84,9,996.9,Rain
15.2,83,13,997.2,Rain
15.2,82,17,997.6,Rain
15.4,81,15,997.9,Rain
16.3,77,20,998.1,Rain
18,72,28,998.3,Mostly Cloudy
18,68,20,998.6,Cloudy
18.7,69,20,998.9,Rain
17.8,76,24,999.3,Rain
19.8,67,20,999.2,Rain
19.3,73,13,999.6,Rain
19.1,76,19,999.9,Rain
19.6,75,19,1000.2,Mostly Cloudy
20.3,68,20,1000.3,Rain
19.9,70,20,1000.5,Mostly Cloudy
21.1,64,15,1000.6,Mostly Cloudy
19.4,70,17,1000.9,Rain
19.3,68,11,1001.3,Cloudy
19.3,66,13,1001.9,Mostly Cloudy
18.7,71,11,1001.9,Cloudy
17.5,80,9,1001.7,Cloudy
17.2,81,6,1001.7,Cloudy
17.7,75,11,1001.5,Cloudy
17.6,76,7,1001.6,Cloudy
17.5,76,6,1001.8,Rain
17.7,78,11,1002,Rain Showers
17.6,78,9,1002.5,Mostly Cloudy
17.7,77,11,1002.7,Mostly Cloudy
18.6,76,11,1002.9,Mostly Cloudy
19.4,72,9,1002.8,Mostly Cloudy
20.4,67,11,1002.7,Mostly Cloudy
21.7,64,11,1002.3,Mostly Cloudy
23,60,13,1002.1,Mostly Cloudy
24.6,56,9,1001.9,Mostly Cloudy
24.9,54,17,1001.1,Mainly Clear
25.5,53,22,1000.8,Mainly Clear
27,47,22,1000.3,Mainly Clear
27.1,45,22,1000.1,Mainly Clear
27.2,40,19,999.2,Mostly Cloudy
26.4,41,19,999,Mostly Cloudy
25.4,46,13,999.1,Mostly Cloudy
24.1,52,11,998.9,Mainly Clear
23.6,56,11,999.5,Mainly Clear
22.5,63,11,998.8,Mostly Cloudy
21.9,67,15,998.5,Mostly Cloudy
22.2,60,15,998.3,Rain Showers
21.1,67,4,997.5,Cloudy
20.3,73,7,997.1,Cloudy
19.5,81,7,997.1,"Thunderstorms,Rain Showers,Fog"
18.8,86,9,996.8,Cloudy
18.9,85,13,997.1,Mostly Cloudy
19.7,83,17,997.2,Mostly Cloudy
21.4,75,20,996.5,Mainly Clear
22.8,72,24,996.1,Mainly Clear
24.8,66,24,995.5,Mainly Clear
25.5,64,26,995.2,Clear
26.5,64,26,995.1,Mainly Clear
27.3,59,32,994.7,Mostly Cloudy
28.6,53,37,994.6,Mainly Clear
29.8,46,33,994.4,Mainly Clear
30.7,38,32,994.2,Mainly Clear
31.1,33,28,993.9,Mainly Clear
30.2,33,30,994.3,Mainly Clear
29.8,35,24,994.5,Mainly Clear
28.5,37,17,994.5,Mainly Clear
27.6,42,9,995.1,Mainly Clear
26.5,50,22,995.8,Mainly Clear
25.7,48,22,995.9,Mostly Cloudy
24.5,50,17,996.1,Mainly Clear
23.1,49,20,996.3,Clear
22.6,49,15,996.8,Clear
22,51,17,996.7,Clear
21.2,57,17,996.6,Clear
20.5,62,20,997,Clear
20.8,59,26,998.3,Mostly Cloudy
21.6,59,28,998.5,Mostly Cloudy
22.1,59,20,998.6,Mostly Cloudy
23.4,57,26,998.8,Mostly Cloudy
24.2,53,26,998.3,Mainly Clear
25.1,52,30,998.3,Mainly Clear
26.3,50,26,997.9,Mainly Clear
27.6,48,26,997.4,Mainly Clear
28,45,30,996.8,Mainly Clear
29.9,37,33,996.7,Mainly Clear
28.8,38,28,996.6,Mostly Cloudy
29,38,26,996.5,Mostly Cloudy
24.8,64,11,996.9,Mostly Cloudy
24.3,61,22,997.9,Mostly Cloudy
23.9,64,7,998.6,Mostly Cloudy
22.9,66,6,999.2,Mostly Cloudy
23.6,64,13,1000.2,Mostly Cloudy
23.3,61,7,1000.4,Mostly Cloudy
22.3,66,4,1000.7,Mostly Cloudy
22,67,0,1001,Mostly Cloudy
21.1,76,6,1001.4,Mostly Cloudy
20.4,76,9,1001.6,Mostly Cloudy
20.2,67,7,1002.2,Mostly Cloudy
20,61,6,1002.7,Mostly Cloudy
20.2,60,0,1003.2,Mostly Cloudy
21,60,7,1004.1,Mostly Cloudy
21.3,61,11,1004.6,Mostly Cloudy
21.6,58,6,1005,Mainly Clear
22.9,54,4,1005.1,Mainly Clear
23.4,54,13,1005,Mainly Clear
24.6,53,19,1005,Mainly Clear
24.2,51,22,1005.4,Mainly Clear
25.4,49,22,1005.5,Mainly Clear
25.1,50,17,1005.6,Mainly Clear
24.7,51,15,1005.6,Mostly Cloudy
24.7,51,15,1005.5,Mostly Cloudy
25.3,51,11,1005.2,Mainly Clear
24.5,52,17,1005.2,Mainly Clear
23.6,51,15,1005.1,Mainly Clear
21.9,57,11,1005.5,Mainly Clear
21.3,59,7,1006.3,Mainly Clear
19.6,66,11,1006.3,Mainly Clear
19.1,67,9,1006.7,Mainly Clear
18.1,72,13,1006.9,Mainly Clear
17.3,74,7,1007.1,Mainly Clear
16.6,77,7,1007.2,Mainly Clear
16.6,77,6,1007.2,Mainly Clear
16.8,75,0,1007.5,Mainly Clear
16.6,78,6,1007.6,Mainly Clear
19.5,71,6,1007.9,Mainly Clear
21.5,65,9,1008.1,Mainly Clear
22.2,63,15,1008.4,Mostly Cloudy
23.4,59,15,1008.3,Mainly Clear
23.6,59,13,1008.1,Mainly Clear
25.2,55,19,1007.8,Mainly Clear
25.9,53,15,1007.3,Mainly Clear
26.5,45,17,1006.6,Mainly Clear
26.7,42,19,1006.1,Mostly Cloudy
28.3,37,30,1005.5,Mainly Clear
28,36,22,1005.4,Mainly Clear
26.3,35,26,1006.2,Mostly Cloudy
25.9,37,20,1006.6,Mostly Cloudy
24.5,39,15,1006.9,Mostly Cloudy
21.7,47,9,1007.5,Mainly Clear
20,54,6,1008.1,Mainly Clear
19.1,57,6,1008.2,Mainly Clear
19,59,7,1008.1,Mainly Clear
18.2,62,7,1008.3,Mainly Clear
16.7,67,4,1008.4,Clear
17.2,67,4,1008.3,Clear
16.9,66,0,1008.3,Clear
14.3,78,6,1008.9,Clear
17.6,64,6,1008.4,Clear
18.5,62,9,1009.8,Clear
20.3,53,6,1009.7,Clear
21.5,51,0,1009.6,Clear
21.9,50,9,1009.4,Mainly Clear
23,49,4,1008.9,Mainly Clear
24.1,47,9,1008.5,Mostly Cloudy
25.2,45,11,1007.9,Mostly Cloudy
26.9,43,13,1007.4,Cloudy
27.3,41,9,1006.6,Cloudy
26.9,40,15,1005.8,Cloudy
27.4,37,15,1005.5,Cloudy
27.5,34,15,1004.9,Cloudy
27,36,11,1004.4,Cloudy
25.3,51,17,1004.1,Cloudy
24.8,47,17,1003.6,Cloudy
25,50,13,1003.7,Rain Showers
21.5,66,17,1003.5,Rain Showers
20.8,69,0,1003.2,Rain Showers
19.8,78,6,1003.4,Rain
19.4,84,6,1002.5,Cloudy
19.3,84,13,1002.1,Cloudy
19.3,83,13,1001.9,Cloudy
19.9,83,13,1002.1,Cloudy
20.3,82,15,1002.5,Cloudy
20.5,82,15,1002.4,Cloudy
21.1,81,15,1002.4,Cloudy
22.3,77,17,1002.3,Cloudy
23.2,74,17,1002,Mostly Cloudy
24.6,71,19,1001.6,Cloudy
24.8,70,24,1001.3,Cloudy
26.1,70,24,1001.4,Cloudy
27,66,24,1000.7,Mostly Cloudy
27.5,63,24,1000.4,Mostly Cloudy
28.4,60,19,999.8,Mostly Cloudy
26.7,67,15,998.4,Thunderstorms
21.6,91,11,1000.2,"Thunderstorms,Rain Showers"
23.4,85,9,1000.6,Mainly Clear
23.3,83,6,1000.9,Mainly Clear
21.8,85,9,1001.5,Mainly Clear
21.2,84,9,1002.5,Mainly Clear
21.1,77,17,1003.1,Clear
19.1,82,11,1003.7,Clear
17.9,82,9,1003.8,Clear
17.2,86,6,1004.5,Mainly Clear
16.6,88,11,1004.3,Mainly Clear
16.8,87,11,1004.6,Mainly Clear
15.8,90,7,1004.7,Mainly Clear
16.1,90,9,1005.6,Mainly Clear
18.3,79,13,1006.2,Mainly Clear
19.4,74,17,1006.8,Mainly Clear
20.4,71,7,1007.3,Mainly Clear
21.1,69,6,1007.4,Mostly Cloudy
22,67,9,1007.2,Mostly Cloudy
23.3,65,7,1006.9,Cloudy
23.3,65,6,1006.8,Cloudy
24.3,63,9,1006.6,Cloudy
24.5,59,11,1006.6,Mostly Cloudy
24.3,63,11,1006.9,Mostly Cloudy
24.8,66,17,1006.6,Mostly Cloudy
25.8,60,17,1006.5,Mainly Clear
25,62,19,1006.4,Mainly Clear
24.5,65,15,1006.5,Mainly Clear
23.4,68,13,1006.9,Clear
23.1,69,9,1007.6,Clear
21.9,77,9,1007.6,Clear
20.8,82,7,1007.4,Clear
20.5,81,7,1007.3,Mainly Clear
20.7,81,0,1007.5,Mainly Clear
19.9,83,4,1007.4,Clear
19.1,83,7,1007.6,Clear
19.3,82,7,1007.5,Clear
19.3,83,6,1007.8,Mainly Clear
20.7,82,9,1007.9,Mostly Cloudy
20.6,79,13,1007.9,Mostly Cloudy
22.1,71,15,1007.6,Mostly Cloudy
23.8,65,19,1006.9,Cloudy
25.7,64,15,1006.5,Cloudy
26.9,59,15,1006.1,Cloudy
27.7,54,22,1005.2,Cloudy
28.5,55,22,1005,Cloudy
29,53,22,1004.5,Cloudy
29.6,55,20,1004.7,Cloudy
30.5,55,20,1004.1,Cloudy
29.5,57,15,1003.8,Cloudy
29.7,59,11,1003.3,Cloudy
29.1,61,15,1003.6,Cloudy
28.7,64,13,1003.3,Cloudy
28.3,67,7,1003.6,Cloudy
26.8,75,9,1003.9,Cloudy
26.3,73,11,1004.6,Rain Showers
25.8,74,6,1004.4,Cloudy
25.1,62,11,1004,Cloudy
24,62,7,1003.3,Cloudy
24.1,61,9,1003.8,Cloudy
23.9,61,13,1004.7,Cloudy
22.2,72,11,1005.2,Rain
23.2,70,9,1004.5,Cloudy
23.5,67,19,1004.2,Mostly Cloudy
23.3,65,17,1004,Cloudy
23.1,65,15,1004.2,Mostly Cloudy
24.1,61,19,1004.3,Mostly Cloudy
24.4,60,17,1004.4,Mostly Cloudy
26.5,54,22,1004.2,Mainly Clear
27.8,50,20,1003.7,Mainly Clear
28.8,47,17,1003.2,Mainly Clear
28.9,47,22,1002.8,Mostly Cloudy
29.1,44,17,1002.8,Mostly Cloudy
28.7,42,20,1002.8,Mainly Clear
27.7,47,15,1003.3,Mainly Clear
26.4,50,13,1004,Mostly Cloudy
25.5,51,9,1004.3,Mostly Cloudy
24.5,54,11,1004.8,Mostly Cloudy
23.2,60,9,1004.9,Mainly Clear
23.8,54,17,1005.3,Mainly Clear
22,59,17,1005.6,Mainly Clear
21,60,15,1005.9,Mainly Clear
20,63,11,1006.2,Mainly Clear
17.7,68,7,1006.4,Mainly Clear
16.3,77,7,1007,Clear
16.6,80,9,1007.6,Mainly Clear
18.6,68,15,1008,Mainly Clear
18.8,65,20,1008.3,Mainly Clear
19.3,43,22,1008.4,Mainly Clear
20.6,46,20,1008.1,Clear
21.6,41,22,1008.2,Clear
22,38,19,1008.1,Clear
23,38,24,1007.9,Clear
23.9,35,17,1007.6,Mainly Clear
24.5,39,17,1007.2,Mainly Clear
24.3,37,15,1007.2,Mainly Clear
24.5,34,24,1007.2,Mainly Clear
24.2,35,26,1007,Mainly Clear
23.6,38,20,1006.9,Mainly Clear
22.2,41,19,1007.2,Mainly Clear
20.3,46,11,1007.4,Clear
19.8,46,9,1008,Clear
17.9,53,7,1008.1,Clear
17.1,57,9,1008.5,Clear
16,63,13,1008.3,Clear
14.4,70,9,1008.4,Clear
14.9,68,9,1008.6,Clear
13.2,76,9,1008.8,Mainly Clear
13.5,74,9,1009.1,Mainly Clear
12.8,80,7,1009.8,Mainly Clear
16.1,65,13,1010.7,Mainly Clear
17.8,55,11,1011,Clear
18.2,52,11,1011.3,Clear
19.2,48,9,1011.3,Clear
19.9,45,17,1011.2,Clear
21.4,42,20,1010.9,Clear
22.2,38,13,1010.7,Clear
23.1,38,19,1010.4,Mainly Clear
24.3,32,22,1010.1,Mainly Clear
24.4,29,17,1010,Mainly Clear
24.5,28,15,1009.9,Mainly Clear
24.2,29,11,1009.8,Mainly Clear
23.6,34,13,1010,Mainly Clear
22.3,38,13,1010.1,Mainly Clear
19.5,47,7,1010.2,Clear
19.9,46,6,1010.5,Mainly Clear
17.6,57,4,1010.4,Clear
16.3,64,6,1010.5,Mainly Clear
18.2,64,7,1010.4,Clear
18.7,55,13,1010.4,Clear
17,63,7,1010.6,Clear
16.6,69,9,1010.6,Clear
16.4,77,11,1011.1,Clear
16.6,73,9,1011.5,Mainly Clear
17.1,73,9,1011.9,Mainly Clear
19.3,62,9,1012.2,Mainly Clear
20.4,65,15,1012.2,Mainly Clear
22.3,55,9,1012.4,Mainly Clear
23.6,47,9,1012.3,Mainly Clear
25,41,15,1012.1,Mainly Clear
25.9,35,26,1011.5,Mainly Clear
25.8,33,22,1011.4,Mainly Clear
27,36,19,1011.1,Mostly Cloudy
26.5,38,19,1010.9,Mainly Clear
26.1,38,13,1010.9,Mostly Cloudy
26.5,36,13,1011,Mainly Clear
25.6,35,19,1011.3,Mainly Clear
23.9,42,13,1011.8,Mainly Clear
21.5,46,11,1012.6,Clear
21.9,40,11,1013.4,Mainly Clear
20.2,41,7,1013.7,Clear
17.7,52,9,1014.3,Clear
18.5,45,7,1014.5,Clear
15.5,62,0,1015,Clear
14.9,63,4,1015.2,Clear
15.1,54,4,1015.5,Clear
13.5,72,4,1016,Clear
13.1,75,4,1016.6,Clear
15.4,70,6,1017.1,Clear
18.2,57,4,1017.3,Clear
20.4,48,4,1017.5,Clear
22.5,44,9,1017.3,Clear
23.9,39,7,1017.4,Mainly Clear
24.9,39,9,1017.2,Mainly Clear
26.4,33,13,1016.9,Mainly Clear
26.7,33,15,1016.6,Mainly Clear
27.4,32,13,1016.1,Mostly Cloudy
27.8,31,19,1015.9,Mostly Cloudy
27.6,31,20,1015.4,Mostly Cloudy
27.5,34,19,1015,Mostly Cloudy
27.3,30,19,1014.8,Mostly Cloudy
26.5,33,13,1015,Mostly Cloudy
25.6,39,9,1014.9,Mainly Clear
22.5,51,13,1015.3,Mainly Clear
21.8,51,9,1015,Mainly Clear
22.8,50,17,1015,Clear
21.8,57,11,1015,Clear
18.5,72,6,1015,Clear
20.6,61,6,1014.9,Clear
20.6,60,11,1015,Clear
20.3,61,7,1015.2,Mainly Clear
17.7,73,9,1015.6,Mainly Clear
20.2,60,17,1015.7,Mainly Clear
21.6,57,15,1015.8,Mainly Clear
22.6,55,13,1015.9,Mainly Clear
24.2,61,15,1015.6,Mainly Clear
26,50,20,1015.7,Mainly Clear
27.6,42,22,1015.4,Mainly Clear
29,40,22,1015,Mainly Clear
29.6,38,24,1014.6,Mainly Clear
30.8,35,24,1014.4,Mostly Cloudy
30.6,34,24,1013.8,Mostly Cloudy
30.4,34,24,1013.7,Mostly Cloudy
29.8,36,19,1013.3,Mostly Cloudy
29.1,39,13,1013.2,Cloudy
28.2,42,11,1013.4,Cloudy
26.9,47,7,1013.6,Mostly Cloudy
25.7,52,6,1014.1,Mainly Clear
24.4,64,9,1014,Mainly Clear
23.5,63,11,1014.1,Mainly Clear
21.8,73,6,1014.5,Mainly Clear
22.6,64,7,1014.4,Mainly Clear
22.4,61,9,1013.7,Mainly Clear
21.1,67,11,1014.5,Mainly Clear
20.8,68,13,1014.9,Clear
20.7,68,15,1015.6,Mainly Clear
21.7,69,15,1015.7,Mainly Clear
22.5,63,15,1015.9,Mostly Cloudy
24.4,56,13,1016.1,Mostly Cloudy
25.9,56,15,1016,Mostly Cloudy
27.2,54,15,1015.9,Mostly Cloudy
29,46,17,1015.7,Mainly Clear
30.1,40,19,1015.4,Mainly Clear
31.2,37,20,1015.1,Mainly Clear
32.1,26,20,1014.9,Mainly Clear
31.9,30,22,1014.6,Clear
31.6,30,22,1014,Clear
31.4,34,20,1013.6,Mainly Clear
30.9,37,13,1013.3,Clear
29.9,41,11,1013.3,Mainly Clear
28.5,46,11,1013.5,Mainly Clear
27.4,51,11,1013.8,Mainly Clear
26.6,54,9,1013.7,Clear
26,55,7,1013.8,Clear
25.2,59,11,1013.8,Clear
25,55,15,1013.7,Clear
24.2,59,11,1013.4,Clear
23.3,61,13,1013.5,Clear
23.1,62,15,1014,Clear
23,68,13,1014.5,Mainly Clear
23.4,66,15,1014.7,Mainly Clear
24.3,64,13,1014.9,Mainly Clear
25.7,58,17,1014.9,Mainly Clear
27.3,53,15,1014.5,Mainly Clear
30.2,47,17,1014.6,Mainly Clear
29.6,56,17,1014.4,Mainly Clear
31.7,49,22,1014.1,Mainly Clear
31.9,47,19,1013.7,Mainly Clear
32.7,35,28,1013.5,Mainly Clear
33,38,22,1013.1,Mainly Clear
32.9,35,24,1012.6,Mainly Clear
32.5,38,19,1012.2,Mainly Clear
31.5,46,15,1011.9,Mainly Clear
30.8,47,11,1012.1,Mainly Clear
29.8,48,9,1012.2,Mainly Clear
28.3,56,9,1012.8,Clear
27.8,56,11,1012.9,Clear
26,66,9,1013.1,Clear
25.5,67,7,1013.2,Clear
25.2,67,9,1012.9,Clear
24.5,71,9,1012.8,Mainly Clear
24.1,71,11,1012.6,Clear
21.6,79,7,1012.4,Mainly Clear
23.2,74,9,1012.6,Mostly Cloudy
23.9,71,9,1012.3,Cloudy
24.5,68,9,1012.4,Cloudy
25.8,62,15,1012.4,Cloudy
26.5,63,13,1012.1,Mostly Cloudy
28.1,58,13,1011.7,Cloudy
29.3,58,15,1011.4,Cloudy
29.4,56,9,1010.6,Cloudy
30.5,51,15,1009.8,Cloudy
30.2,55,17,1009.2,Cloudy
22.7,90,24,1009.2,"Thunderstorms,Rain Showers"
24,81,0,1007.8,Cloudy
23.5,84,11,1007.8,Cloudy
24.4,79,0,1007.9,Cloudy
23.8,85,20,1007.3,Mostly Cloudy
23.2,80,6,1007.3,Mostly Cloudy
23,78,9,1007.2,Mainly Clear
22.2,82,7,1006.7,Mainly Clear
21.8,85,6,1006.7,Mainly Clear
21.2,87,6,1006.4,Mostly Cloudy
21.6,87,0,1006.2,Thunderstorms
20.4,89,6,1005.2,Rain Showers
20.8,91,7,1005.2,Cloudy
20.4,93,0,1005.2,Mostly Cloudy
20.3,96,4,1005.5,Fog
21.8,88,6,1005.5,Mainly Clear
23,82,6,1005.7,Mostly Cloudy
24.5,80,7,1005.7,Mostly Cloudy
25.7,74,9,1005.6,Mostly Cloudy
26.8,70,9,1005.5,Mostly Cloudy
27.4,66,13,1005.4,Mostly Cloudy
27.4,65,11,1005.2,Mostly Cloudy
28.1,61,15,1004.5,Mostly Cloudy
28.1,64,13,1004.3,Cloudy
28.6,60,11,1003.9,Cloudy
28.8,50,15,1003.5,Mostly Cloudy
28.7,46,19,1003.5,Mostly Cloudy
27.6,51,15,1003.5,Mostly Cloudy
26.5,57,4,1003.2,Mostly Cloudy
24.3,67,7,1003,Mostly Cloudy
24.5,69,4,1003.7,Cloudy
24.2,67,9,1003.8,Mostly Cloudy
23.5,71,6,1003.6,Cloudy
23.8,68,0,1003.3,Cloudy
24.4,63,6,1002.8,Mostly Cloudy
23.9,75,6,1002.1,Cloudy
23.3,81,4,1001.4,Cloudy
22.8,86,7,1001,Rain
20.6,88,19,1000.8,"Thunderstorms,Rain,Fog"
19.6,93,15,1000.1,"Thunderstorms,Moderate Rain Showers,Fog"
19.9,95,9,999.9,"Drizzle,Fog"
21.5,93,19,998.7,Rain
22.9,91,17,998.4,"Thunderstorms,Rain Showers,Fog"
24.7,79,19,997.9,Mostly Cloudy
27.2,66,22,997.5,Mainly Clear
28.3,65,17,997.2,Cloudy
29.4,66,9,996.6,Cloudy
25.5,87,17,996.5,"Thunderstorms,Rain Showers"
25.8,80,4,996.9,Cloudy
23.8,88,24,998.1,"Thunderstorms,Rain Showers"
25.9,80,7,998.3,Cloudy
26,71,19,998.4,Mostly Cloudy
24.3,72,19,999.4,Mostly Cloudy
23.2,75,11,1000,Mostly Cloudy
23,76,9,1000.9,Mostly Cloudy
22.4,78,9,1001.9,Mostly Cloudy
21.6,80,13,1002.5,Mostly Cloudy
20.7,82,9,1002.8,Mostly Cloudy
21.3,79,11,1003.7,Cloudy
19.9,87,7,1003.5,Mostly Cloudy
19.3,88,9,1003.3,Clear
19,86,6,1003.8,Mainly Clear
18.8,88,0,1004.4,Mainly Clear
20,84,6,1005.6,Mostly Cloudy
20.5,78,11,1006,Mostly Cloudy
21.1,66,22,1006.6,Mainly Clear
22.6,55,24,1007.3,Mainly Clear
22.3,47,26,1007.7,Mainly Clear
22.6,48,24,1008,Mainly Clear
23.2,44,24,1008,Mainly Clear
23.9,43,24,1008.3,Mostly Cloudy
23.3,43,19,1008.7,Mostly Cloudy
24,41,26,1008.3,Mainly Clear
24.1,40,24,1007.7,Mainly Clear
23.5,42,15,1007.8,Mainly Clear
22.6,48,17,1008.8,Mainly Clear
21.5,50,17,1009.8,Mainly Clear
20,53,13,1010.3,Mainly Clear
19.4,54,11,1010.6,Clear
17.5,63,11,1010.6,Clear
15.7,72,7,1010.9,Clear
14.4,79,4,1011.4,Clear
14.2,82,7,1011.1,Clear
14.6,77,6,1011.1,Clear
13.8,80,7,1010.9,Clear
12.4,88,6,1011.1,Mainly Clear
12.7,86,0,1012,Mainly Clear
15.2,76,6,1012.5,Mainly Clear
16.7,63,11,1012.7,Clear
18.4,56,6,1012.8,Mainly Clear
19.3,54,6,1012.9,Mainly Clear
19.2,51,9,1013,Mostly Cloudy
20.3,52,7,1013.3,Mostly Cloudy
21.5,48,6,1012.9,Mostly Cloudy
21.3,45,7,1012.7,Mostly Cloudy
22.6,42,4,1012.2,Mostly Cloudy
22.9,41,13,1012.1,Mostly Cloudy
22.8,38,11,1012.1,Mainly Clear
22.9,39,15,1012.1,Mainly Clear
21.9,41,15,1012,Mainly Clear
21.4,44,11,1012.5,Mainly Clear
20,47,7,1012.8,Mainly Clear
19.2,52,13,1013.4,Mainly Clear
18.7,57,11,1013.9,Mainly Clear
19.5,48,15,1014.1,Mainly Clear
17.2,60,11,1014.5,Clear
16,65,15,1014.8,Clear
14.6,73,11,1014.6,Clear
14.2,75,11,1014.4,Clear
14.4,71,11,1014.9,Clear
14.5,71,13,1015.1,Clear
15.5,68,13,1015.5,Mainly Clear
17.1,63,9,1015.6,Mainly Clear
19.3,55,9,1015.7,Mainly Clear
20.3,51,11,1015.8,Mainly Clear
21.3,51,13,1015.7,Mainly Clear
21.3,51,9,1015.7,Mainly Clear
22.6,43,6,1015.1,Mainly Clear
23.2,44,9,1014.5,Mainly Clear
23.9,41,13,1014.2,Mainly Clear
24.2,40,4,1013.7,Mainly Clear
24.4,39,11,1013.4,Mainly Clear
24.2,40,4,1013.4,Mainly Clear
24.6,39,4,1013.5,Mainly Clear
23.5,36,7,1013.3,Mainly Clear
22.2,44,6,1013.4,Mainly Clear
19.6,61,0,1013.6,Clear
18.1,69,0,1013.7,Clear
18.2,68,0,1013.6,Clear
17.2,74,4,1014,Clear
17.2,73,0,1014,Clear
15.1,84,0,1013.9,Clear
14,89,0,1013.7,Clear
14.6,90,0,1014,Clear
14.5,88,4,1013.8,Clear
16.9,81,4,1014,Clear
20,73,0,1014.3,Clear
21.1,65,0,1014.7,Mainly Clear
22.3,61,7,1014.4,Mainly Clear
23.2,57,9,1014,Mainly Clear
24.7,50,9,1013.9,Mainly Clear
24.9,45,6,1013.6,Mainly Clear
25.5,43,11,1013,Mainly Clear
26.2,45,17,1012.6,Mostly Cloudy
26.3,42,17,1012.2,Mostly Cloudy
26.2,44,15,1011.9,Mostly Cloudy
26.9,40,15,1011.3,Mainly Clear
26.1,38,15,1011.1,Mainly Clear
25.4,42,13,1010.6,Mostly Cloudy
24.6,50,13,1010.8,Mostly Cloudy
23.4,52,4,1011.8,Mostly Cloudy
23,62,4,1011.9,Mostly Cloudy
22.9,59,9,1011.9,Cloudy
22.7,61,11,1011.9,Cloudy
22.5,64,13,1011.7,Mostly Cloudy
22.4,67,15,1011.3,Mostly Cloudy
22.4,62,15,1011.2,Mostly Cloudy
21.9,66,15,1011.5,Mainly Clear
21.8,64,15,1011.8,Mostly Cloudy
22.2,64,17,1012.2,Mainly Clear
22.5,65,19,1012.4,Mostly Cloudy
23.3,69,19,1012.6,Mainly Clear
25.2,64,26,1012.3,Mainly Clear
25.7,64,22,1012,Mainly Clear
26.8,61,24,1011.6,Mainly Clear
27.8,56,22,1011.5,Mainly Clear
28.3,56,20,1011.1,Mainly Clear
28.3,55,20,1010.9,Mostly Cloudy
30.1,52,20,1010.6,Mostly Cloudy
29.9,48,24,1010.2,Mostly Cloudy
29.1,51,17,1010.2,Mostly Cloudy
29.2,47,20,1009.9,Mostly Cloudy
28.6,47,20,1009.9,Mostly Cloudy
27.3,55,13,1010.5,Mainly Clear
26.9,55,15,1010.7,Mostly Cloudy
25.8,60,11,1010.1,Clear
25,64,9,1010.3,Mainly Clear
24.3,67,11,1010.1,Mainly Clear
24.3,66,11,1010,Mainly Clear
23.8,69,9,1009.8,Mostly Cloudy
23.4,72,9,1009.7,Mainly Clear
23,74,11,1009.4,Mostly Cloudy
23.1,72,13,1009.4,Cloudy
23.5,73,13,1009.4,Cloudy
24.1,73,17,1008.9,Cloudy
24.8,72,19,1008.6,Cloudy
26.3,67,19,1007.6,Mainly Clear
27.6,67,20,1007,Mainly Clear
27.8,65,15,1006.4,Mainly Clear
28.8,60,13,1005.7,Mainly Clear
30.1,56,11,1004.6,Mainly Clear
30.7,52,17,1003.5,Mostly Cloudy
30.1,53,11,1001.9,Cloudy
29.9,52,9,1001.5,Cloudy
19.4,93,4,1002.4,"Thunderstorms,Rain"
20.6,91,30,1001.9,"Thunderstorms,Rain"
20.7,87,20,1000.8,Rain
21,86,9,999.8,Cloudy
18.1,98,11,1002.7,"Thunderstorms,Rain Showers"
18.7,96,7,1000.4,"Thunderstorms,Rain Showers"
19.6,95,11,999.3,Cloudy
19.3,94,6,998.4,Cloudy
19.4,93,11,997.6,Mostly Cloudy
19.3,94,0,997.5,Cloudy
18.2,98,4,997.3,Mainly Clear
18.9,98,7,997.5,Mostly Cloudy
19.5,95,6,997.8,Mostly Cloudy
20.5,91,7,998,Mainly Clear
21.6,87,13,998.5,Mainly Clear
22.7,81,13,998.9,Mainly Clear
23.5,70,19,999.3,Mostly Cloudy
24,62,19,999.5,Mostly Cloudy
23.4,67,17,999.6,Cloudy
23.5,66,22,999.8,Mostly Cloudy
23.8,56,30,1000.4,Mainly Clear
24.5,46,28,1001.1,Mostly Cloudy
23,45,24,1001.4,Mostly Cloudy
23.8,47,20,1001.5,Mostly Cloudy
23,48,24,1001.9,Mostly Cloudy
22.1,52,15,1002.5,Mostly Cloudy
21.4,53,15,1002.9,Mostly Cloudy
20.7,58,17,1003.4,Mostly Cloudy
19.6,62,17,1004.1,Mostly Cloudy
19,65,19,1004.5,Mainly Clear
18,70,17,1005,Clear
16.6,76,11,1005.5,Clear
15.8,78,4,1005.6,Clear
15.4,83,9,1005.9,Clear
15.4,83,11,1006.5,Clear
14.5,86,7,1006.9,Clear
13.8,89,7,1007.1,Clear
16.2,82,11,1007.6,Clear
17.5,71,13,1008.1,Clear
18.8,68,13,1008,Clear
19.6,65,11,1007.9,Clear
21.1,58,11,1008.8,Clear
22.3,57,13,1007.6,Mainly Clear
23.2,52,9,1007.6,Mainly Clear
23.4,52,19,1006.6,Mostly Cloudy
23.6,53,22,1006.1,Mostly Cloudy
24.8,50,19,1005.8,Mostly Cloudy
24.7,51,22,1005.1,Cloudy
24.1,48,28,1004.6,Cloudy
23.7,51,20,1004.4,Cloudy
23.4,52,17,1003.7,Cloudy
23.2,49,15,1003.4,Cloudy
21.8,60,13,1003.1,Cloudy
21.2,63,13,1002.9,Cloudy
20.8,63,11,1002.9,Rain Showers
21.3,65,13,1002.3,Rain Showers
20.4,66,13,1001.8,Mostly Cloudy
20.3,66,11,1001.2,Mostly Cloudy
20.6,68,9,1000.7,Cloudy
20.6,67,6,1000,Cloudy
20,72,7,999.8,Cloudy
19.6,77,9,1000.1,Rain
19.4,81,7,1000,Cloudy
20.4,71,4,999.9,Cloudy
20.6,72,9,999.7,Cloudy
20.6,76,11,999.6,Cloudy
21.9,76,7,999.3,Mostly Cloudy
21.1,74,6,999.1,Cloudy
21.3,73,4,999,Cloudy
21.6,74,6,998.6,Cloudy
21.3,75,4,998.6,Cloudy
21.9,72,7,998.3,Cloudy
21.7,72,7,998.6,Cloudy
21.6,73,11,998.9,Cloudy
21,80,11,999.2,Cloudy
20.5,83,4,999.4,Mostly Cloudy
20.3,84,4,999.7,Mostly Cloudy
18.8,92,0,999.4,Mainly Clear
18.6,93,0,999.9,Mostly Cloudy
18.1,94,0,1000.1,Mainly Clear
17.2,96,0,1000.5,Mostly Cloudy
16.9,96,4,1000.8,Mainly Clear
15.9,96,4,1001,Mostly Cloudy
17.5,92,0,1001.9,Mainly Clear
16.2,96,7,1003.3,Mostly Cloudy
18.4,82,17,1003.4,Mostly Cloudy
19,74,24,1004.4,Mostly Cloudy
20.2,69,13,1004.6,Mostly Cloudy
21.1,66,7,1005.1,Mostly Cloudy
22,66,6,1005.3,Mainly Clear
23.4,65,4,1005.5,Mainly Clear
24.1,59,6,1005.6,Mainly Clear
24.8,58,0,1005.5,Mainly Clear
26.6,55,0,1005.7,Mainly Clear
26.1,57,11,1006,Mostly Cloudy
25.6,55,6,1006.3,Mostly Cloudy
25.8,54,6,1006.6,Mostly Cloudy
26.1,51,7,1007.1,Mostly Cloudy
23.7,66,4,1007.4,Mainly Clear
22.5,69,6,1008,Mainly Clear
21.4,74,4,1008.6,Mainly Clear
21.3,72,0,1008.8,Mainly Clear
21.1,76,0,1009.2,Mostly Cloudy
22.8,69,9,1009.5,Mostly Cloudy
22.3,50,4,1010.1,Mainly Clear
20.8,57,13,1010.6,Mostly Cloudy
18.7,76,11,1010.9,Mostly Cloudy
17.6,70,13,1011.4,Mostly Cloudy
17.4,67,15,1011.8,Mostly Cloudy
18.1,65,17,1012,Mostly Cloudy
19.5,58,15,1012.2,Mostly Cloudy
20.3,57,17,1012.5,Mostly Cloudy
20.7,59,19,1012.5,Mostly Cloudy
21.6,57,15,1012.9,Mostly Cloudy
23.9,54,20,1012.6,Cloudy
23.9,55,13,1011.9,Cloudy
25.5,44,13,1011.5,Cloudy
26.4,38,13,1011.3,Mostly Cloudy
26.7,38,22,1011.2,Mostly Cloudy
25.8,42,17,1011,Mostly Cloudy
26.2,38,17,1011,Mostly Cloudy
26.2,37,15,1011.5,Mostly Cloudy
25.6,38,13,1011.5,Mostly Cloudy
24.6,42,9,1011.4,Mostly Cloudy
22.8,50,4,1011.4,Mainly Clear
19.5,66,7,1011.6,Mainly Clear
18.9,72,9,1011.8,Mainly Clear
18.5,74,9,1011.8,Clear
18.4,74,13,1011.6,Clear
17.7,73,15,1011.6,Clear
17.1,66,15,1011.4,Mainly Clear
16.8,67,13,1011.5,Mainly Clear
16.6,69,13,1012.3,Mainly Clear
17.6,66,15,1012.7,Mainly Clear
19.2,64,15,1012.9,Mainly Clear
20.5,63,13,1013.1,Mainly Clear
22.2,63,9,1013,Mainly Clear
24,65,7,1012.8,Mainly Clear
24.7,61,11,1012.6,Mainly Clear
26.6,57,6,1012.1,Mainly Clear
26.6,57,9,1011.7,Mainly Clear
27.3,55,4,1011.2,Mainly Clear
27.8,54,11,1010.9,Mainly Clear
27.5,54,0,1010.6,Mainly Clear
27,54,7,1010.3,Mainly Clear
26.8,55,6,1010.5,Mainly Clear
26.5,57,6,1010.8,Mostly Cloudy
25.8,59,9,1011.2,Mostly Cloudy
25.3,65,11,1011.5,Mainly Clear
22.5,83,4,1011.6,Mainly Clear
21.2,85,4,1011.8,Clear
21.9,77,0,1011.7,Mainly Clear
19.7,85,6,1011.6,Mainly Clear
20.6,88,6,1011.5,Clear
20.5,87,4,1011.3,Clear
19,81,6,1012.2,Mainly Clear
17.9,93,0,1012.7,Mainly Clear
20.5,80,6,1012.8,Mainly Clear
21.6,76,6,1013.1,Mainly Clear
22.4,70,7,1013.1,Clear
24.1,64,7,1013.1,Mainly Clear
25,57,15,1012.9,Mainly Clear
26,51,15,1012.7,Mainly Clear
27.2,50,19,1012.2,Mainly Clear
28.5,45,15,1011.7,Mostly Cloudy
29.3,44,17,1011.3,Cloudy
29,39,17,1011,Cloudy
29.9,39,9,1010.4,Cloudy
29.4,36,9,1010.3,Cloudy
28.2,46,13,1010.1,Mainly Clear
26.9,53,11,1010.1,Mainly Clear
25.2,59,7,1010.1,Mainly Clear
24.3,63,11,1010,Clear
23.8,68,9,1010,Clear
22.9,73,6,1010.2,Mainly Clear
22.2,82,6,1010.3,Mainly Clear
21.3,81,9,1010.3,Mainly Clear
21.5,74,13,1010.2,Mainly Clear
20.1,78,13,1010.2,Clear
19.4,80,9,1010.3,Mainly Clear
19.8,84,11,1010.4,Mainly Clear
21.1,81,7,1010.5,Mainly Clear
22.6,76,9,1010.3,Clear
24.2,71,9,1010.2,Clear
25.9,68,7,1009.8,Mainly Clear
27.3,64,11,1009.7,Mainly Clear
28.4,63,13,1009.3,Mainly Clear
28.9,61,19,1008.7,Mainly Clear
28.7,56,19,1007.9,Mainly Clear
28.8,53,20,1007,Mainly Clear
28.8,53,19,1006.4,Mainly Clear
28.8,56,22,1005.8,Mostly Cloudy
28,54,20,1005.5,Mostly Cloudy
25.3,69,17,1005.3,Mostly Cloudy
24.8,67,22,1005.5,Rain Showers
22.4,80,35,1006.4,"Thunderstorms,Rain Showers,Fog"
22.8,78,13,1006.5,"Thunderstorms,Rain Showers"
22.8,81,7,1005.7,Mostly Cloudy
21.8,85,4,1005.2,Mainly Clear
21,93,0,1005.3,Mainly Clear
21,92,4,1005.4,Clear
21.3,87,9,1005.5,Mostly Cloudy
20.8,89,9,1005.4,Cloudy
20.8,88,6,1005.7,Mostly Cloudy
20.8,85,9,1005.8,Cloudy
20.4,89,7,1006.2,Rain Showers
20.8,88,11,1006.4,Cloudy
21.2,87,9,1006.5,Cloudy
22,83,13,1006.4,Cloudy
24.1,75,13,1006,Mostly Cloudy
24.1,69,17,1006,Mostly Cloudy
25.2,67,13,1005.6,Mainly Clear
25.7,63,15,1005.1,Mainly Clear
26.9,63,15,1004.8,Mainly Clear
27.3,59,13,1004.6,Mainly Clear
27.8,58,9,1004,Mainly Clear
27.4,60,13,1003.8,Mainly Clear
27,61,15,1003.9,Mainly Clear
26.3,65,13,1004.6,Mostly Cloudy
25.7,67,15,1004.8,Mostly Cloudy
23.1,84,6,1004.9,Mainly Clear
24.2,79,7,1005.2,Mainly Clear
23.9,78,6,1005,Mainly Clear
23.9,78,7,1005.1,Mostly Cloudy
22.6,83,7,1004.8,Mainly Clear
21.8,87,9,1004.9,Mainly Clear
22.2,88,11,1004.7,Mainly Clear
21.5,89,11,1005.1,Mainly Clear
21.3,90,7,1005.5,Clear
21.7,88,15,1005.5,Clear
22.5,86,13,1006,Mainly Clear
23.9,78,11,1006.1,Mainly Clear
24.5,75,17,1006.3,Mainly Clear
25.8,68,11,1006,Mainly Clear
27.3,65,17,1005.6,Mainly Clear
27.4,58,13,1005.6,Mainly Clear
29.1,51,20,1005,Mainly Clear
29.6,52,13,1004.4,Mainly Clear
29.8,52,19,1004.3,Mostly Cloudy
30,48,22,1004,Mostly Cloudy
29.9,43,20,1004.1,Mostly Cloudy
28.4,48,15,1004.2,Mostly Cloudy
27.7,45,15,1004.4,Mostly Cloudy
27.2,48,19,1005.2,Cloudy
26.8,50,24,1005.3,Cloudy
25.7,55,17,1005.2,Cloudy
25,62,24,1005,Mostly Cloudy
24.4,63,17,1005,Mainly Clear
24.1,64,13,1005,Mainly Clear
23.5,68,13,1005.2,Mostly Cloudy
23.4,72,15,1005.4,Mostly Cloudy
22.9,73,15,1006,Cloudy
22.3,76,11,1006.8,Mainly Clear
22.5,77,13,1007.4,Mainly Clear
23.2,75,17,1008.1,Mainly Clear
24.1,71,13,1008.7,Clear
25.6,62,15,1009.1,Mainly Clear
26,60,11,1009.5,Mainly Clear
27.1,55,13,1009.9,Mainly Clear
27.1,53,17,1010.3,Mainly Clear
28.2,49,19,1010.7,Mainly Clear
27.6,48,24,1011,Mainly Clear
29.2,47,17,1011.1,Mainly Clear
28.9,45,20,1011,Mainly Clear
28,48,20,1011.4,Clear
27.2,51,11,1011.8,Clear
25.5,54,7,1012.4,Clear
23.9,60,6,1013.1,Clear
22,68,6,1013.9,Clear
23.3,61,9,1014.2,Clear
23.1,61,4,1014.9,Clear
21.3,69,9,1015.1,Clear
22.3,64,9,1015.5,Mostly Cloudy
22,64,7,1015.9,Mostly Cloudy
21.8,64,6,1016.1,Mostly Cloudy
22.1,61,7,1016.2,Cloudy
21.3,64,11,1016.5,Cloudy
20.2,77,9,1016.7,Mostly Cloudy
21.8,67,17,1017.5,Mainly Clear
23.1,63,13,1017.5,Mainly Clear
24.7,60,15,1017.3,Mainly Clear
27.2,54,13,1017.2,Mainly Clear
28.3,54,17,1016.9,Clear
30.1,52,9,1016.2,Clear
31.2,46,11,1015.6,Clear
32,44,17,1014.8,Clear
32.8,44,17,1013.9,Clear
32.5,44,15,1013.4,Clear
32.5,47,13,1013.2,Clear
32.2,49,13,1012.9,Mostly Cloudy
30.8,50,20,1012.3,Mainly Clear
29.2,53,19,1012.3,Clear
27.5,58,17,1013,Mainly Clear
26.5,60,13,1012.8,Mainly Clear
26.2,63,17,1012.7,Clear
25.7,67,19,1012.4,Clear
25.1,70,19,1011.9,Clear
24.2,74,19,1011.6,Clear
24.4,73,22,1010.6,Mainly Clear
24.3,75,19,1010.4,Mainly Clear
24.1,77,22,1010.2,Mostly Cloudy
24.6,77,19,1009.6,Cloudy
25.9,73,22,1008.9,Cloudy
26.5,72,24,1008,Cloudy
26.9,71,24,1007.2,Mostly Cloudy
24.8,88,22,1007.1,Cloudy
27.9,76,24,1006.3,Mostly Cloudy
29.7,64,19,1005,Mostly Cloudy
25.2,88,24,1004,Rain Showers
24.9,89,26,1004.2,Rain Showers
29,76,13,1003.1,Mostly Cloudy
31.1,58,28,1002.6,Mostly Cloudy
30.1,59,22,1002,Cloudy
25,83,22,1002.8,"Thunderstorms,Rain Showers"
24.2,89,26,1002.9,Rain Showers
24.3,86,32,1003.2,Cloudy
23.9,85,32,1004.3,Mainly Clear
23.9,79,26,1005,Mainly Clear
23.1,70,30,1005.8,Clear
21.7,60,24,1006.7,Clear
20.7,67,24,1007,Mainly Clear
19.6,69,22,1007.7,Clear
18.7,70,22,1007.9,Clear
17.7,75,13,1008.6,Clear
16.6,81,9,1009.5,Clear
18,76,13,1010.1,Clear
19,73,17,1010.6,Mainly Clear
19.7,68,17,1010.9,Mainly Clear
20,65,20,1011.1,Mostly Cloudy
20.8,62,22,1011.3,Mostly Cloudy
22.1,59,28,1011.5,Mainly Clear
21.9,57,24,1011.7,Mostly Cloudy
21.4,61,13,1011.8,Mostly Cloudy
22.5,55,13,1011.5,Mostly Cloudy
22.6,58,22,1011.2,Mainly Clear
23,51,19,1010.7,Mainly Clear
23,53,24,1010.6,Mainly Clear
23,53,15,1010.3,Mainly Clear
21.6,57,9,1010.2,Clear
22.1,58,9,1010.3,Clear
21.7,64,9,1010.3,Clear
20.1,75,13,1010.4,Clear
20.6,71,11,1010.5,Clear
19.6,80,13,1010.4,Clear
19.3,79,17,1010.2,Clear
18.9,77,19,1009.9,Clear
18.2,83,13,1009.6,Clear
18.5,83,11,1009.5,Clear
16.6,90,7,1009.9,Clear
17.9,85,6,1010.2,Clear
19.6,80,15,1010.1,Mainly Clear
21.2,74,17,1010.1,Mainly Clear
22.8,68,19,1009.9,Mainly Clear
24.1,65,24,1009.6,Mainly Clear
25.3,60,22,1009.6,Mainly Clear
26.5,53,17,1009,Mainly Clear
27.7,48,20,1008.7,Mainly Clear
27.6,44,20,1008.2,Mainly Clear
28.7,40,24,1007.9,Mostly Cloudy
27.4,43,17,1007.4,Mostly Cloudy
27.8,40,15,1007.4,Mostly Cloudy
27,44,15,1007.4,Mostly Cloudy
26.3,49,13,1007.3,Mostly Cloudy
25.8,47,17,1008.1,Mostly Cloudy
21.2,68,22,1009,Cloudy
20.2,80,0,1008.6,Mostly Cloudy
20.2,84,9,1008.7,Rain Showers
19.3,92,7,1009.2,Mostly Cloudy
18.7,95,7,1009.4,Mainly Clear
18.3,96,4,1009.1,Mainly Clear
17.4,98,4,1009.2,Clear
17.2,98,4,1009.7,Clear
16.8,99,0,1010.2,Mainly Clear
18.1,95,0,1010.3,Clear
19.3,89,6,1010.9,Clear
21.1,80,0,1011.2,Mostly Cloudy
22.5,69,4,1011.1,Mainly Clear
24.1,61,9,1011.1,Mainly Clear
24.8,55,4,1010.8,Mainly Clear
26.4,40,0,1010.5,Mainly Clear
27.4,44,4,1010,Mainly Clear
28,47,11,1009.8,Mainly Clear
28.3,43,7,1009.4,Mostly Cloudy
28,48,9,1009.2,Mostly Cloudy
24.8,62,19,1009.1,Mostly Cloudy
25.1,60,9,1009,Mostly Cloudy
25.1,61,7,1009,Rain Showers
24.3,65,11,1009.2,Rain Showers
23,73,6,1009.3,Mostly Cloudy
23.5,67,4,1008.9,Mostly Cloudy
23.1,69,6,1009.2,Mostly Cloudy
22.8,73,9,1009.3,Mainly Clear
22.8,68,11,1008.9,Mostly Cloudy
22.4,70,4,1009.1,Cloudy
21.8,76,9,1008.9,Cloudy
21.4,78,11,1009,Mostly Cloudy
21.1,77,13,1009.3,Cloudy
20.9,78,15,1009.8,Cloudy
20.7,81,13,1010.1,Cloudy
21.1,80,19,1010.1,Cloudy
21.7,77,22,1009.8,Cloudy
21.7,75,17,1009.8,Cloudy
23.2,69,13,1009.8,Cloudy
24.2,67,17,1009.2,Cloudy
23.6,68,19,1009.4,Cloudy
24,68,20,1008.6,Rain Showers
23.7,66,17,1009.1,Rain Showers
22.3,80,19,1008.9,Rain
21.3,85,17,1009.3,Rain
20.4,89,20,1008.7,Rain
20.2,88,13,1009.2,Rain
20.2,86,15,1008.8,Cloudy
19.9,86,19,1008.7,Cloudy
20.1,82,19,1008.3,Cloudy
19.8,84,20,1007.7,Cloudy
19.5,85,17,1007.4,Cloudy
19.3,85,19,1006.8,Cloudy
20.1,82,13,1006.6,Cloudy
19.7,86,13,1006.5,Cloudy
19.3,90,9,1006.7,Rain
19,92,19,1005.8,Rain
19,92,9,1006.9,Cloudy
19.7,91,7,1006.6,Cloudy
20.8,89,9,1006.9,Cloudy
20.2,91,13,1007,Cloudy
20.2,90,11,1007.5,Cloudy
19.9,92,15,1007.3,Fog
20.8,88,17,1007.3,Fog
21.3,88,19,1007,"Rain,Fog"
21.7,86,19,1006.4,"Rain,Fog"
21,91,20,1006.3,"Rain,Fog"
20.7,90,20,1006.5,"Rain,Fog"
20.6,91,20,1006.3,"Rain,Fog"
20,93,22,1006.2,"Rain,Fog"
19.6,93,24,1006.3,"Rain,Fog"
19.1,93,17,1006.5,Rain
18.5,95,22,1006.2,Rain
18.2,95,20,1005.8,Cloudy
18,95,19,1005.6,Cloudy
17.9,94,20,1005.7,Cloudy
17.5,95,19,1005.7,Cloudy
17.6,95,19,1005.4,Cloudy
17.5,95,22,1005.3,Cloudy
17.2,97,24,1005.4,Rain Showers
17.2,97,22,1005.7,Cloudy
17.4,96,20,1006.1,Cloudy
18.4,93,17,1006.5,Cloudy
19.4,90,15,1006.6,Cloudy
20.4,86,15,1006.6,Cloudy
22.3,82,11,1006.5,Cloudy
23.9,78,13,1006.1,Mostly Cloudy
26.1,72,9,1005.8,Mostly Cloudy
26.9,66,15,1005.1,Cloudy
27.3,65,17,1004.7,Cloudy
27.5,63,19,1004.2,Cloudy
26.8,68,9,1003.6,Cloudy
20.2,96,32,1005.8,"Thunderstorms,Rain Showers"
19.6,95,19,1005.9,Rain Showers
20.4,89,11,1005.9,Mainly Clear
19.9,94,13,1006.5,Mostly Cloudy
20,91,9,1006.8,Mostly Cloudy
20,92,9,1007.2,Cloudy
20,93,9,1007.1,Mostly Cloudy
20.1,93,4,1007,Mostly Cloudy
19.7,97,6,1006.9,Cloudy
19.7,96,4,1006.6,Cloudy
19.5,97,0,1006.5,Mostly Cloudy
19.5,96,4,1006.8,Fog
19.6,95,4,1007.5,Fog
19.8,95,9,1007.5,Mostly Cloudy
20.5,91,7,1007.9,Mostly Cloudy
21.6,79,15,1008,Mostly Cloudy
22.3,70,19,1007.9,Mainly Clear
22.9,68,17,1007.6,Mainly Clear
24,67,13,1007.2,Mainly Clear
24.4,63,17,1006.7,Mainly Clear
25.4,60,13,1006.4,Mainly Clear
26.4,56,13,1006.2,Mainly Clear
26.2,57,15,1005.8,Mainly Clear
26.7,55,17,1005.6,Mainly Clear
26,57,17,1005.5,Mostly Cloudy
23.2,75,15,1006.1,Mainly Clear
23.2,72,15,1006.3,Mainly Clear
22.9,72,13,1006.9,Mainly Clear
22.3,76,11,1007.1,Mainly Clear
21.8,78,17,1007,Mainly Clear
21.8,78,19,1006.9,Mainly Clear
21.3,78,22,1006.8,Clear
20.9,81,15,1006.8,Clear
20.4,84,13,1006.7,Mainly Clear
20.2,87,9,1007,Mainly Clear
19.5,87,9,1007.4,Mainly Clear
19.5,88,13,1007.8,Mainly Clear
19.7,88,13,1008.1,Mainly Clear
19.9,86,19,1008.7,Cloudy
20.9,83,13,1008.9,Mostly Cloudy
21.9,79,15,1008.8,Mostly Cloudy
22.4,75,22,1008.8,Mostly Cloudy
22.5,75,20,1008.7,Mostly Cloudy
23.8,67,17,1008.5,Mostly Cloudy
25.2,64,20,1008.2,Mostly Cloudy
25.1,62,19,1007.9,Mostly Cloudy
25.4,61,13,1007.4,Mostly Cloudy
25.2,61,19,1007.6,Mostly Cloudy
24.5,67,11,1007.8,Mostly Cloudy
24.6,62,11,1008,Mostly Cloudy
24.4,65,7,1008,Mainly Clear
23.2,71,7,1008.3,Mainly Clear
22.4,75,6,1008.7,Mainly Clear
22.2,76,9,1008.8,Mainly Clear
21.7,76,9,1008.6,Mainly Clear
21.2,79,7,1008.5,Mainly Clear
21.1,81,9,1008.5,Mainly Clear
20.9,85,11,1008.3,Mostly Cloudy
20.7,82,11,1008.2,Mainly Clear
19.5,88,6,1008.3,Mostly Cloudy
19.8,86,7,1008.4,Mainly Clear
20.9,79,9,1008.3,Mostly Cloudy
21,76,13,1008.8,Mostly Cloudy
21.9,74,9,1008.7,Mostly Cloudy
21.9,78,11,1008.9,Cloudy
21.9,79,15,1008.8,Cloudy
21.9,80,15,1008.6,Cloudy
22.6,78,9,1008.4,Cloudy
23.7,76,15,1007.9,Mostly Cloudy
24.2,71,13,1007.5,Mostly Cloudy
25.7,64,15,1007.1,Mostly Cloudy
24.5,64,7,1006.9,Mostly Cloudy
24.9,62,7,1006.7,Mostly Cloudy
24.5,63,6,1006.9,Mostly Cloudy
24.3,65,0,1006.7,Mostly Cloudy
23.3,71,6,1006.8,Mostly Cloudy
23,76,6,1006.9,Cloudy
22.2,76,4,1006.6,Cloudy
21.7,79,4,1006.4,Cloudy
21.4,78,4,1006.1,Cloudy
21.2,82,20,1006.5,Rain Showers
19.5,95,9,1006.3,Rain
19.1,93,9,1005.8,Cloudy
18.8,93,4,1005.6,Cloudy
18.9,92,4,1006.2,Cloudy
19.3,89,0,1006.5,Cloudy
18.8,93,0,1006.9,Drizzle
20.1,89,0,1006.9,Mostly Cloudy
21,85,11,1007.3,Mostly Cloudy
21.5,82,13,1007.5,Cloudy
21.6,81,9,1007.8,Mostly Cloudy
23.7,70,7,1007.3,Mostly Cloudy
25.3,64,9,1007.2,Mostly Cloudy
25.2,59,15,1007,Mainly Clear
25.7,62,15,1006.8,Mainly Clear
25.7,56,17,1006.9,Mainly Clear
25.6,54,13,1006.7,Mainly Clear
24.9,58,13,1006.8,Mainly Clear
22.5,67,7,1006.9,Mainly Clear
21.7,70,6,1007.1,Mainly Clear
20.4,75,6,1007,Clear
19.9,78,7,1007.6,Mainly Clear
20.6,77,0,1008.1,Mainly Clear
18.9,84,9,1007.6,Clear
18.5,85,9,1007.6,Mainly Clear
17.8,88,6,1007.5,Mainly Clear
17.4,89,6,1007.6,Mainly Clear
16.7,91,6,1007.9,Mainly Clear
16.6,92,0,1008.1,Mainly Clear
18.2,85,0,1008.5,Mainly Clear
19.3,85,9,1008.7,Mostly Cloudy
20.5,81,7,1008.2,Mainly Clear
21.7,79,0,1007.9,Mostly Cloudy
23.8,69,0,1007.8,Mainly Clear
23.8,67,7,1007.4,Mostly Cloudy
24.9,60,6,1007.1,Mostly Cloudy
25.8,59,11,1007.1,Mainly Clear
25.9,53,17,1007.1,Mainly Clear
26.9,50,13,1006.3,Mainly Clear
27,41,7,1005.4,Mainly Clear
26.4,49,9,1005.3,Mainly Clear
24.9,52,7,1004.9,Clear
23.7,54,4,1005,Mainly Clear
23.5,60,6,1005.2,Mainly Clear
21.6,77,6,1005,Mainly Clear
22,76,4,1004.8,Mainly Clear
22.3,75,9,1004.8,Mainly Clear
21.9,74,7,1005.1,Mainly Clear
21.1,79,11,1004.7,Clear
18.9,86,4,1004.4,Clear
18.7,86,0,1003.7,Clear
18.2,88,11,1003.2,Mainly Clear
17.6,86,7,1003,Clear
18.2,81,11,1002.8,Mostly Cloudy
19.5,80,15,1002.4,Mostly Cloudy
21.1,79,17,1002.1,Cloudy
21.4,76,17,1001.7,Rain Showers
21.8,74,13,1001.3,Cloudy
23.5,70,11,1001,Cloudy
22.7,80,15,1000.9,Rain Showers
24.1,74,20,1000.6,Cloudy
24.8,68,24,1000.6,Cloudy
24.9,57,30,1001.1,Mostly Cloudy
24.3,55,28,1001.4,Mostly Cloudy
24.8,57,30,1001.5,Mostly Cloudy
23.9,62,24,1001.9,Mostly Cloudy
23.4,64,17,1002.4,Mainly Clear
22.4,66,13,1003.4,Mainly Clear
21.7,65,9,1003.7,Mainly Clear
21.1,65,13,1004,Mainly Clear
18.6,70,13,1004.4,Mainly Clear
18.1,64,11,1004.7,Mainly Clear
17.7,66,9,1005.1,Clear
15.3,76,7,1005.2,Mainly Clear
15.7,75,7,1005.4,Mainly Clear
14.8,77,11,1005.7,Mainly Clear
14.8,78,13,1006.4,Mainly Clear
15.1,82,17,1006.9,Mainly Clear
15.6,80,20,1007.7,Mainly Clear
17.1,75,17,1007.9,Mainly Clear
18,67,19,1008.2,Mainly Clear
18.3,65,17,1008.3,Mostly Cloudy
19,59,19,1008.4,Mostly Cloudy
21,53,22,1008.3,Mainly Clear
21.2,50,20,1008.5,Mainly Clear
20.1,53,17,1008.1,Mainly Clear
22,44,20,1007.9,Mainly Clear
21.3,42,22,1007.8,Mostly Cloudy
21.3,43,13,1007.8,Mostly Cloudy
20.8,40,15,1008,Mostly Cloudy
18.4,49,11,1008.3,Mainly Clear
18.6,50,7,1008.8,Clear
15.9,62,6,1008.8,Clear
15.2,66,6,1008.9,Mainly Clear
16.6,66,0,1009.1,Clear
16,75,9,1009.6,Clear
16.6,65,13,1009.8,Clear
16.3,72,13,1009.6,Clear
15.8,74,11,1009.4,Clear
13.3,85,7,1009.4,Clear
12.8,89,9,1009.7,Mainly Clear
15.2,82,15,1010.2,Mainly Clear
16.5,78,13,1010.6,Mainly Clear
17.5,76,15,1010.6,Clear
19.4,72,11,1010.6,Mainly Clear
20.6,68,9,1010.2,Mainly Clear
22.5,58,15,1010,Mainly Clear
23.3,51,15,1009.3,Mostly Cloudy
23.3,47,13,1009,Mostly Cloudy
24.5,42,15,1008.4,Mostly Cloudy
23.5,46,17,1007.7,Mostly Cloudy
23.5,45,13,1007.4,Cloudy
23.7,44,13,1007.3,Mostly Cloudy
22.1,54,9,1007.4,Mostly Cloudy
20.7,56,11,1007.5,Mostly Cloudy
19.5,62,6,1008.3,Mainly Clear
16.7,75,4,1008.1,Mainly Clear
17.6,68,0,1007.9,Clear
16.8,71,0,1007.8,Mainly Clear
15.4,80,0,1007.9,Mainly Clear
16.5,83,0,1007.5,Mainly Clear
15.3,89,0,1007.5,Clear
15.6,86,0,1007.5,Mainly Clear
15.3,87,0,1007.2,Mainly Clear
14.5,93,0,1007.2,Mainly Clear
16,81,6,1007.6,Mainly Clear
17.8,76,7,1007.7,Mainly Clear
19,75,11,1007.6,Mainly Clear
20.2,67,11,1007.8,Clear
21.6,63,17,1007.7,Mostly Cloudy
23.1,63,13,1007.4,Mainly Clear
24.8,49,17,1006.9,Mainly Clear
24.6,49,17,1006.4,Mainly Clear
25.2,43,11,1006.2,Mainly Clear
24.6,41,15,1006,Mainly Clear
24.4,41,13,1005.6,Clear
23.8,43,13,1005.7,Mainly Clear
22.5,45,17,1006.4,Mainly Clear
20.1,49,9,1006.9,Mainly Clear
18.4,56,9,1007.5,Clear
18.2,58,7,1007.7,Mainly Clear
18.5,58,7,1007.8,Mainly Clear
16.6,69,6,1008,Mainly Clear
16.5,67,4,1008.2,Mainly Clear
15,76,4,1008.5,Mainly Clear
15.9,73,0,1009,Mostly Cloudy
15.9,74,0,1009.2,Mostly Cloudy
16.1,72,6,1009.3,Mainly Clear
15,73,0,1009.9,Mainly Clear
14.6,78,7,1010.2,Mainly Clear
17.2,74,6,1010.8,Mainly Clear
19.3,62,7,1011.2,Mostly Cloudy
20.4,48,13,1011.5,Mostly Cloudy
21.8,50,13,1011.8,Mainly Clear
21.1,48,11,1011.7,Mainly Clear
23.7,43,17,1011.9,Mainly Clear
23.2,44,22,1011.9,Mostly Cloudy
22.6,48,15,1011.8,Mostly Cloudy
23.4,47,19,1011.5,Mostly Cloudy
23.1,49,17,1011.4,Mostly Cloudy
22.6,48,19,1011.7,Mostly Cloudy
22.4,48,13,1011.8,Mostly Cloudy
22.1,52,7,1012.1,Mostly Cloudy
21.5,50,6,1012.5,Mainly Clear
19.2,67,20,1013.6,Mostly Cloudy
18.5,72,6,1013.3,Mostly Cloudy
18.1,75,4,1013.4,Mostly Cloudy
19,76,13,1013.4,Mostly Cloudy
18.6,78,15,1013.3,Rain Showers
18.8,73,11,1013.5,Mostly Cloudy
18.8,65,13,1013.8,Cloudy
18.6,66,9,1013.9,Cloudy
18,70,7,1014.1,Mainly Clear
17.6,72,6,1014.5,Mainly Clear
18.9,65,15,1014.6,Mainly Clear
19.9,59,15,1014.8,Mainly Clear
21.1,59,15,1015,Mostly Cloudy
22,61,17,1015,Mainly Clear
23.2,56,24,1014.6,Mainly Clear
24.4,49,24,1014.4,Mainly Clear
25.8,44,24,1013.9,Mainly Clear
25.5,42,19,1013.5,Mainly Clear
25.7,39,20,1013.3,Clear
25.6,39,28,1012.8,Mainly Clear
25.4,40,15,1012.7,Mainly Clear
25.1,40,11,1012.4,Mainly Clear
23.9,49,9,1012.5,Mainly Clear
23.3,58,13,1012.8,Mainly Clear
22.5,59,15,1012.9,Clear
21.9,61,17,1012.7,Mainly Clear
21.5,57,19,1012.6,Mainly Clear
20.7,57,11,1012.9,Mainly Clear
20.2,63,13,1012.9,Mainly Clear
19.3,67,13,1013.2,Mostly Cloudy
18.9,68,13,1013.1,Mainly Clear
18.9,71,15,1013.1,Mainly Clear
18.5,77,15,1013.3,Mainly Clear
19.1,78,24,1013.6,Mainly Clear
20.3,76,19,1013.7,Clear
21.8,69,22,1013.7,Mainly Clear
22.9,69,24,1013.9,Mainly Clear
23.9,58,22,1013.9,Mainly Clear
26,54,24,1013.7,Mainly Clear
26.5,51,28,1013.6,Mostly Cloudy
27,50,26,1013.7,Mostly Cloudy
25,55,13,1013.7,Rain Showers
25.8,55,19,1013.5,Mostly Cloudy
25.6,54,22,1013.4,Mainly Clear
25.9,53,17,1013.3,Mainly Clear
25,57,11,1013.4,Mainly Clear
22.6,65,9,1013.6,Mainly Clear
21.8,70,7,1014.1,Clear
22.9,68,7,1014.7,Mainly Clear
20.5,77,6,1015.3,Mostly Cloudy
21.8,73,6,1015.5,Mainly Clear
19.1,83,4,1015.9,Mainly Clear
19.2,80,13,1016.2,Mainly Clear
20.4,60,9,1016.3,Mostly Cloudy
19.6,63,13,1016.4,Mainly Clear
19,66,13,1016.5,Mainly Clear
16.4,84,6,1017.2,Mainly Clear
16.6,79,11,1017.6,Mainly Clear
18.5,68,11,1017.8,Mainly Clear
20.7,61,7,1018,Clear
22.1,57,9,1018.1,Mainly Clear
24.2,51,13,1018.4,Mainly Clear
25.4,47,0,1018.2,Mainly Clear
26.5,46,6,1018,Mainly Clear
27.3,45,4,1017.7,Mainly Clear
27.7,42,11,1017.1,Mainly Clear
27.7,39,9,1016.9,Mainly Clear
27.9,41,11,1016.8,Mainly Clear
27.3,43,6,1017,Mainly Clear
25.8,49,6,1017.1,Mainly Clear
26.1,45,11,1017.3,Mostly Cloudy
25.9,45,13,1017.6,Mostly Cloudy
24.9,48,7,1017.7,Mainly Clear
23,58,11,1017.7,Mainly Clear
22.4,58,13,1017.9,Mainly Clear
22.1,60,9,1018,Mostly Cloudy
21.6,62,11,1017.7,Mainly Clear
20.9,63,6,1018,Mainly Clear
20.9,65,6,1018,Mainly Clear
20.8,66,11,1018.1,Mainly Clear
20.4,69,4,1018.8,Mainly Clear
20.2,72,6,1019.3,Mainly Clear
21.5,70,6,1019.6,Mainly Clear
21.9,71,4,1019.6,Mainly Clear
24.8,61,6,1019.7,Mainly Clear
26.4,55,7,1019.7,Clear
27.1,54,7,1019.4,Mainly Clear
29.1,49,7,1019.2,Mainly Clear
30.1,45,11,1018.4,Clear
30.8,40,7,1017.9,Mainly Clear
31.1,38,9,1017.5,Mainly Clear
31.1,42,13,1017.4,Mainly Clear
30.2,45,11,1017.2,Mainly Clear
28.9,47,13,1017.4,Mainly Clear
27,52,9,1017.6,Mainly Clear
26.5,55,13,1017.8,Mainly Clear
25.3,60,11,1017.6,Clear
23.9,67,9,1018,Clear
24,69,9,1018.3,Clear
22.1,78,11,1018.5,Clear
22.4,78,6,1018.9,Clear
23.4,67,7,1019,Clear
23.5,66,15,1019.1,Clear
23.2,68,7,1019.5,Clear
21.2,76,6,1020.2,Clear
20.9,79,0,1020.6,Clear
22.9,70,9,1021,Clear
24.2,65,15,1020.9,Mainly Clear
24.7,64,11,1020.8,Mainly Clear
26.3,59,15,1020.7,Mainly Clear
27.9,53,20,1020.4,Mainly Clear
28.9,49,17,1019.9,Mainly Clear
29.7,46,13,1019.2,Mainly Clear
30.2,41,17,1018.1,Mainly Clear
30.1,42,13,1017.6,Mainly Clear
30.4,42,11,1016.8,Mainly Clear
29.5,46,4,1016.2,Mainly Clear
28.5,44,11,1015.6,Mainly Clear
27.2,47,15,1015.5,Mainly Clear
25.7,54,11,1015.6,Mainly Clear
24.8,58,9,1015.5,Mostly Cloudy
23.9,65,15,1015.2,Mostly Cloudy
24.3,66,15,1015.1,Mostly Cloudy
24.3,63,15,1014.9,Mostly Cloudy
23.2,68,11,1014.4,Mainly Clear
22.3,68,11,1014.3,Mostly Cloudy
21.8,69,11,1014,Mostly Cloudy
22.4,66,13,1013.7,Mostly Cloudy
21.4,70,15,1013.6,Mostly Cloudy
22,71,13,1013.8,Mostly Cloudy
23.1,68,13,1013.6,Mostly Cloudy
24.7,61,17,1013.3,Mostly Cloudy
25.6,61,19,1013.1,Mostly Cloudy
26,61,22,1012.5,Mostly Cloudy
26.2,61,17,1011.9,Cloudy
27.1,59,20,1011.1,Cloudy
26.7,60,20,1010.3,Cloudy
26.4,61,17,1009.5,Cloudy
26,62,15,1008.7,Rain Showers
23.6,81,13,1008.3,Rain Showers
22.4,89,13,1008.4,Rain Showers
22.8,86,7,1007.8,Cloudy
22.6,87,7,1007.1,Cloudy
22.8,85,13,1006.8,Mostly Cloudy
21.8,93,11,1006.6,Mostly Cloudy
22.3,88,15,1006.3,Mostly Cloudy
22.5,81,22,1005.9,Mostly Cloudy
21.8,85,26,1005.3,Cloudy
21.5,87,15,1004.9,Cloudy
21.3,88,15,1004.6,Cloudy
21.1,89,13,1004.4,Mostly Cloudy
20.9,91,11,1004.2,Mainly Clear
20,94,13,1004.7,Mostly Cloudy
20.3,94,15,1005,Mostly Cloudy
21.4,89,15,1005.3,Mostly Cloudy
21.3,86,15,1005.7,Cloudy
22.7,69,24,1005.9,Mainly Clear
23.8,60,15,1006.1,Mainly Clear
22.6,63,13,1006,Mostly Cloudy
25.2,50,22,1006,Mainly Clear
25.4,44,30,1006.1,Mainly Clear
24.2,41,30,1006.1,Mainly Clear
23.2,40,28,1006.5,Mainly Clear
22.4,42,24,1007.1,Mainly Clear
21.5,41,22,1007.6,Mainly Clear
20,44,20,1007.9,Mainly Clear
19.3,46,17,1008.7,Mostly Cloudy
16.9,52,15,1009.7,Mainly Clear
14.9,60,7,1010.1,Mainly Clear
13.9,65,9,1010.1,Mainly Clear
14.1,70,7,1010.5,Mostly Cloudy
12,78,7,1010.6,Clear
11.5,79,9,1010.7,Mostly Cloudy
13.4,73,11,1010.8,Mostly Cloudy
11,80,9,1010.6,Clear
10.5,82,7,1010.6,Clear
10.5,84,7,1010.7,Clear
12,81,9,1011,Clear
16,59,19,1011.3,Clear
18,50,20,1011.3,Clear
19.6,47,22,1011.1,Clear
20.7,44,20,1010.9,Clear
21.9,42,22,1010.7,Clear
22.6,40,26,1010.1,Mainly Clear
23.5,37,32,1009.8,Clear
24.7,35,20,1009.2,Clear
24.2,36,32,1008.7,Mainly Clear
24.2,36,24,1008.6,Mainly Clear
23.5,36,26,1008.6,Mainly Clear
22.5,36,19,1008.7,Clear
21.7,38,15,1008.9,Clear
19.7,44,9,1009.2,Clear
19.7,45,15,1009.3,Clear
19.5,50,22,1009.3,Clear
18.3,58,20,1009.7,Clear
17.5,64,19,1009.6,Clear
17,70,11,1009.2,Clear
15.4,81,11,1009.7,Mostly Cloudy
16.2,75,17,1009.3,Mainly Clear
15.1,81,15,1009.6,Clear
15.5,78,20,1009.7,Mainly Clear
16.3,75,26,1009.5,Mostly Cloudy
16.8,72,20,1009.5,Mainly Clear
17.9,71,24,1009.4,Mainly Clear
19.6,67,32,1009.3,Mainly Clear
21.8,58,26,1008.8,Mainly Clear
23.1,57,33,1008.4,Mainly Clear
25,55,32,1007.9,Mainly Clear
26.7,54,37,1007.3,Mainly Clear
27.8,50,26,1006.5,Mainly Clear
28.5,50,35,1006.1,Mainly Clear
27.8,49,33,1005.4,Mostly Cloudy
27.4,51,41,1005.3,Mostly Cloudy
26.6,53,35,1005,Mostly Cloudy
25.5,57,43,1004.9,Mostly Cloudy
24.5,56,39,1005.1,Mostly Cloudy
24.5,58,44,1005.3,Mainly Clear
24.2,58,41,1005.4,Mainly Clear
23.7,60,37,1005.7,Mainly Clear
23.4,57,33,1005.5,Clear
23.5,56,35,1005.1,Mainly Clear
23.2,56,35,1005,Mainly Clear
22.8,52,28,1005.2,Mostly Cloudy
22.8,54,28,1004.7,Mostly Cloudy
22.6,61,28,1004.5,Mostly Cloudy
22.5,67,30,1005.1,Rain Showers
22.6,68,32,1004.8,Rain Showers
22.9,65,37,1004.9,Cloudy
21.8,75,35,1005,Rain Showers
19.7,89,20,1005.4,"Thunderstorms,Rain Showers"
21.1,86,26,1005.2,Cloudy
22.8,77,20,1004.9,Rain Showers
24,70,22,1004.3,Cloudy
24.1,70,22,1003.8,Cloudy
25.6,65,30,1003.5,Mostly Cloudy
24.8,68,20,1003.8,Mostly Cloudy
25,67,17,1004.1,Mostly Cloudy
24.2,71,13,1004.7,Mostly Cloudy
23.1,77,9,1005.2,Mainly Clear
22.3,82,11,1006.1,Mainly Clear
21.6,85,11,1006.5,Mainly Clear
21.7,74,20,1007.8,Mainly Clear
20.8,61,11,1008.4,Clear
19.6,66,11,1009.4,Mainly Clear
19.1,66,4,1010,Mainly Clear
19.1,66,9,1010.5,Mainly Clear
17.7,73,11,1011.3,Mainly Clear
16.3,80,11,1012.1,Clear
16,82,13,1013.1,Mainly Clear
16.2,79,13,1014.1,Mainly Clear
17.8,63,24,1014.8,Mainly Clear
18.6,55,20,1015.4,Mainly Clear
20.4,47,15,1015.9,Clear
22,42,20,1016,Clear
22.7,34,15,1016,Mainly Clear
23.2,35,13,1015.7,Clear
23.6,34,6,1015.4,Clear
23.5,34,7,1014.7,Clear
24.3,34,7,1014.4,Clear
24.2,33,4,1014.3,Clear
24,33,7,1013.9,Clear
22.7,40,9,1014.1,Clear
20.9,44,6,1014.5,Clear
18.8,56,11,1014.6,Clear
18.5,49,7,1014.7,Clear
17.5,58,6,1014.6,Clear
17,60,7,1014.5,Mainly Clear
16.1,63,4,1014.7,Clear
14,73,4,1014.7,Clear
13.5,77,4,1014.7,Clear
13,79,0,1014.3,Mainly Clear
13.3,79,0,1014.1,Mainly Clear
14.2,77,6,1014.3,Mainly Clear
13,86,7,1014.8,Mainly Clear
15.5,78,4,1014.9,Mainly Clear
17.3,70,7,1015.1,Mostly Cloudy
19.1,61,4,1015.2,Mostly Cloudy
20.7,55,6,1015.3,Mostly Cloudy
21.8,48,4,1015.2,Mostly Cloudy
24.4,37,4,1014.9,Mainly Clear
25.5,31,9,1014.7,Mainly Clear
25.3,32,9,1014.5,Mainly Clear
25.6,29,7,1014.1,Mainly Clear
25.4,29,11,1014.3,Mainly Clear
23.6,34,9,1014.4,Mainly Clear
24,33,11,1014.7,Mainly Clear
20.9,45,13,1015.1,Mainly Clear
21.2,44,9,1015.2,Clear
19.7,51,7,1015.3,Mainly Clear
19.2,55,4,1015.7,Mainly Clear
18.7,56,4,1015.7,Clear
17.5,62,7,1016,Clear
15.6,66,0,1016.1,Mainly Clear
13.7,73,6,1015.9,Mainly Clear
14,79,4,1016.1,Mainly Clear
13.4,85,6,1016.3,Clear
14.5,76,6,1016.8,Mainly Clear
13.4,84,6,1016.8,Mainly Clear
16.3,77,7,1016.9,Mainly Clear
18.5,70,11,1016.7,Mainly Clear
21.1,55,9,1016.5,Mainly Clear
23.5,47,9,1016.3,Mainly Clear
24.3,43,9,1015.9,Mainly Clear
26,39,13,1015.4,Mainly Clear
26.2,36,4,1015,Mainly Clear
28,33,0,1014.1,Mainly Clear
27.8,34,13,1013.3,Mainly Clear
27.8,36,4,1012.9,Mostly Cloudy
26.6,42,13,1012.5,Mostly Cloudy
25.8,44,13,1012,Mostly Cloudy
25.3,45,9,1011.9,Mostly Cloudy
25,46,9,1012.1,Mostly Cloudy
24.2,49,15,1011.9,Mainly Clear
22.7,61,13,1011.9,Mainly Clear
21.1,72,11,1011.8,Mainly Clear
20.6,74,9,1012.1,Mainly Clear
21.1,73,9,1012,Mostly Cloudy
20.8,73,13,1011.6,Mostly Cloudy
20.9,70,7,1011.4,Mostly Cloudy
20.8,69,6,1011.3,Cloudy
20.7,68,9,1011.1,Mostly Cloudy
20.7,71,15,1011.5,Cloudy
20.5,76,17,1011.3,Cloudy
21.1,75,15,1011.1,Mostly Cloudy
22,73,11,1011,Mostly Cloudy
22.9,70,9,1010.8,Cloudy
25,63,15,1010.2,Mostly Cloudy
25.6,63,6,1009.4,Cloudy
25.2,64,9,1008.9,Cloudy
24.7,66,15,1008.3,Cloudy
24.1,68,19,1008.1,Cloudy
23.5,70,15,1007.7,Cloudy
23.3,72,15,1007.4,Cloudy
21.8,85,9,1007.3,Rain
20.8,93,7,1007,Rain
20.7,95,9,1006.8,Rain
21.1,92,9,1006.6,Rain
20.7,94,15,1006.1,Rain
20.2,94,9,1004.7,Rain
20.3,93,13,1004.3,Rain
20,92,13,1003.5,Rain
19.1,95,17,1003.5,Rain
18.6,95,15,1003.9,Cloudy
18.5,94,11,1004.3,Mostly Cloudy
17.6,97,7,1004.6,Mostly Cloudy
18.2,95,7,1005.1,Mostly Cloudy
19.5,93,11,1005.5,Mainly Clear
21.3,85,13,1005.1,Mainly Clear
22.4,79,15,1005.4,Mostly Cloudy
23.3,76,11,1005.9,Mostly Cloudy
23.4,71,7,1005.7,Rain Showers
25.5,68,11,1005.4,Mainly Clear
25.9,63,11,1005.2,Mainly Clear
26.4,60,13,1004.9,Mainly Clear
26.2,59,11,1004.7,Mainly Clear
27,57,9,1004.5,Mainly Clear
26.1,58,13,1004.4,Mainly Clear
25.8,59,9,1005,Mainly Clear
25.2,62,6,1005.5,Mostly Cloudy
24.2,71,7,1005.7,Mostly Cloudy
24,70,9,1005.8,Rain Showers
22.9,75,7,1005.5,Mostly Cloudy
22.1,78,6,1005.3,Mainly Clear
21.3,82,7,1005.3,Mainly Clear
21,85,7,1005.5,Mostly Cloudy
21.3,84,7,1005.5,Mainly Clear
21.1,85,6,1005.5,Mostly Cloudy
21.1,87,7,1005.4,Mainly Clear
21,84,6,1006.1,Mostly Cloudy
19.5,90,9,1005.8,Mostly Cloudy
19.9,87,7,1006.2,Cloudy
21.1,83,7,1006.2,Mostly Cloudy
23.1,74,6,1005.9,Mainly Clear
24.7,65,6,1005.5,Mainly Clear
26.1,61,13,1005,Mainly Clear
26.8,56,15,1004.5,Mainly Clear
27.9,53,11,1004.1,Mainly Clear
28.1,54,13,1003.4,Mostly Cloudy
28.2,55,13,1003,Mainly Clear
27.6,56,19,1003.1,Mainly Clear
26.9,57,17,1003.6,Mainly Clear
24.8,60,9,1003.8,Mainly Clear
22.6,68,6,1004.2,Mainly Clear
22.5,70,11,1004.7,Clear
21.4,67,7,1005.2,Mainly Clear
19.6,75,9,1005.5,Mainly Clear
20.2,70,0,1005.9,Mainly Clear
18.1,81,4,1006.2,Clear
18.7,77,4,1006.2,Clear
17.6,88,9,1006.2,Mainly Clear
18.5,78,6,1006.8,Clear
18.3,77,6,1006.8,Clear
15.8,91,7,1007.2,Mainly Clear
17.5,83,11,1007.7,Mainly Clear
18.6,77,15,1008.1,Mostly Cloudy
19.9,68,9,1007.9,Mostly Cloudy
21.2,65,19,1008,Mostly Cloudy
22.2,67,19,1008.2,Mostly Cloudy
22.6,64,19,1008.4,Mostly Cloudy
23.3,56,17,1008.2,Cloudy
24.6,47,17,1008,Mostly Cloudy
25.6,44,9,1007.6,Mostly Cloudy
25.1,40,13,1007.2,Mostly Cloudy
25,38,6,1007,Mostly Cloudy
24.6,40,0,1006.4,Cloudy
23.5,48,0,1006,Cloudy
21.7,54,6,1006.1,Mostly Cloudy
23.2,49,4,1005.8,Mostly Cloudy
22.9,55,6,1005,Cloudy
21.6,65,9,1004.5,Cloudy
21.4,68,17,1002.9,Cloudy
21.1,73,13,1002.1,Cloudy
20.5,78,6,1002.1,Cloudy
21.1,73,7,1001.2,Cloudy
21.1,74,9,999.8,Cloudy
21.9,68,17,998.5,"Thunderstorms,Rain Showers"
18.6,89,11,999.3,Cloudy
18.7,88,17,998.2,Cloudy
21,82,20,997.7,Cloudy
20.9,82,9,996.6,Cloudy
23.2,77,13,995.4,Cloudy
25.9,68,28,993.5,Cloudy
26.5,63,35,992.7,Cloudy
26.1,61,39,992.1,Cloudy
25.5,61,24,990.8,Cloudy
26,63,33,989.4,Rain Showers
24.4,77,30,988.9,Rain Showers
20.4,87,39,990.9,Rain Showers
20.6,76,33,991.7,Cloudy
20.5,75,39,993.3,Cloudy
19.9,72,37,994.4,Mostly Cloudy
19.2,68,43,995.1,Mainly Clear
16.1,80,44,996.7,Mostly Cloudy
14.2,80,30,998.7,Mostly Cloudy
14.5,75,28,1000.6,Cloudy
14.3,72,30,1001.8,Cloudy
13.9,75,28,1002.6,Cloudy
13.7,76,24,1003,Mostly Cloudy
12.6,81,17,1002.8,Mainly Clear
12.2,84,20,1003.9,Mainly Clear
11.5,88,11,1004.4,Clear
11,91,6,1005,Mainly Clear
12.1,86,7,1005.7,Mainly Clear
13.7,78,17,1006,Mainly Clear
14.8,67,17,1006.5,Mainly Clear
15.7,64,17,1006.9,Mostly Cloudy
16.8,60,19,1006.6,Mainly Clear
17.3,58,22,1006.5,Mainly Clear
17.3,57,11,1006.8,Mainly Clear
18.1,53,19,1006.7,Mostly Cloudy
17.6,57,17,1006.7,Mostly Cloudy
17.9,54,22,1007.1,Mainly Clear
15.6,62,15,1007.6,Mainly Clear
15.5,63,11,1008,Mostly Cloudy
15.2,65,11,1008.3,Mostly Cloudy
14.1,69,9,1008.7,Mostly Cloudy
13.7,73,9,1008.9,Mostly Cloudy
14.2,71,9,1009,Mostly Cloudy
13.9,76,15,1009.3,Cloudy
13.4,81,9,1009.4,Mostly Cloudy
13,84,9,1009.5,Mostly Cloudy
12.7,83,11,1009.6,Mostly Cloudy
12.4,82,11,1009.8,Mostly Cloudy
11.3,84,13,1010,Mainly Clear
10.4,88,17,1010.5,Mainly Clear
10.1,87,17,1011.5,Mainly Clear
11.5,77,15,1012.3,Mainly Clear
12.8,68,19,1012.9,Mostly Cloudy
13.3,67,15,1013.3,Mainly Clear
14.4,59,15,1013.2,Mostly Cloudy
14.9,56,19,1013.1,Mostly Cloudy
16,52,20,1013.1,Mostly Cloudy
16.6,50,13,1013.2,Mostly Cloudy
17.5,47,20,1013,Mostly Cloudy
17.8,46,24,1012.7,Mostly Cloudy
16.7,46,20,1013.1,Mostly Cloudy
16.1,47,20,1013.9,Mostly Cloudy
14.5,52,17,1014.3,Mostly Cloudy
13.5,56,9,1014.7,Mainly Clear
10.9,70,7,1015.4,Clear
9.8,77,6,1015.5,Clear
9.7,77,7,1015.6,Clear
9.3,82,7,1015.6,Clear
8.4,86,9,1015.7,Clear
8.4,87,9,1015.8,Clear
8.4,90,9,1016,Clear
9.1,88,7,1016.4,Clear
9.2,85,4,1017,Clear
6.9,91,0,1017.5,Clear
7.6,91,6,1018.3,Mainly Clear
11,84,9,1018.9,Mostly Cloudy
13.2,75,9,1019.2,Mostly Cloudy
15.1,65,13,1019.5,Mostly Cloudy
16.8,60,17,1019.3,Mostly Cloudy
18.4,52,19,1018.9,Mainly Clear
18.9,53,19,1018.7,Mainly Clear
20.6,50,20,1018.1,Mainly Clear
21,46,20,1017.5,Mainly Clear
21.3,44,19,1016.9,Mainly Clear
21.5,44,20,1016.7,Mainly Clear
21.4,46,20,1016.7,Mainly Clear
20.7,51,17,1016.6,Mainly Clear
19.8,57,9,1016.8,Mainly Clear
19.8,59,15,1017.3,Mainly Clear
19.1,67,15,1017.6,Clear
18.4,66,17,1017.8,Clear
17.8,68,15,1018,Clear
17.5,64,17,1018.2,Clear
17.2,62,11,1018.5,Clear
14.5,72,6,1018.6,Clear
13.2,80,4,1019,Clear
13.7,78,0,1019.1,Clear
13.1,85,6,1019.6,Clear
13.5,86,0,1020.2,Clear
15.8,77,9,1020.2,Clear
17.4,66,7,1020.4,Clear
19.6,61,7,1020.5,Clear
21.9,58,11,1020.2,Mainly Clear
23.9,51,20,1019.8,Clear
25.3,48,19,1019.5,Mainly Clear
26.1,47,13,1018.7,Mainly Clear
26.9,44,17,1018.4,Mainly Clear
27.3,42,17,1018,Mainly Clear
27.3,39,19,1017.7,Mainly Clear
26.8,39,17,1017.7,Mainly Clear
25,47,11,1017.8,Mainly Clear
22.2,64,11,1018.3,Mainly Clear
22.4,59,11,1018.8,Mainly Clear
22.2,57,11,1019.1,Clear
21,66,13,1019.5,Mainly Clear
20.2,70,11,1019.6,Mainly Clear
19.8,67,9,1019.6,Mainly Clear
19.5,68,7,1019.7,Mainly Clear
16.3,80,11,1019.8,Mainly Clear
15.7,85,9,1019.6,Clear
15.5,84,11,1019.6,Clear
14.9,82,4,1020,Clear
15.7,81,6,1020.2,Mainly Clear
18.1,76,6,1020.3,Mainly Clear
19.8,64,9,1020.4,Mainly Clear
21.5,61,13,1020.5,Mainly Clear
22.6,59,17,1020.5,Mainly Clear
24.6,54,15,1020.2,Mainly Clear
26.2,50,17,1019.7,Mainly Clear
27.3,45,19,1018.9,Mainly Clear
27.9,42,24,1018.2,Mainly Clear
28.2,42,22,1017.7,Mainly Clear
28.4,41,19,1017.3,Mainly Clear
27.8,40,20,1017.3,Mainly Clear
26,50,9,1017.1,Mainly Clear
24.2,59,11,1017.2,Mainly Clear
23.2,63,11,1017.4,Clear
22.3,68,13,1017.1,Mainly Clear
21.8,66,15,1017,Mainly Clear
20.7,71,13,1017.2,Clear
19.5,78,9,1017.2,Clear
16.6,90,0,1017.1,Clear
18.2,81,4,1016.9,Clear
16.4,87,6,1016.7,Clear
15.9,87,9,1016.6,Clear
16.4,86,4,1016.5,Mostly Cloudy
16.6,87,6,1016.5,Cloudy
17.9,84,9,1016.4,Cloudy
19.5,76,9,1016.3,Mostly Cloudy
22.2,66,9,1016.1,Cloudy
22.6,64,13,1015.6,Mostly Cloudy
24.2,61,13,1015.1,Cloudy
25.7,57,9,1014.4,Cloudy
26.5,55,9,1013.4,Cloudy
27.3,51,9,1012.7,Mostly Cloudy
26.3,54,9,1012,Cloudy
25.5,62,4,1011.3,Cloudy
25.4,60,7,1010.4,Cloudy
24.5,65,6,1009.6,Rain Showers
21,88,17,1009.4,Cloudy
16.5,96,22,1010.6,"Thunderstorms,Rain Showers"
15.3,94,13,1013.1,Rain Showers
15.5,92,0,1012.1,Rain Showers
15.9,97,13,1011.3,Rain Showers
16.3,91,20,1011.7,Cloudy
15.6,91,22,1011.4,Cloudy
15,91,24,1010.9,Cloudy
14.7,89,30,1010.8,Cloudy
14.2,88,30,1011.2,Mostly Cloudy
13.7,94,28,1011.4,"Drizzle,Fog"
13.4,86,22,1012.5,Mostly Cloudy
13.8,80,20,1013.6,Mostly Cloudy
14.6,76,19,1014.4,Mainly Clear
14.9,71,19,1015,Mostly Cloudy
16,66,22,1015.1,Mostly Cloudy
16.1,58,22,1014.9,Mostly Cloudy
16.6,54,17,1014.9,Mostly Cloudy
16.6,56,20,1014.4,Mostly Cloudy
16.2,56,22,1013.9,Rain Showers
14.2,83,13,1014.1,Mostly Cloudy
16.6,62,17,1013.6,Mainly Clear
14.2,69,22,1013.9,Rain Showers
13.3,73,7,1014,Mostly Cloudy
12.7,69,13,1014.2,Mainly Clear
11.6,70,11,1014.6,Mainly Clear
9.9,77,13,1014.8,Mainly Clear
8.5,83,7,1015.1,Clear
7.9,85,9,1015,Clear
6.6,90,7,1015.2,Clear
6.1,94,9,1014.9,Clear
6.5,94,6,1014.6,Clear
6.7,93,7,1014.4,Clear
7.3,93,9,1014.3,Clear
4.9,98,9,1014.5,Clear
5.8,94,9,1015.3,Clear
8.7,86,9,1015.5,Clear
11.7,61,9,1015.8,Clear
13.1,50,19,1015.7,Mainly Clear
14,52,20,1015.3,Mainly Clear
14.9,48,20,1014.9,Mainly Clear
15.3,44,19,1014.4,Mainly Clear
15.7,42,24,1013.5,Mainly Clear
16.6,42,24,1013,Mainly Clear
16.7,42,19,1012.5,Clear
16.6,40,15,1012,Clear
16.6,42,20,1011.7,Clear
15.5,44,11,1011.6,Clear
14.2,50,6,1011.8,Mainly Clear
12.5,59,6,1011.8,Clear
12.8,61,6,1011.8,Clear
13.1,60,6,1012,Clear
12.1,64,6,1012.1,Clear
11.5,82,4,1012,Clear
10.1,89,4,1012.1,Clear
10.1,86,6,1011.8,Clear
10.1,89,7,1011.6,Mostly Cloudy
11.1,83,7,1011.2,Cloudy
12.1,75,7,1011.2,Cloudy
12.5,79,4,1011.3,Cloudy
13.7,77,7,1011.3,Cloudy
14.7,77,9,1011.3,Cloudy
16.8,79,13,1011.3,Mainly Clear
18.2,75,17,1011.1,Mainly Clear
19.9,73,15,1010.9,Mainly Clear
21.8,62,17,1010.6,Mainly Clear
23.5,56,17,1010.1,Mainly Clear
24.6,47,15,1009.5,Clear
25.2,40,15,1009,Clear
25,46,13,1008.7,Mainly Clear
24.4,46,13,1008.7,Clear
22.1,63,15,1008.8,Mainly Clear
20.6,71,15,1009,Mainly Clear
20,75,13,1008.8,Mainly Clear
19.3,78,0,1008.8,Mainly Clear
18.8,79,6,1008.3,Mainly Clear
17,88,7,1008.4,Mainly Clear
16.2,88,6,1008.4,Mainly Clear
16.9,75,0,1008.1,Mainly Clear
16.6,75,9,1007.5,Clear
16.1,82,19,1006.7,Mostly Cloudy
16.2,81,17,1005.9,Mostly Cloudy
16.1,81,24,1005.2,Mostly Cloudy
16.4,80,22,1004.9,Mainly Clear
16.9,78,20,1004.4,Mostly Cloudy
18.5,72,26,1004,Cloudy
18.7,73,19,1003.1,Cloudy
16.9,94,19,1002.6,Rain
17.3,94,20,1001.3,Rain
16.6,98,20,999.2,Rain
17.1,96,35,996.6,Rain
17.3,96,32,994.9,Rain
18.1,93,32,992.8,Rain
19.4,88,33,991.4,Rain
20.4,86,35,990.1,Rain
20,93,28,991.9,Rain
19.4,95,22,992.8,Rain
19.2,92,24,993.3,Rain
19.1,91,20,993.9,Cloudy
18.8,93,30,994.4,Rain
17.7,90,33,995.2,Rain
12.8,90,37,997.8,Cloudy
11,88,28,999.5,Mostly Cloudy
9.7,87,35,1001,Cloudy
8.7,84,35,1003.1,Cloudy
8.3,79,28,1004.9,Cloudy
8.2,79,30,1006.3,Mostly Cloudy
8,77,26,1007.9,Cloudy
8.2,75,33,1009.2,Mostly Cloudy
8.6,73,26,1010.4,Mostly Cloudy
9.2,70,32,1011.3,Mostly Cloudy
11,60,32,1011.9,Mostly Cloudy
12,58,24,1012.9,Mostly Cloudy
13.2,54,22,1013.7,Mostly Cloudy
13.6,48,24,1014.1,Mostly Cloudy
14.5,46,24,1014.5,Mainly Clear
14.3,40,15,1014.9,Mainly Clear
14.2,44,19,1016,Mainly Clear
12.7,49,11,1016.6,Mainly Clear
10.6,56,11,1016.8,Clear
10,60,4,1017.5,Clear
8.8,68,4,1018.1,Clear
9.5,62,0,1018.3,Clear
8.5,67,0,1018.5,Clear
9.8,63,4,1018.8,Clear
7.2,83,7,1018.8,Clear
8.4,74,6,1019.2,Clear
9,71,7,1018.9,Clear
8,80,4,1019.1,Clear
8.3,84,9,1019.1,Clear
7.7,92,6,1019.5,Clear
7.7,92,6,1019.7,Clear
9.6,83,9,1019.5,Clear
11.7,76,7,1019.4,Clear
12.8,71,15,1018.5,Clear
15.2,60,20,1017.6,Clear
16.2,54,19,1016.5,Clear
17.6,51,15,1015.6,Clear
18.3,47,22,1014.8,Mainly Clear
19.3,44,15,1014.3,Mainly Clear
19.1,47,20,1013.9,Clear
18.7,49,24,1013.1,Clear
18,52,26,1013.1,Clear
16.6,56,19,1012.6,Clear
16.2,58,24,1012.7,Clear
15.6,60,20,1012.4,Mainly Clear
15.4,61,20,1012.5,Clear
13.4,72,15,1012.5,Clear
14,71,19,1012.4,Mainly Clear
13.7,76,19,1012.3,Mainly Clear
13.1,81,20,1012.3,Mainly Clear
13.5,82,19,1011.8,Mostly Cloudy
13.9,83,15,1011.4,Mostly Cloudy
14.3,83,19,1011.4,Cloudy
14.4,81,19,1011.7,Mostly Cloudy
14.4,82,19,1011.9,Mostly Cloudy
14.6,81,17,1011.8,Cloudy
15.2,80,15,1012.3,Cloudy
16,79,15,1012.1,Cloudy
16.7,78,13,1011.7,Cloudy
17.1,76,15,1011.3,Cloudy
17.8,75,17,1010.8,Cloudy
18.2,75,15,1010,Cloudy
19.2,71,17,1009.5,Cloudy
19.3,71,13,1009.3,Mostly Cloudy
19,73,6,1008.9,Cloudy
17.3,89,4,1008.8,Cloudy
15.9,96,19,1009.5,Cloudy
15.2,99,7,1010.1,Rain
15.7,97,4,1010.1,Cloudy
15.4,99,0,1010.4,"Rain,Fog"
15.7,98,13,1009.9,"Rain,Fog"
15.7,99,13,1009.3,Fog
15.7,98,7,1008.7,Fog
15.9,97,7,1008.5,Cloudy
15.9,93,11,1007.6,Cloudy
15.8,91,24,1006.8,Rain Showers
15.4,92,20,1005,Rain Showers
15.4,87,24,1004.6,Cloudy
15.6,83,26,1004.3,Mostly Cloudy
16.2,80,33,1003.6,Mostly Cloudy
16.4,81,32,1002.5,Mostly Cloudy
17.3,76,39,1001.9,Cloudy
18.5,74,33,1001.4,Mostly Cloudy
18.4,76,32,1000.9,Cloudy
16.9,92,22,1002.3,Rain Showers
16.6,94,15,1002.2,Rain Showers
16.3,96,22,1002.9,"Rain,Fog"
16.1,93,9,1003.2,Rain
16.8,90,15,1002.8,Mostly Cloudy
16.4,91,13,1003.2,Mostly Cloudy
16.1,97,13,1003.3,Rain Showers
16,96,9,1003.6,Rain Showers
16.3,86,20,1003.9,Cloudy
15.7,86,26,1003.7,Cloudy
15.4,84,22,1004.1,Cloudy
15.1,82,22,1004.2,Cloudy
14.2,78,26,1004.1,Mostly Cloudy
12.8,81,17,1004.6,Mostly Cloudy
12.2,77,26,1005.6,Mostly Cloudy
11.6,79,24,1005.8,Cloudy
11,78,24,1006.3,Mostly Cloudy
10.2,82,20,1007,Mainly Clear
9.9,84,19,1007.7,Mainly Clear
10.6,83,20,1008.2,Mainly Clear
11.3,78,28,1008.9,Mainly Clear
12,70,24,1009,Mainly Clear
13.2,60,33,1009.7,Mainly Clear
13.5,53,28,1010,Mainly Clear
15.6,48,26,1010,Mainly Clear
14.6,50,30,1010.1,Mainly Clear
16,45,28,1010.2,Mainly Clear
15.1,49,24,1010.4,Mainly Clear
15.1,53,15,1010.7,Mainly Clear
14.3,48,20,1011.1,Mainly Clear
10.9,64,9,1011.7,Mainly Clear
9.8,74,4,1012.3,Mainly Clear
11.4,63,9,1013.1,Mainly Clear
8.7,79,7,1013.8,Mainly Clear
7.2,85,7,1014.1,Mainly Clear
9.2,76,7,1014.3,Mostly Cloudy
7.7,84,0,1014.2,Mainly Clear
5.7,91,6,1014.1,Mainly Clear
6.9,88,0,1013.7,Clear
5.7,93,0,1013.8,Clear
7.2,86,4,1014.2,Mainly Clear
8,99,0,1014.4,Mostly Cloudy
6.9,99,9,1014.7,Mostly Cloudy
7.9,97,6,1014.8,Mostly Cloudy
9.9,85,13,1015.1,Mainly Clear
11,81,13,1014.9,Mainly Clear
12.8,70,22,1014.6,Mainly Clear
14.2,56,28,1014.4,Mainly Clear
15,54,20,1013.7,Mainly Clear
15.8,43,28,1012.8,Mainly Clear
16.6,42,32,1012.3,Mainly Clear
16.3,43,24,1011.3,Mainly Clear
16.4,45,26,1010.9,Mainly Clear
15.3,51,28,1010.6,Mainly Clear
14.4,56,22,1010.3,Mainly Clear
13.8,58,33,1010.5,Mainly Clear
12.1,68,15,1010.6,Mainly Clear
11.7,69,17,1010.6,Mostly Cloudy
12.6,62,17,1010.8,Mostly Cloudy
12.1,64,20,1010.4,Mainly Clear
11.9,67,17,1010.2,Mostly Cloudy
12.1,68,19,1009.2,Mostly Cloudy
11.7,65,20,1008.8,Mostly Cloudy
11.2,68,20,1008.5,Mostly Cloudy
11.6,65,24,1008.5,Mostly Cloudy
11.3,70,17,1008.5,Cloudy
12.4,65,19,1008.9,Mostly Cloudy
13,66,28,1008.9,Mainly Clear
14.1,63,24,1009.2,Mainly Clear
16.3,60,32,1009.3,Mainly Clear
17.4,58,35,1009.2,Mainly Clear
18,56,28,1009.4,Mainly Clear
18.1,58,30,1009.9,Mostly Cloudy
18.9,56,33,1009.9,Mostly Cloudy
19,57,32,1009.7,Mostly Cloudy
19,57,28,1009.8,Mostly Cloudy
19.2,53,19,1009.8,Mostly Cloudy
18.8,59,9,1009.8,Mainly Clear
17.8,64,13,1009.9,Mainly Clear
16.6,67,11,1010.2,Clear
15.7,72,7,1010.3,Mainly Clear
14.3,78,13,1010.6,Mostly Cloudy
13.1,79,7,1010.5,Mainly Clear
14,73,17,1010.3,Cloudy
14.2,75,15,1010.2,Mostly Cloudy
14,75,17,1009.6,Mostly Cloudy
14.1,73,17,1008.9,Mostly Cloudy
14.7,67,17,1008.7,Mostly Cloudy
14.6,69,17,1008.8,Mostly Cloudy
15.1,68,17,1008.4,Mostly Cloudy
15,68,17,1008.6,Cloudy
14.9,74,19,1008.7,Cloudy
14.9,77,19,1008.9,Cloudy
15.4,80,20,1008.8,Cloudy
16.7,77,19,1008.9,Cloudy
18.1,74,20,1008.4,Cloudy
18.1,76,15,1008.2,Cloudy
18.8,77,20,1008,Cloudy
20,72,24,1007.3,Cloudy
17.6,88,11,1007.5,Mostly Cloudy
18.8,80,7,1007.4,Rain Showers
16.1,80,19,1008.6,Mostly Cloudy
14.6,75,17,1010,Mostly Cloudy
13.6,76,7,1010.9,Mostly Cloudy
13.8,67,15,1012.2,Cloudy
13.6,64,6,1013.3,Cloudy
12.6,71,7,1013.9,Mostly Cloudy
11.9,68,7,1014.6,Mostly Cloudy
10.1,76,7,1015.1,Mainly Clear
8.3,87,9,1015.4,Mainly Clear
7.4,90,9,1015.6,Mainly Clear
6.3,91,9,1016.3,Clear
5.1,93,11,1016.9,Clear
6,91,7,1017.6,Clear
6.4,86,0,1018.6,Clear
7.5,86,0,1019.1,Clear
9,79,11,1019.9,Clear
10.9,67,9,1020.3,Mainly Clear
12.8,57,4,1020.6,Mainly Clear
12.8,53,6,1020.4,Mainly Clear
12.9,54,4,1020.4,Mainly Clear
13.6,54,11,1019.9,Mostly Cloudy
14.9,49,4,1019.5,Mainly Clear
15.1,50,9,1019.3,Mainly Clear
15.1,46,11,1019.3,Mainly Clear
14.6,48,7,1019.4,Mainly Clear
13.1,53,7,1019.7,Mainly Clear
10.6,65,0,1020,Clear
11.5,64,4,1020.1,Mainly Clear
9.4,77,7,1020.1,Clear
9.3,73,4,1019.9,Clear
9.2,73,4,1019.8,Clear
9.2,70,6,1019.6,Clear
8,80,7,1019.8,Mainly Clear
8.9,78,6,1019.4,Mainly Clear
7.2,85,9,1019.2,Clear
6,95,9,1019.1,Clear
5.1,97,7,1018.7,Mainly Clear
5.3,92,9,1018.3,Mainly Clear
7.6,82,11,1018,Mainly Clear
9.3,79,9,1018.1,Mainly Clear
10.7,69,13,1017.6,Mostly Cloudy
13.3,61,13,1016.7,Mostly Cloudy
14.6,53,13,1016.2,Mostly Cloudy
15.8,56,7,1015.5,Mostly Cloudy
16.6,53,9,1014.2,Mainly Clear
16.7,59,17,1013.7,Mostly Cloudy
15.6,67,19,1013.5,Mostly Cloudy
14.2,76,17,1013.3,Mostly Cloudy
13.3,81,17,1013.4,Mostly Cloudy
12.9,83,15,1013.3,Mostly Cloudy
13,82,15,1013.5,Mostly Cloudy
13.1,82,4,1013.4,Mostly Cloudy
13.1,80,7,1013.2,Mostly Cloudy
13.1,80,9,1013,Mostly Cloudy
13.1,77,11,1012.9,Cloudy
13,78,7,1012.7,Cloudy
13.1,78,9,1012.4,Cloudy
13,78,11,1012,Cloudy
11.7,89,11,1011.9,Cloudy
11.3,89,15,1011.9,Cloudy
10.3,91,19,1012.3,Cloudy
10.2,91,11,1012.7,Cloudy
9.8,92,17,1012.9,Cloudy
10.9,88,19,1012.8,Cloudy
12.4,83,22,1012.7,Mostly Cloudy
13,82,20,1012.3,Cloudy
12.6,83,24,1011.9,Cloudy
12.6,84,22,1011.8,Drizzle
12.4,84,19,1011.5,Drizzle
12.6,83,19,1011.2,Cloudy
11.6,91,20,1011.1,Drizzle
11.7,88,26,1011.1,Cloudy
11.1,95,22,1011.2,Drizzle
10.8,94,20,1011.2,Drizzle
10.5,98,19,1011.5,"Drizzle,Fog"
10.5,96,24,1011.3,"Drizzle,Fog"
10.7,94,22,1011.1,"Drizzle,Fog"
10.6,95,20,1010.8,"Drizzle,Fog"
10.8,93,17,1010.6,Drizzle
10.8,91,13,1010.3,"Drizzle,Fog"
10.7,93,15,1010.2,"Drizzle,Fog"
10.3,97,20,1009.7,"Drizzle,Fog"
10.4,95,17,1009.2,Drizzle
10.8,92,17,1009.6,Cloudy
10.9,92,15,1009.2,Cloudy
11,91,13,1009,Cloudy
11.2,92,15,1008.8,Cloudy
11.4,90,19,1009,Cloudy
11.7,89,20,1008.4,Cloudy
11.9,89,17,1007.9,Cloudy
12.2,88,19,1007.2,Cloudy
11.8,95,17,1006.5,"Drizzle,Fog"
11.4,97,13,1005.4,"Drizzle,Fog"
11.5,97,19,1004.6,"Rain,Fog"
11.6,95,20,1003.6,"Rain,Fog"
11.7,97,13,1002.8,"Rain,Fog"
11.7,97,11,1002.1,"Rain,Fog"
11.6,99,4,1001.5,"Rain,Fog"
11.5,99,9,1000.9,"Rain,Fog"
11.6,100,9,1000,"Rain,Fog"
11.6,99,11,999,"Rain,Fog"
11.6,97,13,997.9,Rain
11.5,98,15,997.2,"Rain,Fog"
11.5,97,15,996.2,Rain
11.4,98,17,995.6,"Rain,Fog"
11.3,99,15,995,"Rain,Fog"
11.2,99,17,994.4,"Rain,Fog"
11.3,99,15,994.4,"Rain,Fog"
11.3,99,15,994.7,"Rain,Fog"
11.7,95,15,995.1,Cloudy
12.1,94,17,996,Rain
12.6,95,17,997,Cloudy
14,89,19,998,Mostly Cloudy
14.9,83,20,998.8,Cloudy
14.8,83,26,999.6,Cloudy
14.8,80,17,1000.6,Cloudy
14.9,80,19,1001.4,Cloudy
15.3,78,24,1002,Cloudy
15.2,79,26,1002.7,Cloudy
15,80,19,1003.5,Cloudy
14.9,80,17,1004.5,Mostly Cloudy
14.6,82,6,1005.1,Cloudy
14.6,83,9,1005.7,Mostly Cloudy
13.8,87,9,1006.1,Mostly Cloudy
13.8,89,6,1006.5,Mostly Cloudy
13.1,97,6,1006.6,Mostly Cloudy
14.2,92,22,1007.5,Mostly Cloudy
13.5,95,9,1007.4,Mostly Cloudy
12.8,99,9,1007.6,Mostly Cloudy
12.4,99,7,1007.7,Mostly Cloudy
12.1,98,7,1008.2,Mainly Clear
12,99,6,1008.5,Clear
11.1,99,6,1009.2,Mainly Clear
11.2,100,0,1009.6,Mostly Cloudy
11.9,99,4,1010.4,Mostly Cloudy
13,96,9,1010.8,Mostly Cloudy
14.3,92,6,1010.8,Cloudy
15.2,88,9,1010.9,Cloudy
16.6,84,7,1010.8,Mostly Cloudy
18.2,75,13,1011,Mostly Cloudy
18.2,71,9,1010.3,Cloudy
18.7,67,11,1010.3,Mostly Cloudy
18.8,63,9,1010.8,Mostly Cloudy
18.7,68,6,1010.6,Mostly Cloudy
17.9,77,9,1011,Mostly Cloudy
16.6,81,9,1011.6,Mainly Clear
15,90,11,1011.8,Mainly Clear
14.6,90,9,1012.2,Mainly Clear
14,92,6,1012.7,Mainly Clear
14.2,92,4,1012.8,Clear
11.4,97,4,1013.1,Clear
11.9,99,4,1013,Clear
11.3,98,4,1013.3,Clear
11.3,99,7,1013.2,Clear
11.6,99,7,1013.3,Clear
11.5,98,7,1013.7,Clear
11,100,11,1013.8,Fog
11.5,100,11,1014.2,Fog
11.7,100,13,1014.9,Fog
11.4,100,15,1015.4,Fog
12.7,99,19,1015.3,Fog
14.8,92,19,1015,Fog
15.8,87,19,1014.8,Cloudy
16.9,79,19,1014.2,Mostly Cloudy
17.5,77,13,1014,Mostly Cloudy
18.7,72,13,1014,Cloudy
19.3,71,13,1014,Cloudy
19.2,73,11,1014.2,Cloudy
19.2,71,11,1014.5,Cloudy
18.9,73,11,1014.7,Cloudy
19,72,7,1015.1,Cloudy
18.6,76,9,1015.1,Cloudy
18.6,77,11,1015.3,Cloudy
18.3,80,7,1015.6,Cloudy
18,82,7,1015.7,Cloudy
17,89,11,1015.5,Cloudy
16.1,91,11,1015.5,Cloudy
14.7,96,11,1015.6,Drizzle
12.6,95,13,1015.5,"Drizzle,Fog"
11.7,99,15,1015.5,Cloudy
11.5,97,9,1015.9,Cloudy
11.3,97,9,1015.8,Fog
11.4,98,13,1015.8,"Drizzle,Fog"
12,99,7,1015.7,Fog
12.1,99,11,1015.4,"Drizzle,Fog"
12.6,99,9,1014.7,"Drizzle,Fog"
13.3,97,6,1014.7,Fog
13.6,96,0,1014.2,"Drizzle,Fog"
14.4,92,0,1013.8,"Drizzle,Fog"
15.6,92,4,1013,"Rain,Fog"
15.9,93,4,1012.4,Fog
16,97,4,1011.8,Fog
15.8,97,4,1011.3,Fog
14.6,99,0,1011.2,Fog
14.8,99,6,1011,Fog
14.1,100,4,1011,Fog
14.4,96,6,1010.7,Fog
15.3,91,13,1010.1,Mainly Clear
16.6,83,13,1009.7,"Rain,Fog"
15.8,82,11,1009.4,Mainly Clear
15.3,84,15,1009.4,Mainly Clear
15.7,82,17,1009.2,Clear
14.7,87,17,1009.4,Clear
14.4,89,13,1009.6,Clear
13.8,92,17,1009.6,Clear
13.7,95,4,1009.3,Mainly Clear
15.3,92,6,1009.2,Mainly Clear
16.8,85,9,1009.2,Mostly Cloudy
17.3,79,13,1008.4,Mostly Cloudy
18.9,75,11,1008.7,Rain Showers
17.5,81,22,1008.5,Cloudy
18.5,82,19,1007.4,Cloudy
19.2,76,20,1006.9,Cloudy
20.2,75,19,1006,Mostly Cloudy
20.7,72,26,1005.7,Cloudy
20.3,73,28,1005.5,Cloudy
19.7,73,26,1005.5,Cloudy
19,77,24,1005.3,Cloudy
18.7,75,32,1005.3,Cloudy
18.1,77,24,1005.5,Cloudy
17.8,77,22,1005.6,Cloudy
17.4,71,19,1005.4,Cloudy
17,67,17,1005.3,Cloudy
16.8,70,13,1005.1,Cloudy
16.1,71,17,1005,Cloudy
15.4,68,11,1004.4,Rain Showers
14.6,74,11,1003.9,Rain Showers
11,92,13,1003.5,Rain
9.4,96,15,1003.2,Rain
9.1,97,6,1003.5,Rain
8.6,99,11,1003.5,"Rain,Fog"
8.8,97,7,1003.6,Rain
9.5,94,7,1003.3,Rain
9.7,93,13,1003.2,Rain
9.6,92,13,1003.5,Rain
10.9,90,17,1003.2,Mostly Cloudy
11.8,83,20,1003,Cloudy
13.8,72,17,1002.8,Mostly Cloudy
14.4,69,28,1002.5,Mainly Clear
14.6,63,28,1002.6,Mainly Clear
12,76,9,1003.2,Mostly Cloudy
9.7,84,19,1004.3,Mostly Cloudy
10.2,75,26,1005.2,Mostly Cloudy
9.8,75,17,1005.8,Mainly Clear
9.7,74,19,1006.6,Mainly Clear
9.2,72,26,1007.5,Mainly Clear
8.7,72,22,1007.9,Mainly Clear
8.8,73,28,1008.2,Mostly Cloudy
8.4,76,17,1009,Mainly Clear
7,82,15,1009.3,Mainly Clear
6.5,83,11,1010.1,Mainly Clear
5.3,89,13,1010.9,Clear
5.7,88,7,1011.9,Mostly Cloudy
5.9,86,11,1012.5,Mostly Cloudy
6,85,13,1013.1,Mostly Cloudy
5.9,83,9,1012.9,Mainly Clear
6.9,74,9,1013,Mostly Cloudy
8.5,69,22,1013,Mostly Cloudy
9,59,15,1013.3,Mainly Clear
9.2,55,22,1013.6,Mostly Cloudy
9.3,50,20,1013.2,Mostly Cloudy
10.2,47,17,1012.5,Mainly Clear
10.5,49,11,1012.4,Mainly Clear
9.2,52,11,1012.3,Cloudy
8.6,50,13,1012.6,Cloudy
7.3,59,9,1012.7,Cloudy
7.3,64,6,1013,Cloudy
7.4,61,6,1013.3,Cloudy
7.3,62,7,1013.4,Cloudy
7.5,61,0,1013.8,Cloudy
6.5,70,15,1014.4,Rain Showers
6.4,78,9,1014.9,Rain Showers
6.2,79,7,1015.2,Rain Showers
5.4,84,6,1015,Mostly Cloudy
5.1,86,0,1015.2,Clear
3.6,92,6,1015.8,Clear
2.8,99,0,1016.2,Clear
2.4,96,9,1017.3,Mainly Clear
2.5,92,6,1018.3,Mainly Clear
5.4,74,7,1019.2,Mainly Clear
6.6,65,4,1019.4,Clear
8.6,48,7,1019.7,Mainly Clear
10,46,9,1019.5,Mainly Clear
10.7,41,13,1019.5,Mainly Clear
11.1,42,13,1019.3,Mainly Clear
11.6,40,19,1019.1,Mainly Clear
11.9,45,9,1018.9,Mostly Cloudy
12,43,13,1019,Mostly Cloudy
11.5,42,9,1019.4,Cloudy
10.6,45,7,1019.8,Mostly Cloudy
9.7,57,15,1020.3,Mainly Clear
8.1,66,7,1020.5,Mainly Clear
7.3,73,9,1020.8,Mainly Clear
8,66,4,1020.8,Clear
7.4,68,7,1020.6,Clear
5.8,80,6,1020.6,Clear
5.8,84,4,1020.8,Clear
5.9,84,6,1020.6,Clear
5.9,83,4,1020.2,Clear
4.3,89,7,1020.4,Clear
5.1,88,4,1020.8,Mainly Clear
5.4,89,7,1020.9,Mainly Clear
6.7,91,9,1020.9,Mainly Clear
8.4,85,15,1020.8,Clear
10.3,77,15,1020.6,Clear
12.5,65,17,1020,Clear
13.5,55,6,1019.3,Mainly Clear
14.4,51,7,1018.4,Mainly Clear
15,49,7,1017.1,Mostly Cloudy
14.9,45,11,1016.6,Mostly Cloudy
15,50,13,1015.9,Mostly Cloudy
14.5,49,13,1015.7,Mostly Cloudy
13.6,55,22,1015,Mostly Cloudy
13.2,57,20,1014.4,Mostly Cloudy
12.8,57,19,1014.5,Mostly Cloudy
11.9,61,19,1014,Mainly Clear
11.4,62,19,1013.6,Mainly Clear
10.6,81,17,1013.2,Mainly Clear
10.4,82,19,1012.6,Mainly Clear
10,84,15,1012.2,Mainly Clear
10.3,84,11,1011.8,Mostly Cloudy
11,81,15,1010.9,Mostly Cloudy
11.3,80,13,1010.1,Mostly Cloudy
11.3,81,30,1009.4,Mostly Cloudy
11.2,82,20,1009,Mostly Cloudy
11.5,81,37,1008.5,Mostly Cloudy
11.6,83,39,1008,Cloudy
12,81,32,1007.3,Cloudy
12.5,79,32,1006.4,Cloudy
13.5,74,33,1005.3,Cloudy
12.2,90,13,1004.3,Rain
13.3,80,20,1003.3,Cloudy
12.5,89,19,1002.4,Rain
12.8,94,19,1000.7,Cloudy
13.2,88,15,1000.1,Cloudy
13.7,80,26,1000.2,Rain
11.5,77,33,1001.3,Rain
8.9,88,19,1002.5,Mostly Cloudy
7.8,89,17,1003.1,Mostly Cloudy
7.4,90,15,1003.4,Mostly Cloudy
7.9,87,19,1003.7,Mostly Cloudy
7.7,87,11,1004,Mostly Cloudy
6.7,88,9,1003.7,Mainly Clear
7.2,82,17,1004,Mostly Cloudy
6.7,82,20,1004.2,Mostly Cloudy
6.6,82,32,1004.5,Mostly Cloudy
6.6,83,24,1005.1,Mostly Cloudy
6,82,26,1006.8,Mostly Cloudy
5.5,81,28,1008.4,Mainly Clear
5,83,22,1009.5,Mainly Clear
4.9,83,26,1010.5,Mainly Clear
6,77,20,1011.4,Mainly Clear
6.8,67,24,1012,Mainly Clear
7.7,59,32,1011.9,Mostly Cloudy
8.7,59,24,1012,Mostly Cloudy
8,55,30,1012.2,Mostly Cloudy
9.2,46,30,1012.2,Mostly Cloudy
9.7,45,26,1012,Mostly Cloudy
9.8,41,30,1012.1,Mostly Cloudy
9.8,41,28,1011.8,Mostly Cloudy
9.1,45,19,1011.5,Cloudy
9.1,56,30,1011.9,Rain
8.4,65,37,1011.3,Rain
7,79,32,1010.7,Rain
6.6,85,22,1009.3,Rain
6.9,81,22,1007.7,Rain
8.2,76,19,1006.9,Rain
7.7,85,22,1007.4,Rain
8.1,83,24,1007.5,Rain
7.9,79,30,1007.6,Cloudy
7.2,65,33,1008.3,Cloudy
5.5,71,26,1010,Cloudy
4.4,73,24,1011.4,Mostly Cloudy
3.6,75,24,1013,Mainly Clear
3.7,75,17,1014.5,Mainly Clear
4.8,68,17,1015.7,Mainly Clear
5.4,60,19,1016.8,Mostly Cloudy
5.4,57,20,1017.4,Mostly Cloudy
6.2,50,22,1017.6,Mostly Cloudy
5.6,46,30,1018.3,Mostly Cloudy
6.2,43,26,1018.7,Mostly Cloudy
6.2,44,22,1019.3,Mostly Cloudy
6.4,43,20,1019.8,Mostly Cloudy
5.2,47,19,1020.7,Mostly Cloudy
4.7,49,22,1021.3,Mainly Clear
4,54,15,1022.1,Clear
2.5,63,13,1022.8,Clear
1.2,70,9,1023.5,Clear
0.7,71,7,1024.1,Clear
0,71,9,1024.7,Clear
-0.2,71,9,1024.8,Mainly Clear
1.9,66,9,1024.9,Mostly Cloudy
-0.9,81,7,1025.1,Mostly Cloudy
0.1,76,4,1024.7,Mostly Cloudy
-1.6,86,4,1024.9,Mostly Cloudy
-1.9,87,4,1025.2,Mainly Clear
-1.9,86,0,1025.3,Clear
-1,84,0,1025.4,Mostly Cloudy
1,79,6,1025.6,Mostly Cloudy
3.4,71,11,1025.7,Mainly Clear
4.5,79,17,1025.5,Mainly Clear
6.1,60,19,1025.2,Mainly Clear
7.7,44,28,1024.6,Mostly Cloudy
9.7,44,22,1023.7,Mostly Cloudy
8.6,45,20,1022.4,Mainly Clear
9.8,40,19,1022,Mostly Cloudy
9.4,44,19,1021.8,Mostly Cloudy
9.5,42,17,1021.4,Mostly Cloudy
9.1,43,13,1020.8,Mostly Cloudy
8.8,45,7,1020.1,Cloudy
8.2,52,15,1019.2,Cloudy
7.9,52,15,1018.5,Cloudy
8.3,49,9,1017.3,Cloudy
8.2,53,24,1017.5,Rain Showers
5.6,83,19,1017.7,"Rain,Fog"
5.4,85,7,1016.8,"Rain,Fog"
4.6,92,20,1015.1,"Rain,Fog"
4.4,92,17,1013.5,Rain
4.6,95,17,1012.4,"Rain,Fog"
4.9,96,17,1011.6,"Rain,Fog"
5.4,94,9,1011.8,"Rain,Fog"
5.5,93,11,1011.1,Rain
5.9,93,6,1011.6,Fog
6.2,95,7,1011.3,Fog
6.8,91,7,1011.3,Cloudy
7.3,90,6,1011.4,Drizzle
6.7,98,11,1011.1,"Drizzle,Fog"
6.7,97,13,1010,"Drizzle,Fog"
6.6,98,13,1009.4,"Drizzle,Fog"
6.6,98,19,1008.4,"Rain,Fog"
7,97,15,1007.7,"Rain,Fog"
7.5,97,15,1006.8,"Rain,Fog"
7.7,97,19,1006.7,"Rain,Fog"
9.9,97,11,1005.6,"Rain,Fog"
9.6,97,15,1004.8,"Drizzle,Fog"
10,95,15,1003.1,Fog
9.8,97,11,1002.7,Fog
9.4,98,7,1001.7,Fog
8.9,98,15,1001.3,"Rain,Fog"
8.8,97,13,1000.5,"Rain,Fog"
8.5,98,9,1000.2,"Rain,Fog"
8.7,98,11,998.8,"Rain,Fog"
8.8,97,9,997.8,"Rain,Fog"
11.9,92,4,996.6,Mostly Cloudy
13.5,88,11,996.2,Mostly Cloudy
13.6,87,19,995.6,Cloudy
13.8,84,19,995.3,Mostly Cloudy
14.4,82,20,995.3,Cloudy
16.4,76,24,995.1,Mostly Cloudy
16.6,78,20,995,Cloudy
16.6,76,17,996.1,Rain Showers
16.4,69,22,996.3,Mostly Cloudy
16.3,69,28,996.4,Mostly Cloudy
17.8,57,30,996.5,Mostly Cloudy
16.2,62,28,997,Mostly Cloudy
15.5,65,30,997,Mostly Cloudy
14.7,65,33,996.9,Mostly Cloudy
13.7,72,32,997,Mostly Cloudy
12.9,74,30,997.2,Mostly Cloudy
12.6,73,30,997.6,Mainly Clear
12.1,70,26,997.4,Mainly Clear
12.1,62,32,997.3,Mostly Cloudy
11.6,57,28,997.5,Mostly Cloudy
9.8,66,28,998.1,Mainly Clear
9.2,69,24,998.9,Mostly Cloudy
7.6,67,30,998.8,Mainly Clear
6.7,75,19,998.8,Mostly Cloudy
6.6,78,22,999.4,Cloudy
5.9,81,19,999.9,Cloudy
5.2,74,28,1000.5,Mostly Cloudy
4.8,75,15,1001.8,Mostly Cloudy
5.6,71,22,1002.4,Mainly Clear
6,72,19,1002.7,Mostly Cloudy
7.6,66,26,1003,Mostly Cloudy
7.7,64,22,1003.4,Mostly Cloudy
7.8,65,28,1003.5,Cloudy
8.2,61,24,1003.8,Mostly Cloudy
8.6,58,30,1003.7,Mostly Cloudy
8.4,58,32,1003.9,Mostly Cloudy
8.4,55,28,1004.3,Mostly Cloudy
7.3,58,20,1004.7,Mainly Clear
6.5,62,15,1005.4,Mainly Clear
4.9,70,9,1005.7,Mainly Clear
3.7,75,7,1006.3,Clear
3,78,11,1006.6,Clear
4.1,72,7,1007.3,Clear
1.6,86,7,1007.5,Clear
3.8,79,11,1008,Clear
2.8,85,9,1008.6,Clear
1.1,85,7,1009.1,Clear
1.8,82,6,1009.2,Mostly Cloudy
2.2,84,7,1009.6,Mostly Cloudy
2.6,84,0,1009.5,Mostly Cloudy
2.7,85,0,1009.8,Mainly Clear
3.3,83,0,1010.2,Clear
6.3,74,0,1010.6,Mainly Clear
7.1,81,6,1010.8,Mainly Clear
9.1,58,6,1010.8,Mainly Clear
10.1,58,6,1010.2,Mainly Clear
10.8,55,7,1009.7,Mainly Clear
11.4,52,6,1009,Mostly Cloudy
12,52,0,1008.8,Mostly Cloudy
12.5,52,4,1008.6,Mostly Cloudy
12.5,54,4,1008.7,Mostly Cloudy
11.7,59,11,1008.7,Mostly Cloudy
11,65,7,1009.4,Mostly Cloudy
11.7,58,7,1009.3,Cloudy
11.7,56,9,1009.2,Mostly Cloudy
11.6,58,11,1009.2,Mostly Cloudy
11.7,60,7,1009.3,Mostly Cloudy
11.1,66,11,1009,Cloudy
11.1,65,6,1009.2,Cloudy
10.9,68,4,1009.2,Cloudy
10.9,66,4,1009.2,Mostly Cloudy
8.9,78,9,1009.1,Mostly Cloudy
9.1,79,11,1009.2,Mostly Cloudy
9.4,78,11,1009.4,Mostly Cloudy
9,80,11,1009.6,Mostly Cloudy
10.7,68,9,1009.8,Mainly Clear
12.2,64,6,1010.2,Mostly Cloudy
14.4,59,15,1009.9,Mainly Clear
16.1,54,15,1009.7,Mainly Clear
17.9,47,15,1009.4,Mainly Clear
18.3,45,17,1009,Mainly Clear
18.3,45,22,1008.5,Mainly Clear
19.3,41,28,1007.8,Mainly Clear
18.6,37,26,1007.8,Mostly Cloudy
18.3,38,28,1006.9,Mostly Cloudy
16.6,45,15,1007.4,Mostly Cloudy
16,48,17,1008,Mostly Cloudy
15.6,50,15,1008.6,Mainly Clear
14.9,54,17,1009,Mostly Cloudy
13.8,59,17,1009.5,Mostly Cloudy
14.4,57,19,1009.9,Mostly Cloudy
12.7,62,15,1009.6,Mostly Cloudy
12.3,66,17,1009.4,Mainly Clear
11.7,67,17,1009.2,Mainly Clear
11.7,68,15,1009.2,Mainly Clear
12,67,19,1009.4,Cloudy
11.9,70,13,1009.6,Rain Showers
11.7,82,17,1009.6,Rain Showers
11.2,91,15,1009.1,"Rain,Fog"
11.3,91,17,1010,"Rain,Fog"
11.7,91,13,1009.2,Rain
12.8,86,24,1007.7,Cloudy
13.1,87,24,1007.9,Rain Showers
12.8,92,9,1007.9,Rain
13,91,11,1007.7,Rain
13.1,92,17,1006.4,Rain
13,94,15,1005.5,"Rain,Fog"
13.3,92,13,1004.5,"Rain,Fog"
12.9,96,7,1004.5,"Rain,Fog"
13.1,94,17,1003.8,"Rain,Fog"
13.1,94,22,1002.9,Rain
13.5,93,7,1002.9,Rain
13.8,94,19,1001.3,Rain
13.8,92,17,1001.6,Mostly Cloudy
13.4,93,7,1001.5,Cloudy
13.5,92,11,1001,Cloudy
13.2,94,13,1000.2,Cloudy
12.9,96,15,999.7,Fog
12.8,96,19,998.4,Fog
12.8,96,13,998.3,"Rain Showers,Fog"
12.4,97,7,998.3,Cloudy
12.5,97,4,998.4,Fog
10.6,100,4,998.7,Fog
11.8,99,4,998.8,Fog
12.7,99,4,998.9,Fog
13.8,96,4,998.9,Fog
16,83,15,998.7,Mainly Clear
16.4,76,19,999.3,Mostly Cloudy
18.1,67,20,998.9,Mostly Cloudy
17.6,64,11,997.5,Mainly Clear
17.2,64,22,997.9,Mostly Cloudy
16.4,61,22,997.5,Mostly Cloudy
14,73,15,999,Rain Showers
13.4,76,11,999.5,Rain Showers
12.3,71,19,1000.1,Mainly Clear
11.6,68,20,1000.4,Clear
10.7,70,17,1000.6,Mainly Clear
11,72,13,1000.7,Mainly Clear
10.5,75,11,1000.5,Mainly Clear
10.2,77,19,1000.5,Mainly Clear
9.2,82,13,1000.7,Mainly Clear
9.9,81,19,1001.4,Mostly Cloudy
10.3,81,19,1001.5,Cloudy
10.6,79,26,1001.5,Cloudy
10.2,81,22,1001.5,Mostly Cloudy
10.5,81,24,1001.5,Rain Showers
10.1,84,30,1002.1,Cloudy
9.8,83,28,1002.6,Mostly Cloudy
10.2,77,35,1002.9,Mostly Cloudy
10.4,74,26,1002.7,Mostly Cloudy
10.9,71,32,1003.1,Mostly Cloudy
11.2,70,33,1003.3,Mostly Cloudy
12.6,66,32,1003,Mostly Cloudy
12.6,62,32,1003,Cloudy
12.7,63,28,1003.3,Mostly Cloudy
12.2,64,32,1003.9,Cloudy
12,64,30,1004.4,Cloudy
11.8,66,28,1005.1,Cloudy
11.5,68,22,1005.6,Mostly Cloudy
11.3,68,22,1006,Mostly Cloudy
11.4,67,20,1006.3,Mostly Cloudy
10.7,72,22,1006.6,Cloudy
10.1,72,15,1007.2,Mostly Cloudy
9.3,74,17,1007.5,Mostly Cloudy
8.7,73,32,1007.3,Mainly Clear
8,75,26,1007.7,Mainly Clear
7.6,77,24,1008.1,Mainly Clear
7.1,80,17,1008.4,Mainly Clear
7.4,79,19,1008.4,Mainly Clear
7.4,80,24,1009,Clear
7.2,81,15,1009.5,Clear
7.8,79,15,1010,Mainly Clear
10,72,22,1010.4,Mostly Cloudy
9.8,74,24,1010.8,Mostly Cloudy
11.2,68,26,1010.1,Mainly Clear
12.7,65,30,1010.6,Mainly Clear
13,61,24,1010.3,Mainly Clear
14.2,59,24,1010,Mainly Clear
14.5,52,22,1010.4,Mainly Clear
14.6,52,28,1010.5,Mainly Clear
14.3,53,15,1010.6,Mainly Clear
13.2,56,20,1011.1,Mainly Clear
11.9,64,19,1011.6,Mainly Clear
11.1,69,13,1012.1,Clear
10.3,74,13,1012.4,Mainly Clear
8.4,80,9,1012.9,Clear
8.1,83,7,1013.4,Mainly Clear
6.4,87,0,1013.4,Clear
6.2,86,6,1013.6,Clear
5.8,87,4,1013.8,Clear
4.9,89,9,1014,Clear
5.1,89,7,1014.2,Clear
5.1,89,4,1014.7,Clear
5.4,88,6,1015.4,Clear
5.1,89,6,1015.9,Mainly Clear
4.2,91,0,1016.8,Mainly Clear
6.9,85,11,1017.1,Mostly Cloudy
9.4,74,9,1017.5,Mostly Cloudy
9.6,72,4,1017.3,Mostly Cloudy
10.9,65,0,1016.9,Mostly Cloudy
11.1,61,0,1016.2,Mainly Clear
12.2,56,4,1015.9,Mostly Cloudy
13.1,53,6,1015.8,Mostly Cloudy
12.3,58,11,1015.7,Mostly Cloudy
11.9,58,11,1015.7,Mostly Cloudy
10.9,61,9,1016,Mainly Clear
7.9,74,0,1016.4,Mainly Clear
8.6,69,0,1017,Mainly Clear
7,75,0,1017.2,Mainly Clear
6.9,74,0,1017.3,Mainly Clear
6.8,82,7,1017.6,Mainly Clear
7.7,59,13,1017.9,Clear
7.3,54,13,1018.1,Clear
5.1,65,13,1018.3,Clear
4,69,7,1019,Clear
4.9,66,7,1019,Clear
2,78,9,1019.1,Clear
2.6,74,9,1019.3,Clear
1.9,79,7,1019.4,Clear
2.6,78,11,1019.9,Clear
5.8,63,11,1020.3,Clear
7,59,15,1020.2,Mainly Clear
7.2,52,17,1020,Mostly Cloudy
8.1,53,11,1019.3,Mostly Cloudy
9.1,52,11,1018.6,Mostly Cloudy
10.6,46,6,1017.9,Mainly Clear
11.7,39,6,1017.5,Mostly Cloudy
12.2,37,11,1017.3,Mostly Cloudy
11.3,39,11,1017.5,Mostly Cloudy
10.9,40,17,1017.8,Mostly Cloudy
10.6,47,13,1018.3,Cloudy
10.3,49,7,1018.2,Mostly Cloudy
10.1,45,11,1018.5,Mostly Cloudy
10,42,6,1018.8,Mostly Cloudy
9.4,44,9,1018.7,Mostly Cloudy
9.6,43,15,1019,Mostly Cloudy
9.5,43,17,1019,Cloudy
9.2,46,15,1019.2,Mostly Cloudy
8.4,52,15,1018.9,Mostly Cloudy
7.3,58,13,1018.4,Mainly Clear
6.9,59,15,1018.5,Mainly Clear
5.7,68,17,1018.9,Mostly Cloudy
4.1,78,17,1019,Mainly Clear
4.6,80,19,1019.3,Mostly Cloudy
5.2,77,22,1019.4,Mostly Cloudy
6.4,62,17,1019.7,Mostly Cloudy
8,58,9,1018.9,Cloudy
9.1,56,11,1018.9,Cloudy
11.3,50,13,1017.7,Cloudy
12.8,51,11,1017.1,Cloudy
12.8,51,17,1016.6,Mostly Cloudy
13.5,51,19,1015.9,Mainly Clear
13.3,54,15,1015.9,Mostly Cloudy
12.6,56,19,1015.5,Mostly Cloudy
11.8,63,15,1015.4,Mostly Cloudy
11.4,67,15,1015.3,Clear
11,71,15,1015.1,Clear
10,75,13,1015.1,Clear
9.8,79,13,1014.7,Clear
9.3,83,9,1014.5,Clear
8.9,84,9,1014.7,Clear
8.5,87,7,1014.9,Mostly Cloudy
8.3,88,11,1015,Mainly Clear
7.7,91,7,1014.9,Clear
7.2,87,7,1014.8,Clear
7,87,9,1015.2,Clear
6.9,86,11,1015.3,Clear
6.7,86,11,1015.7,Clear
9.1,82,6,1016,Clear
11.7,77,7,1016,Clear
15.1,71,6,1015.4,Clear
18.1,71,4,1015.1,Clear
19.8,64,9,1014.3,Clear
20.9,62,11,1013.6,Clear
21.1,60,9,1013.6,Clear
20.4,63,13,1013.5,Clear
18.2,68,19,1013,Clear
15.7,77,9,1013.3,Mainly Clear
14.7,80,11,1013.6,Mainly Clear
13.5,85,7,1013.9,Mainly Clear
14.2,82,15,1013.8,Mostly Cloudy
13.1,86,9,1013.8,Mainly Clear
13,87,4,1014.1,Mainly Clear
12.7,89,9,1014,Mainly Clear
11.9,92,4,1014.2,Mostly Cloudy
12.1,92,4,1014.2,Cloudy
11.8,94,6,1014.1,Cloudy
12.2,92,4,1013.9,Cloudy
12.1,92,0,1013.8,Cloudy
11.7,94,9,1013.8,Fog
11.9,92,9,1014.1,Fog
12.3,91,6,1014.2,Fog
12.7,88,11,1014.6,Fog
12.5,90,17,1014.2,Fog
12.4,91,15,1014,Fog
13.4,86,11,1013.5,Fog
14.1,82,17,1012.6,Haze
14.2,79,15,1012,Cloudy
14.4,74,15,1011.4,Cloudy
14.6,71,17,1011,Cloudy
14.6,70,15,1010.8,Mostly Cloudy
13.9,74,9,1010.9,Mostly Cloudy
13.5,76,9,1011.5,Cloudy
13.7,72,11,1011.3,Cloudy
13.5,67,11,1011.5,Cloudy
13.3,67,11,1011.4,Mostly Cloudy
12.8,72,13,1011.3,Mostly Cloudy
12,79,11,1011.4,Mostly Cloudy
11,84,15,1011.8,Mostly Cloudy
10.4,82,15,1011.9,Mostly Cloudy
9.9,81,11,1012.2,Cloudy
9.8,80,9,1012.5,Cloudy
9.5,82,13,1012.3,Mostly Cloudy
9.6,82,7,1012.8,Cloudy
9.7,82,7,1012.9,Cloudy
9.5,84,7,1013.6,Cloudy
9.9,84,7,1013.8,Cloudy
10.8,82,11,1013.4,Cloudy
11.4,81,9,1013.2,Cloudy
12,77,11,1013.1,Cloudy
12.9,74,20,1012,Cloudy
12.9,71,15,1011.9,Cloudy
13,66,20,1011.3,Cloudy
13.1,62,20,1010.6,Cloudy
12.9,62,22,1010.6,Cloudy
12.7,65,26,1010.1,Cloudy
12.9,67,24,1010,Cloudy
12.7,70,28,1009.9,Cloudy
12.3,72,24,1010.2,Cloudy
11.6,75,24,1010.3,Cloudy
11,78,32,1010.1,Mostly Cloudy
10.3,81,26,1009.8,Cloudy
9.9,82,22,1009.5,Mostly Cloudy
9.5,84,26,1008.9,Mostly Cloudy
9.2,84,26,1008.2,Mostly Cloudy
9.6,84,24,1007.9,Cloudy
9.9,83,30,1007.7,Mostly Cloudy
9.6,86,20,1007.6,Cloudy
10.2,83,33,1007.2,Cloudy
10.1,84,26,1007,Cloudy
10.7,82,24,1006.7,Cloudy
11.9,80,26,1006.1,Cloudy
12.9,76,28,1005.7,Cloudy
14.3,72,32,1004.8,Cloudy
15.4,69,26,1003.5,Cloudy
16.5,64,33,1002.4,Cloudy
16.6,65,44,1001.3,Cloudy
16.6,63,33,1000.9,Cloudy
15.2,70,48,1000.4,Cloudy
14.2,73,48,999.4,Cloudy
14.2,72,44,998.3,Mostly Cloudy
14,75,50,996.5,Mostly Cloudy
14.3,74,52,995.5,Cloudy
14,75,48,994.6,Mostly Cloudy
14.2,75,50,993.7,Cloudy
14.1,76,54,993.3,Cloudy
14.6,75,41,992.8,Cloudy
14.6,76,52,992.3,Mostly Cloudy
14.1,78,37,993.1,Mostly Cloudy
13.9,80,41,992.1,Rain Showers
13.8,80,35,992.8,Mostly Cloudy
13.7,81,37,993.2,Mainly Clear
13.6,82,37,993.1,Rain Showers
15,77,30,994.5,Rain Showers
15.7,79,26,995,Mostly Cloudy
15.4,84,22,995.2,Mostly Cloudy
16.1,83,28,995.7,Mostly Cloudy
15.1,92,22,996,Rain
16.1,90,17,995.3,Mostly Cloudy
19.8,72,28,994.4,Mainly Clear
20.4,63,28,995,Mainly Clear
20.9,56,33,994.7,Mainly Clear
20.6,50,20,994.9,Mainly Clear
19.7,51,17,995.4,Mainly Clear
19.2,57,17,996.1,Mostly Cloudy
18.8,61,28,996.1,Mostly Cloudy
18.6,68,26,995.7,Rain Showers
16.8,81,26,996,Rain
15,93,17,994.9,Cloudy
15.6,90,11,994.5,Rain Showers
15,93,9,994.3,Rain Showers
14.9,92,9,993.6,Mainly Clear
13.7,94,11,994.1,Mainly Clear
13.7,92,11,994.3,Mainly Clear
13.8,87,13,993.7,Mainly Clear
13.6,85,17,993.4,Mainly Clear
14,77,11,992.4,Mostly Cloudy
11.6,92,11,992.6,Mostly Cloudy
14,88,17,992.2,Mostly Cloudy
14.6,88,15,991.6,Cloudy
14.6,90,19,991.4,Cloudy
14.8,93,11,991.2,Rain Showers
10.8,91,24,992,Cloudy
10.2,89,20,992.6,Rain Showers
10.3,90,11,992.8,Drizzle
10.2,90,4,992.8,Rain Showers
10.2,90,4,992.6,Cloudy
9.7,90,15,993.1,Cloudy
8.8,91,13,993.7,Cloudy
8.5,88,7,993.7,Mostly Cloudy
8.4,87,7,994,Mostly Cloudy
8.1,90,0,993.9,Rain Showers
7.8,93,0,994,Mostly Cloudy
8.1,89,4,993.8,Cloudy
7.8,93,7,993.9,Mostly Cloudy
7.6,95,6,993.7,Cloudy
7.6,91,4,993.5,Rain Showers
7.3,88,6,993.3,Rain Showers
7.7,81,0,993.2,Rain Showers
7.7,83,4,993.2,Rain
7.4,87,4,993.1,Cloudy
7.3,84,7,993.2,Rain
7.2,83,9,993.3,Rain
7.6,87,9,993.4,Rain
7.7,84,9,993.1,Cloudy
8.1,79,11,992.9,Cloudy
8.4,79,13,992.5,Cloudy
8.4,79,15,992.2,Rain
8.4,81,17,992.2,Drizzle
7.7,89,11,992.2,Rain
8,88,17,992.3,Rain
8.1,86,17,992.6,Rain
7.5,81,28,993,Cloudy
6.9,86,22,993.3,Rain
6.7,88,24,993.3,Rain
6.4,88,22,993.5,Rain
5.6,87,20,993.7,Rain
5.5,83,19,993.8,Rain
5.3,84,19,994,Cloudy
5.1,84,20,994.2,Cloudy
5,84,22,994.5,Cloudy
4.8,87,24,994.5,Cloudy
4.7,86,20,994.6,Cloudy
4.8,87,19,994.6,Rain Showers
4.4,88,20,994.8,Rain
4.1,89,19,995.3,Rain
3.9,91,17,995.8,Rain
3.7,89,22,996.1,Rain
3.9,90,20,996.4,Rain
4.2,91,22,996.7,Drizzle
4.3,91,15,996.8,Drizzle
4.3,92,20,997,Drizzle
4.6,91,20,997,Cloudy
4.8,91,19,997.4,Cloudy
4.9,91,22,997.8,Cloudy
5.3,89,19,998.1,Cloudy
5.7,89,15,998.7,Cloudy
5.9,89,19,999,Rain Showers
5.8,86,17,999.4,Rain Showers
5.7,83,17,999.6,Cloudy
5.6,84,13,1000,Rain Showers
5.6,82,13,1000.2,Rain Showers
5.3,81,17,1000.6,Rain Showers
4.9,83,13,1001,Rain
4.7,82,17,1001.3,Rain
4.5,79,17,1001.4,Cloudy
4.1,80,20,1001.7,Mostly Cloudy
4,79,19,1002.2,Cloudy
3.7,78,17,1002.7,Mostly Cloudy
3.5,80,20,1003.3,Cloudy
4.2,81,20,1003.9,Cloudy
4.8,76,22,1004.2,Cloudy
5.1,78,22,1004.5,Rain Showers
5.3,80,24,1004.5,Rain Showers
5.4,79,22,1004.5,Drizzle
5.1,84,22,1004.6,Drizzle
5.5,82,20,1004.7,Drizzle
5.4,83,24,1005.2,Drizzle
5,85,20,1005.7,Drizzle
5,83,20,1006.2,Drizzle
4.7,85,13,1006.6,Drizzle
4.8,84,15,1006.9,Drizzle
5,79,17,1007.3,Cloudy
5,75,15,1007.6,Cloudy
4.7,74,17,1007.9,Cloudy
4.3,73,17,1008.2,Cloudy
3.8,75,15,1008.5,Mostly Cloudy
3.2,76,11,1008.7,Mostly Cloudy
3,73,15,1008.8,Mostly Cloudy
3.1,73,17,1008.8,Mostly Cloudy
2.9,76,19,1009,Cloudy
3,75,15,1009.6,Cloudy
3,72,17,1009.9,Cloudy
2.8,71,15,1010.5,Cloudy
2.2,78,17,1011.1,"Rain Showers,Snow Showers"
2.9,74,17,1011.2,Snow Showers
3,69,19,1011,Mostly Cloudy
3.3,67,13,1010.8,Cloudy
3.7,64,13,1010.7,Cloudy
3.4,65,11,1010.9,Cloudy
3.4,61,15,1010.8,Cloudy
3.6,58,17,1010.8,Cloudy
3.5,56,13,1011.2,Cloudy
3.2,59,13,1011.7,Cloudy
3,58,11,1012.1,Cloudy
2.5,61,9,1012.5,Cloudy
2.2,58,13,1012.8,Cloudy
2,59,13,1013,Cloudy
1.8,60,9,1013,Cloudy
1.7,61,11,1012.7,Cloudy
1.5,62,9,1012.8,Cloudy
1.2,64,11,1012.7,Cloudy
1.3,58,17,1012.9,Cloudy
0.8,53,17,1012.9,Cloudy
0.4,58,13,1013.2,Cloudy
-1.1,66,11,1013.4,Mostly Cloudy
-0.6,72,11,1013.8,Mostly Cloudy
-0.3,66,15,1014,Mostly Cloudy
-0.5,67,15,1014.5,Mainly Clear
0.8,60,17,1014.6,Mainly Clear
1.8,52,17,1014.9,Mainly Clear
1.7,51,17,1014.7,Mostly Cloudy
1.8,49,15,1014.4,Mostly Cloudy
1.9,47,17,1014.4,Mostly Cloudy
1.8,47,15,1014.2,Cloudy
1.8,50,20,1014.1,Mostly Cloudy
1.1,59,19,1014.4,Snow Showers
0.9,52,17,1014.9,Mostly Cloudy
0.5,50,20,1015.7,Mostly Cloudy
-0.6,47,13,1016.2,Mostly Cloudy
-1,52,7,1016.4,Mostly Cloudy
-2,58,7,1016.6,Mainly Clear
-2.2,57,11,1016.5,Mainly Clear
-3.2,61,9,1016.5,Mainly Clear
-2.9,58,15,1016.8,Mainly Clear
-3.6,60,13,1016.9,Clear
-4.7,68,9,1017.2,Clear
-5.5,77,4,1017.6,Clear
-3.3,60,0,1017.6,Mostly Cloudy
-3,64,0,1017.9,Mostly Cloudy
-3.7,75,6,1018.3,Mostly Cloudy
-3.4,76,6,1018.6,Mostly Cloudy
-1.6,74,6,1018.9,Mainly Clear
-0.2,66,7,1019,Mainly Clear
0.4,62,7,1019.3,Mostly Cloudy
1.9,62,9,1019.4,Mostly Cloudy
1.5,56,17,1018.9,Cloudy
2.3,48,15,1018.8,Mostly Cloudy
2.1,49,9,1018.7,Mostly Cloudy
2.6,47,15,1018.7,Mostly Cloudy
1.9,47,13,1018.7,Mostly Cloudy
0,57,6,1018.9,Mainly Clear
-0.9,59,4,1018.9,Clear
-0.3,57,0,1019.3,Clear
-1.5,65,0,1019.4,Clear
-0.7,63,4,1019.7,Clear
-0.9,65,4,1019.8,Clear
-1.5,69,6,1019.6,Clear
-0.6,67,7,1019.3,Clear
-0.9,66,9,1019,Clear
-2.6,72,7,1019.4,Clear
-3.6,83,9,1019.5,Clear
-4,85,11,1020.2,Clear
-4.3,85,13,1019.8,Clear
-4.2,85,13,1019.2,Mainly Clear
-3.7,82,15,1019.6,Mainly Clear
-3.1,80,17,1020,Mainly Clear
-1.3,67,22,1020.2,Mostly Cloudy
0,60,20,1020.1,Mostly Cloudy
1.1,53,26,1019.7,Mostly Cloudy
2.1,49,26,1018.8,Mostly Cloudy
2.4,48,32,1017.8,Mostly Cloudy
2.2,49,24,1017.5,Mostly Cloudy
1.8,49,24,1017.3,Mostly Cloudy
1.5,53,26,1017,Mostly Cloudy
1.2,58,20,1016.7,Mainly Clear
1,61,19,1016.8,Mostly Cloudy
1.4,55,20,1016.9,Mainly Clear
1.3,51,26,1016.5,Mostly Cloudy
0.8,59,22,1016.4,Mainly Clear
0,66,22,1015.8,Clear
-0.7,74,22,1015.5,Mostly Cloudy
-0.2,73,26,1015.4,Mostly Cloudy
-0.9,74,30,1014.9,Mostly Cloudy
-1,69,33,1014.8,Mostly Cloudy
-0.8,69,20,1014.6,Mostly Cloudy
-1.3,71,26,1014.4,Mostly Cloudy
-1.3,69,22,1014.3,Mainly Clear
-1.4,72,19,1014.2,Mainly Clear
-1,74,26,1014.4,Mostly Cloudy
-0.2,72,20,1014.6,Mostly Cloudy
0.8,68,19,1014.5,Cloudy
2.4,63,30,1014.1,Mostly Cloudy
2.6,62,30,1013.8,Mostly Cloudy
3.9,58,24,1012.9,Mostly Cloudy
4.7,56,26,1012.4,Mostly Cloudy
5.1,54,26,1012.1,Mostly Cloudy
5.2,54,20,1011.8,Mostly Cloudy
4.4,55,19,1011.7,Mostly Cloudy
3.2,58,13,1012,Mostly Cloudy
2.4,67,7,1012.5,Mostly Cloudy
1.8,69,9,1012.7,Mostly Cloudy
1.7,62,19,1012.8,Mostly Cloudy
0.5,69,13,1012.4,Mainly Clear
-0.3,72,11,1012.1,Mainly Clear
-1.3,76,7,1011.9,Mainly Clear
-3.4,84,7,1012.1,Mainly Clear
-3.7,85,7,1011.8,Mainly Clear
-4.3,86,7,1011.9,Clear
-3.6,86,7,1011.9,Clear
-3.4,87,7,1012,Clear
-5.4,91,7,1012.2,Mainly Clear
-3.2,89,7,1012.5,Mainly Clear
-2.5,88,7,1013,Mostly Cloudy
-1.6,86,7,1013.6,Mostly Cloudy
1.3,76,17,1013.4,Mostly Cloudy
2.3,66,19,1013.6,Cloudy
3.3,58,20,1013.6,Mostly Cloudy
3.4,60,22,1013.1,Mostly Cloudy
4,59,20,1012.6,Cloudy
4.8,58,20,1012.7,Mostly Cloudy
4.6,62,24,1012.9,Cloudy
4.5,63,26,1013.2,Cloudy
4.6,66,22,1013.6,Cloudy
4.6,69,15,1014.2,Cloudy
4.6,70,15,1014.5,Cloudy
4.2,72,11,1014.7,Cloudy
4.6,75,9,1015.4,Cloudy
4.5,76,11,1014.8,Mostly Cloudy
4,80,15,1015,Mostly Cloudy
2.8,84,13,1015.5,Mostly Cloudy
3.6,81,9,1016.2,Mostly Cloudy
2.7,79,9,1016.6,Mainly Clear
2.6,68,11,1017.5,Mainly Clear
1.1,71,11,1018.4,Mainly Clear
0.7,71,6,1019.8,Mainly Clear
-0.6,71,9,1020.7,Mainly Clear
-1.4,71,13,1022.2,Clear
0.4,68,13,1023.2,Clear
2,59,15,1023.9,Clear
2.4,54,7,1024.3,Mainly Clear
3.3,46,6,1024.5,Mainly Clear
4.2,42,6,1024.3,Mainly Clear
4.7,39,6,1023.9,Mostly Cloudy
5.6,38,4,1023.7,Mostly Cloudy
5.2,41,11,1024,Mostly Cloudy
3.6,42,9,1023.9,Mostly Cloudy
3.5,43,7,1024.7,Mostly Cloudy
3.4,46,7,1025.3,Mostly Cloudy
2.6,51,7,1025.8,Mainly Clear
2.6,56,15,1025.6,Mainly Clear
1.8,56,9,1025.3,Clear
0.9,67,11,1025.5,Mainly Clear
1.1,56,11,1025,Mainly Clear
2.4,49,7,1024.5,Mostly Cloudy
2.7,48,13,1023.4,Mostly Cloudy
3,45,11,1023.3,Cloudy
3.1,45,17,1022.4,Cloudy
0.9,68,20,1023.4,Cloudy
0.3,73,20,1022.3,Rain
0.5,81,17,1022.6,Rain
0.6,82,22,1023,Cloudy
0.6,83,20,1023.4,Cloudy
1.1,80,20,1022.9,Cloudy
1.7,85,17,1023.1,Rain Showers
2.9,80,22,1022.1,Rain Showers
3.7,78,24,1021.5,Mostly Cloudy
5.5,75,17,1021.1,Mainly Clear
6.3,72,20,1020.8,Clear
7,70,19,1020.7,Mainly Clear
6.6,71,20,1020.7,Mostly Cloudy
4.8,79,17,1021.2,Mostly Cloudy
3.3,85,13,1021.3,Mainly Clear
1.9,88,17,1021.4,Clear
1.5,89,15,1021.5,Clear
1.3,89,15,1021.3,Mainly Clear
1,90,13,1020.7,Clear
1.1,90,15,1020.4,Clear
0.9,92,19,1019.9,Mainly Clear
0.6,90,17,1019.7,Mainly Clear
0.4,92,15,1019.8,Mainly Clear
0.2,92,15,1019.4,Clear
-0.3,94,11,1019.5,Clear
-0.2,93,11,1019.1,Clear
-0.3,94,13,1018.7,Mainly Clear
-0.2,94,11,1019,Mainly Clear
1,93,9,1018.8,Mainly Clear
4.2,84,7,1018.3,Mainly Clear
7.2,76,6,1017.8,Mostly Cloudy
11.8,64,6,1017.1,Mostly Cloudy
17.5,55,13,1016.1,Mostly Cloudy
16.9,57,22,1015.2,Mostly Cloudy
16.3,59,22,1014.3,Cloudy
17,57,20,1013.3,Cloudy
16.7,56,22,1012.1,Cloudy
17.1,53,33,1011.3,Mostly Cloudy
17.1,52,35,1010.9,Mainly Clear
17.1,54,32,1009.8,Mainly Clear
16.4,56,33,1009.1,Mostly Cloudy
15.9,58,30,1009,Cloudy
16,60,26,1008.7,Cloudy
15.6,64,24,1008.4,Cloudy
14.8,73,48,1009.4,Rain
9.1,89,37,1012.5,Rain
8,88,35,1013.6,Rain
7.9,85,41,1014.5,Rain
6.2,86,28,1015.3,Rain
5.6,86,30,1016,Rain
5.7,85,30,1017.6,Cloudy
5.4,80,30,1017.8,Cloudy
5.2,74,33,1018.9,Mostly Cloudy
4.6,66,32,1019.5,Mostly Cloudy
4.7,65,37,1020.7,Mostly Cloudy
4.8,61,30,1020.9,Mostly Cloudy
6.1,57,28,1020.8,Mostly Cloudy
5.3,54,33,1021.3,Mostly Cloudy
5.6,41,30,1021.8,Mainly Clear
5.4,55,28,1022.5,Mainly Clear
4.9,48,24,1023.3,Mainly Clear
3.7,49,13,1024.1,Clear
2.5,56,11,1025.4,Clear
0.8,62,11,1026,Clear
-0.7,67,9,1026.8,Clear
-1,69,7,1027.5,Clear
-0.9,70,7,1028.1,Clear
-1.5,72,7,1028.4,Clear
-0.1,64,4,1029.1,Clear
-0.7,69,6,1029.1,Clear
-2.3,75,6,1029.7,Clear
-2.4,72,6,1029.9,Clear
-4,80,4,1030.1,Clear
-4.7,87,4,1030.9,Clear
-3.6,83,4,1031.5,Clear
-5.2,87,4,1032.5,Clear
-3,87,4,1032.9,Clear
0.6,76,6,1033.1,Clear
2.4,61,2,1033.4,Clear
4.6,50,4,1033.1,Clear
4.8,44,7,1032.5,Mainly Clear
4.8,43,4,1032,Mainly Clear
5.2,44,6,1031.5,Clear
4.6,41,6,1031.5,Clear
4.2,43,6,1031.6,Mainly Clear
3.6,45,7,1031.5,Mainly Clear
2.8,51,7,1031.6,Clear
2.5,54,9,1031.7,Clear
2.1,56,11,1031.8,Clear
1.8,56,7,1031.6,Clear
1.4,59,13,1031.5,Clear
0.4,61,11,1031.2,Clear
-1.4,70,13,1031,Clear
-2,79,9,1030.6,Mainly Clear
-2.3,81,13,1030,Mainly Clear
-2.9,83,9,1030.1,Mainly Clear
-3.6,82,9,1030,Clear
-2.9,79,13,1029.4,Mainly Clear
-3.1,80,15,1029.1,Mainly Clear
-2.9,80,13,1029.4,Mostly Cloudy
-2.1,80,11,1029.9,Cloudy
-1,75,19,1029.3,Cloudy
0.3,70,15,1028.4,Cloudy
1.3,64,11,1027.9,Cloudy
1.8,62,15,1027.3,Cloudy
2.6,55,13,1026.5,Mostly Cloudy
2.6,55,11,1025.9,Mostly Cloudy
2.4,55,13,1025.5,Mainly Clear
1.8,58,11,1025.3,Mainly Clear
1.2,59,9,1025.3,Mainly Clear
1,60,7,1025.4,Clear
0.5,63,7,1025.1,Clear
-0.7,69,4,1024.6,Clear
-2.9,77,6,1024.6,Clear
-1.7,77,4,1024.2,Clear
-4.3,86,6,1024.4,Clear
-3.1,83,4,1024.2,Clear
-5.3,88,4,1024,Clear
-4.5,87,0,1024.2,Clear
-3.6,89,0,1024,Clear
-6.7,90,0,1024.2,Clear
-6.5,91,4,1024.8,Clear
-5.4,93,4,1024.8,Mostly Cloudy
-5.2,91,4,1024.9,Mostly Cloudy
-3.2,89,0,1025.4,Mostly Cloudy
0.4,86,9,1025.5,Mostly Cloudy
2,75,13,1025.7,Mainly Clear
3.1,67,15,1025.3,Mostly Cloudy
3.9,62,17,1024.8,Mainly Clear
4.9,58,15,1024.9,Mainly Clear
5.3,59,13,1025,Mainly Clear
5.5,59,9,1025,Mostly Cloudy
4.8,61,13,1025.5,Mostly Cloudy
4.4,66,13,1026.1,Cloudy
4.2,66,15,1026.6,Cloudy
3.7,68,13,1026.9,Mostly Cloudy
3.3,70,9,1027.5,Mostly Cloudy
0.8,79,9,1027.9,Mainly Clear
-0.9,85,11,1028.1,Mainly Clear
-1.5,86,13,1028.4,Mainly Clear
-1.1,84,9,1029,Clear
-1.3,85,9,1029.4,Clear
-2.4,87,11,1030.5,Mainly Clear
-2,80,11,1031.3,Clear
-3.1,77,17,1031.7,Clear
-2.2,68,13,1032.4,Clear
-2.6,65,13,1032.8,Clear
-3.2,68,13,1033.9,Mainly Clear
-2.7,66,15,1034.7,Mainly Clear
-2.1,60,15,1035.1,Mainly Clear
-1,55,7,1035.2,Mostly Cloudy
-0.1,51,4,1035,Mostly Cloudy
1.2,46,4,1034.7,Mainly Clear
2.3,45,4,1034.3,Mainly Clear
2.8,47,6,1034.3,Mainly Clear
2.4,48,6,1034.3,Mainly Clear
2,50,4,1034.6,Mainly Clear
0.9,53,4,1034.6,Clear
-1.7,63,4,1035,Mainly Clear
-2.1,68,4,1035.1,Clear
-0.1,60,7,1034.9,Clear
-1.4,68,7,1035.1,Clear
-1,67,7,1035.4,Clear
-1.3,67,9,1035.6,Clear
-1.6,71,0,1035.8,Clear
-3.2,76,0,1035.9,Clear
-4.6,84,0,1036.3,Clear
-3.9,85,7,1036.1,Clear
-4.8,85,7,1035.9,Clear
-5,83,7,1036.1,Clear
-5.4,86,9,1035.9,Mainly Clear
-6.4,86,9,1036.3,Mostly Cloudy
-4.5,87,7,1036.5,Cloudy
-2.4,80,9,1036.5,Cloudy
-0.5,62,7,1036.5,Mostly Cloudy
1.9,54,7,1035.9,Mostly Cloudy
4.1,35,4,1035.1,Mostly Cloudy
4,31,6,1034.6,Mostly Cloudy
4.5,32,7,1033.9,Mostly Cloudy
4.5,29,9,1033.8,Mostly Cloudy
2.7,41,9,1033.6,Mostly Cloudy
1.5,47,9,1033.6,Mostly Cloudy
2.6,47,9,1033.6,Mostly Cloudy
1.1,55,4,1033.6,Mostly Cloudy
-1.8,69,6,1033,Mostly Cloudy
-0.6,61,11,1032.7,Mainly Clear
-1.3,66,11,1032.5,Cloudy
-2.1,75,11,1032.2,Cloudy
-1.8,75,7,1032,Mostly Cloudy
-2.4,77,6,1031.5,Cloudy
-3.1,78,13,1031.1,Mostly Cloudy
-3.6,78,9,1031.1,Mostly Cloudy
-3.7,78,6,1030.5,Mostly Cloudy
-4,79,9,1030.3,Mainly Clear
-4.3,81,7,1030.1,Clear
-4.6,83,9,1029.9,Clear
-2.8,79,11,1029.9,Mainly Clear
-0.5,74,7,1029.2,Clear
1.3,71,7,1029,Mainly Clear
2.4,65,6,1028.3,Mainly Clear
4.9,58,4,1027.2,Clear
4.9,69,6,1026.4,Mainly Clear
5.9,62,6,1025.4,Mainly Clear
6.2,59,4,1025,Mainly Clear
3.7,66,6,1024.5,Mainly Clear
3,72,4,1024.2,Clear
1.1,80,4,1023.9,Mainly Clear
0.1,80,4,1023.3,Mainly Clear
-1.4,85,6,1022.9,Clear
-2.5,91,4,1022.3,Mainly Clear
-3.3,93,6,1022.1,Clear
-0.7,90,6,1021.6,Fog
-3.3,91,7,1021.2,Fog
-3.6,95,7,1020.8,Fog
-1.8,88,6,1020.8,Fog
-3.6,93,6,1020.8,Fog
-2.9,89,6,1020.2,Fog
-2.9,89,6,1020,Fog
-2.9,87,6,1020.1,Fog
-3.4,87,7,1020.2,Fog
-2,84,9,1020.3,Haze
-0.7,81,6,1020.1,Haze
1.9,76,9,1020,Mostly Cloudy
3,69,6,1019.6,Cloudy
4.6,63,2,1018.8,Cloudy
5.5,63,4,1018.3,Mostly Cloudy
5.8,59,6,1017.7,Mostly Cloudy
5.9,59,11,1017.7,Cloudy
5.6,60,6,1017.8,Cloudy
4.2,72,7,1017.9,Cloudy
2.4,79,6,1018.2,Mostly Cloudy
1.9,80,7,1018.5,Mostly Cloudy
3.4,68,9,1018.6,Mostly Cloudy
1.9,73,9,1018.4,Mostly Cloudy
1.9,74,7,1018.1,Mostly Cloudy
2,73,9,1018.3,Mostly Cloudy
3.1,69,6,1018,Mostly Cloudy
0.6,81,6,1018.2,Mostly Cloudy
0.4,81,7,1018.2,Mainly Clear
-0.7,83,9,1018.3,Mainly Clear
-1.9,87,9,1018.5,Mainly Clear
-1.4,86,11,1018.6,Mostly Cloudy
-1.6,86,4,1019.2,Mostly Cloudy
-0.1,82,11,1020,Haze
0.4,83,7,1020.1,Mostly Cloudy
2.9,72,7,1020.1,Mostly Cloudy
5.2,62,4,1019.8,Mainly Clear
6.3,63,4,1019.3,Mainly Clear
7.2,58,6,1018.9,Mainly Clear
7.4,57,7,1018.9,Mainly Clear
8.3,50,4,1018.6,Mainly Clear
8.2,48,4,1018.7,Mainly Clear
5.5,61,7,1018.6,Mainly Clear
2.8,71,7,1018.5,Mainly Clear
2.1,80,6,1018.9,Mainly Clear
2.5,79,4,1018.9,Mainly Clear
1.4,85,6,1019,Mostly Cloudy
2.2,82,6,1018.8,Mainly Clear
0.9,85,4,1018.8,Mostly Cloudy
1,88,4,1018.6,Mainly Clear
1.3,94,4,1018.7,Mainly Clear
1.5,94,6,1018.3,Clear
1.3,90,4,1018.5,Clear
1.1,86,4,1018.6,Clear
-0.9,90,4,1018.4,Clear
-1.4,87,6,1018.5,Clear
-0.3,84,9,1018.4,Clear
0.8,78,4,1018.5,Mainly Clear
1.7,77,4,1018.7,Mainly Clear
3.3,74,6,1018.1,Clear
6.4,58,0,1018,Clear
8.4,52,6,1017.2,Mainly Clear
10.8,42,13,1016,Mainly Clear
11.6,35,13,1015.2,Mainly Clear
12.1,36,9,1014.5,Mainly Clear
10.7,44,15,1013.9,Mainly Clear
9.2,54,15,1013.7,Mainly Clear
7.1,61,15,1013.5,Mainly Clear
6.9,64,15,1013.4,Mainly Clear
6.3,67,6,1013,Mainly Clear
5.9,68,7,1012.8,Mainly Clear
5.6,71,17,1012.4,Mainly Clear
3.4,73,13,1011.6,Mainly Clear
4.4,66,11,1011.1,Mainly Clear
4.5,65,15,1010.6,Clear
2.7,77,17,1009.6,Mainly Clear
2.6,75,11,1009.6,Mainly Clear
2.8,70,6,1009,Mainly Clear
1.2,76,11,1007.9,Mainly Clear
2.5,70,11,1006.9,Mostly Cloudy
3.7,66,13,1006.1,Mostly Cloudy
4.1,67,13,1005.4,Mostly Cloudy
4.3,68,17,1004.7,Cloudy
6.2,59,20,1003.4,Mostly Cloudy
8.2,57,17,1002.5,Mostly Cloudy
10.4,50,24,1001.1,Mostly Cloudy
12.1,48,22,999.3,Mostly Cloudy
10.9,51,24,998,Cloudy
10.4,54,24,997.1,Cloudy
10.4,58,17,997.9,Rain
9.2,83,30,998.3,Rain
8.8,87,22,997.8,Rain
8.6,90,19,997.3,Cloudy
8.7,87,20,997,Mostly Cloudy
10,73,39,997.1,Cloudy
9.3,70,39,997.2,Cloudy
8.6,68,26,997,Rain Showers
7.9,64,26,996.5,Cloudy
7.5,61,19,995.9,Cloudy
5.3,81,32,996,Rain Showers
5.1,81,30,996.1,Rain Showers
4.6,69,28,995.9,Cloudy
4.1,63,37,995.6,Mostly Cloudy
3,70,35,995.7,Mainly Clear
2.8,72,28,995.8,Mostly Cloudy
2.6,73,32,995.4,Mostly Cloudy
2.2,74,30,995.7,Mostly Cloudy
1.6,83,33,995.8,Rain Showers
1.8,73,30,996.2,Snow Showers
1.6,68,33,996,Snow Showers
1.8,61,30,996,Snow Showers
1.5,52,37,996.4,Cloudy
1.3,57,39,996.5,Mostly Cloudy
0.7,59,35,997,Snow Pellets
-0.5,71,28,997.4,Mostly Cloudy
-0.6,70,37,998.1,Snow Showers
-0.4,68,28,998.5,Snow Showers
-0.9,74,22,999,Snow Showers
-0.9,69,32,999.2,Cloudy
-1.5,62,28,999.6,Mostly Cloudy
-1.8,61,24,1000,Mostly Cloudy
-2.1,60,32,1000,Mostly Cloudy
-2.6,61,30,1000.4,Mostly Cloudy
-2.9,61,26,1000.8,Mainly Clear
-3.3,63,33,1001.5,Clear
-3.6,62,26,1001.9,Mainly Clear
-4.1,67,30,1002,Mainly Clear
-4.3,64,32,1002.5,Mainly Clear
-4.3,66,28,1002.6,Mainly Clear
-4.8,70,26,1002.7,Mainly Clear
-4.3,68,24,1003,Mainly Clear
-3.8,65,33,1003.3,Mainly Clear
-3,61,32,1003.3,Mostly Cloudy
-2.9,60,35,1002.8,Snow Showers
-2.5,57,33,1002.1,Cloudy
-2.1,55,32,1001.9,Cloudy
-1.8,52,30,1002.2,Mostly Cloudy
-1.8,50,28,1002.2,Mostly Cloudy
-2.1,51,24,1002.4,Mostly Cloudy
-3.1,51,24,1002.7,Clear
-3.4,53,20,1003.5,Clear
-3.7,57,22,1003.9,Clear
-3.7,58,17,1004.2,Mostly Cloudy
-3.4,59,15,1004.6,Mostly Cloudy
-3.6,60,13,1004.7,Mostly Cloudy
-4.2,61,15,1005,Mostly Cloudy
-4.9,67,9,1005.2,Mostly Cloudy
-6.5,73,7,1005.3,Mainly Clear
-5,68,7,1005.7,Mainly Clear
-4.5,69,7,1006.2,Cloudy
-4.3,68,9,1006.6,Cloudy
-4.3,62,13,1007.2,Cloudy
-4.5,61,11,1007.7,Cloudy
-4.7,64,11,1009,Cloudy
-5.5,67,19,1010.3,Mainly Clear
-4.2,59,17,1011.4,Mainly Clear
-3.4,54,19,1012.5,Clear
-2.5,52,22,1013,Clear
-1.3,49,24,1013.3,Mainly Clear
-1,48,24,1013.4,Clear
-0.8,45,24,1013.8,Clear
-0.9,50,26,1014.8,Clear
-1.8,58,24,1015.6,Clear
-3,61,20,1016.7,Clear
-3.4,63,20,1017.5,Clear
-3.8,62,15,1018.1,Clear
-4.6,66,13,1018.5,Clear
-7.3,79,7,1018.7,Clear
-5.4,72,0,1019,Clear
-5.8,74,4,1019.4,Clear
-7.4,82,4,1019.7,Clear
-9,85,4,1019.8,Clear
-7,84,4,1020.4,Mainly Clear
-6.1,83,7,1020.3,Cloudy
-4.8,78,7,1020.1,Cloudy
-4.4,70,7,1020.2,Cloudy
-4.4,72,6,1020.4,Cloudy
-4.4,71,9,1020.5,Mostly Cloudy
-5.2,78,9,1021.5,Mostly Cloudy
-4.3,72,9,1021.3,Mostly Cloudy
-3.1,70,9,1022,Mostly Cloudy
-2.4,66,6,1022,Mostly Cloudy
-0.7,60,4,1021.6,Mainly Clear
0.3,57,7,1021.2,Mainly Clear
0.5,58,6,1020.8,Mainly Clear
0.4,58,7,1020.7,Mainly Clear
-0.5,62,7,1020.8,Clear
-2.2,70,6,1020.9,Clear
-2.8,73,4,1021.5,Clear
-2.8,74,6,1021.6,Clear
-4.5,80,6,1021.4,Clear
-3,77,7,1021.3,Mainly Clear
-3.4,82,7,1021,Mostly Cloudy
-3.8,81,7,1020.7,Mostly Cloudy
-3.8,83,7,1020.3,Mainly Clear
-4,86,6,1019.9,Mainly Clear
-3.6,83,4,1019.9,Mostly Cloudy
-3.4,83,11,1019.6,Mostly Cloudy
-3.4,85,4,1019.3,Mostly Cloudy
-3.2,87,7,1019.2,Cloudy
-3.4,87,11,1018.9,Cloudy
-3.1,85,9,1018.6,Cloudy
-3.1,87,4,1018.5,Cloudy
-1.1,84,6,1017.9,Mostly Cloudy
0,74,4,1017.6,Mostly Cloudy
0.5,71,6,1016.6,Cloudy
1,58,9,1015.5,Cloudy
1.8,64,20,1014.7,Cloudy
0.7,86,19,1014.2,Snow Showers
0,94,15,1013.7,Snow Showers
0.6,90,20,1013.7,Snow Showers
0.4,92,22,1013.6,Snow
0.8,90,24,1013.5,Snow
1,88,22,1013.5,Snow Showers
0.9,88,20,1013.6,Snow Showers
0.4,85,24,1013.8,Snow Showers
-0.7,67,30,1014.5,Mostly Cloudy
-2.6,69,20,1015.6,Mainly Clear
-3.9,70,28,1016.2,Clear
-5.1,65,22,1017.1,Clear
-6.3,64,17,1018,Clear
-7.4,68,17,1018.7,Clear
-8.4,73,9,1018.6,Clear
-8.4,77,6,1018.5,Mainly Clear
-6,72,13,1018.4,Mostly Cloudy
-5,65,11,1018.1,Cloudy
-4.8,76,13,1017.7,Snow
-4.6,83,19,1016.7,Snow
-4.7,85,20,1015.6,Snow
-3.5,88,15,1014.6,Snow
-1.8,84,15,1013.5,Snow
-1.4,86,17,1013.3,Snow
-0.8,83,22,1013.3,Snow
-1.2,78,22,1014,Snow
-1.4,74,15,1015,Cloudy
-2.2,63,24,1016.3,Cloudy
-4.2,55,28,1017.8,Snow Showers
-4.9,58,22,1019,Cloudy
-5.7,61,20,1020.8,Cloudy
-6.4,63,19,1021.8,Cloudy
-7.3,59,17,1022.9,Mostly Cloudy
-9.4,62,20,1024.2,Mainly Clear
-10.6,64,19,1025.2,Clear
-12,69,9,1026,Clear
-13.5,76,6,1027.2,Clear
-12.6,71,4,1027.8,Clear
-12.4,68,4,1028.2,Clear
-13.6,75,6,1029,Clear
-13,74,9,1029.6,Mainly Clear
-13.4,72,9,1030.3,Mainly Clear
-12.8,73,13,1031.2,Mainly Clear
-11.9,72,7,1031.6,Mainly Clear
-10.4,62,11,1032,Mostly Cloudy
-9.9,61,9,1031.8,Mostly Cloudy
-9.3,62,0,1031.6,Mostly Cloudy
-9,61,6,1031.5,Mostly Cloudy
-9,59,6,1031.5,Mostly Cloudy
-8.8,57,11,1031.4,Cloudy
-9.1,58,11,1031.6,Cloudy
-9.3,60,15,1032,Cloudy
-9.5,62,13,1032.4,Cloudy
-9.7,61,15,1032.4,Mostly Cloudy
-10,60,15,1032.6,Cloudy
-10.4,59,19,1033,Mainly Clear
-10.7,61,19,1032.9,Mainly Clear
-10.8,65,17,1032.5,Mainly Clear
-10.8,64,9,1032.6,Clear
-11,64,13,1032.5,Mainly Clear
-11.1,64,20,1032.1,Mainly Clear
-12.5,77,15,1032.7,Mainly Clear
-11.8,76,17,1032.2,Mostly Cloudy
-11.9,80,20,1031.9,Mostly Cloudy
-11.8,77,26,1031.8,Mostly Cloudy
-11.3,79,24,1031.9,Cloudy
-10.9,70,19,1032.3,Mostly Cloudy
-10.6,65,24,1031.8,Cloudy
-10.9,68,24,1031.8,Cloudy
-10.3,68,20,1030.8,Cloudy
-9.4,66,24,1029.7,Cloudy
-8.9,63,22,1029,Cloudy
-8.3,66,22,1028.6,Cloudy
-8.3,66,17,1028.4,Cloudy
-7.9,70,20,1028.2,Cloudy
-7.5,70,20,1027.3,Snow
-6.9,71,19,1027.1,Snow
-6.6,72,17,1026.3,Cloudy
-6,73,17,1025.5,Cloudy
-5.9,75,17,1024.9,Cloudy
-4.8,76,13,1023.6,Snow
-4.7,78,19,1022.8,Cloudy
-4.3,80,15,1021.8,Cloudy
-4.2,82,15,1021.1,Cloudy
-3.9,82,15,1020.6,Cloudy
-3.5,84,13,1020.2,Snow
-3.2,85,13,1018.6,Cloudy
-2.7,84,11,1017.5,Cloudy
-1.9,86,9,1016.7,Cloudy
-0.3,86,6,1015.8,Cloudy
4.7,85,28,1014.6,Cloudy
5.1,84,32,1013.4,Cloudy
5.7,83,28,1012.7,Cloudy
6.2,81,28,1011.6,Cloudy
6.6,79,28,1010,Rain Showers
6.2,88,19,1008.9,Rain
6,90,19,1008.2,"Rain,Fog"
5.6,95,22,1007.5,"Rain,Fog"
5.5,96,20,1006.8,"Rain,Fog"
5.5,97,17,1006.5,"Rain,Fog"
5.8,99,15,1006.5,"Rain,Fog"
5.9,100,15,1006.7,"Drizzle,Fog"
6.6,99,13,1006.8,"Drizzle,Fog"
6.7,99,11,1007,Fog
7.1,99,15,1007.1,"Drizzle,Fog"
8.2,97,19,1007.2,"Drizzle,Fog"
8.1,96,15,1007.8,"Drizzle,Fog"
7.8,93,22,1008.5,Cloudy
6.8,90,28,1009.9,Mostly Cloudy
5.5,83,26,1012.2,Mostly Cloudy
4.1,84,13,1013.5,Mostly Cloudy
3.2,83,13,1014.8,Mostly Cloudy
1.8,87,11,1015.8,Clear
1.2,88,9,1017,Mainly Clear
2.2,85,11,1017.8,Mainly Clear
3.6,83,11,1018.7,Mostly Cloudy
3.9,83,13,1019.9,Mostly Cloudy
3.7,83,11,1019.6,Cloudy
3.9,83,9,1019.6,Cloudy
4,82,9,1019.5,Cloudy
4.2,79,13,1019.5,Cloudy
4,81,9,1019.8,Cloudy
3.7,76,4,1020.1,Cloudy
2.9,88,4,1020.3,Cloudy
3,84,4,1020.3,Cloudy
3.4,81,6,1020.1,Cloudy
3.5,82,0,1019.9,Cloudy
3.1,87,6,1019.9,Cloudy
3.7,84,11,1019.4,Cloudy
3.7,83,13,1019.1,Cloudy
3.7,84,13,1019.2,Cloudy
3.6,86,7,1018.6,Cloudy
3.9,82,6,1018.1,Mostly Cloudy
3.8,83,19,1017.1,Cloudy
3.1,88,20,1015.6,Mainly Clear
2.9,90,13,1015.2,Mostly Cloudy
4.2,89,15,1014.1,Cloudy
5.1,89,13,1013.5,Cloudy
5.5,89,9,1012.9,Rain Showers
5.9,93,11,1012.3,Rain Showers
8,89,19,1011.6,Mostly Cloudy
10.1,85,17,1010.6,Cloudy
11.5,81,19,1009.2,Mostly Cloudy
11.9,79,17,1008.4,Cloudy
11.3,81,24,1007.4,Cloudy
11,81,24,1006.6,Cloudy
10.7,83,24,1006.4,Cloudy
10.8,83,30,1005.5,Cloudy
10.7,85,32,1005,Cloudy
10.7,86,7,1005.7,Rain Showers
9.9,95,15,1005.3,Rain
10.4,95,9,1005.6,Rain
9.8,97,6,1005.7,Rain
9.7,96,19,1006.3,Rain
9.5,90,19,1005.6,Rain
9,89,30,1004.5,Rain
8.7,90,24,1005,Rain
7.8,93,24,1005.3,Rain
7.2,85,15,1005.5,Mainly Clear
6.6,84,17,1006.2,Cloudy
5.7,81,24,1006.8,Mostly Cloudy
5.2,71,30,1007.4,Mostly Cloudy
4.2,71,26,1008.5,Cloudy
3.6,69,26,1009.5,Cloudy
2.1,75,28,1010.9,"Rain Showers,Snow Showers"
2.2,71,30,1011.7,Snow Showers
1.1,65,26,1012.3,Snow Showers
1.3,54,30,1012.9,Mostly Cloudy
0.8,57,35,1013.4,Mostly Cloudy
0.1,56,26,1014.7,Mostly Cloudy
-0.4,51,30,1015.8,Cloudy
-0.7,56,30,1016.6,Cloudy
-0.8,58,22,1017.6,Mostly Cloudy
-1,57,28,1018.4,Snow
-1.4,58,19,1018.8,Mostly Cloudy
-1.9,60,24,1019.3,Mostly Cloudy
-1.6,55,26,1020.1,Mostly Cloudy
-1.8,55,20,1020.7,Mostly Cloudy
-2.1,56,20,1021,Mostly Cloudy
-2.3,59,17,1021.2,Mostly Cloudy
-2.9,61,17,1022.1,Mostly Cloudy
-3.4,65,15,1022.6,Mostly Cloudy
-3.9,68,11,1023.3,Mostly Cloudy
-5.2,71,9,1023.8,Mainly Clear
-5.7,73,13,1024.5,Mainly Clear
-5.9,73,11,1024.7,Mainly Clear
-4.6,72,7,1025.2,Mainly Clear
-3.4,66,9,1025.3,Mostly Cloudy
-2.6,64,13,1025.6,Mostly Cloudy
-1.8,58,13,1024.6,Mainly Clear
-1.8,56,6,1023.7,Mainly Clear
-1,58,7,1022.7,Mainly Clear
-0.9,55,13,1022.1,Mainly Clear
-1.2,60,11,1021.8,Mainly Clear
-2.8,68,7,1021.1,Mainly Clear
-2.8,69,7,1021,Mainly Clear
-2.7,73,13,1020.6,Mostly Cloudy
-2.8,71,9,1020.5,Mostly Cloudy
-1.9,66,7,1019.5,Mostly Cloudy
-1.7,67,11,1018.8,Cloudy
-1.4,65,17,1018,Cloudy
-1.1,69,7,1017.3,Mostly Cloudy
-1.3,71,13,1016.7,Mostly Cloudy
-1.5,73,7,1015.8,Mostly Cloudy
-1.3,74,9,1015.1,Mainly Clear
-1.8,77,9,1014.6,Mainly Clear
-2.7,80,11,1013.8,Mostly Cloudy
-2.2,78,11,1013,Mostly Cloudy
-2.9,82,7,1012.7,Cloudy
-2.8,83,11,1013,Mostly Cloudy
-3.3,85,7,1012.9,Cloudy
-2.1,82,7,1013.2,Mostly Cloudy
1.2,60,9,1012.6,Mostly Cloudy
2.6,57,4,1012.4,Mostly Cloudy
3,56,4,1012,Cloudy
3.7,56,6,1011.5,Cloudy
3.9,55,11,1010.9,Cloudy
3.9,59,11,1011.1,Cloudy
3.5,59,9,1011.3,Cloudy
2.8,64,11,1011.4,Cloudy
2.2,66,7,1011.3,Mostly Cloudy
2.2,67,6,1011.7,Cloudy
2.1,68,4,1011.8,Cloudy
2,69,6,1011.8,Cloudy
2.3,71,4,1011.9,Cloudy
1.5,76,4,1012.2,Snow
1.8,79,4,1012,Snow
2,79,6,1011.7,Cloudy
2,75,7,1011.7,Cloudy
2.1,77,6,1011.8,Cloudy
2.5,77,0,1011.3,Cloudy
2.7,77,9,1010.7,Cloudy
2.4,86,9,1010.5,Cloudy
2.3,91,6,1010.9,Fog
2.7,92,7,1010.6,"Rain,Fog"
2.7,94,11,1009.8,"Rain,Fog"
3.2,92,11,1009.5,"Rain,Fog"
2.2,95,17,1008.3,"Rain,Fog"
2.1,96,15,1007.4,"Rain,Fog"
1.9,96,17,1005.9,"Rain,Fog"
2.1,94,15,1005.2,"Rain,Fog"
2,93,17,1004.8,"Rain,Fog"
1.8,93,17,1004.9,"Rain,Fog"
1.6,93,9,1004.6,"Rain,Fog"
1.1,96,9,1005.4,"Rain,Fog"
0.9,95,9,1006.1,"Rain,Fog"
0.8,96,9,1006.7,"Rain,Fog"
0.8,96,9,1007.3,"Rain,Snow,Fog"
1.2,96,13,1008.4,Fog
1.3,95,17,1009.6,"Drizzle,Fog"
1.5,94,20,1010.7,Fog
1.9,92,17,1012.2,Cloudy
1.8,88,17,1013.7,Cloudy
1.5,87,17,1014.7,Mainly Clear
1.5,88,13,1015.9,Mostly Cloudy
1.1,86,15,1017.2,Cloudy
0.8,85,11,1018.4,Cloudy
0.2,83,20,1020.2,Cloudy
-0.5,84,11,1021.6,Cloudy
-0.9,80,20,1022.4,Cloudy
-1.5,80,20,1023.5,Cloudy
-1.7,79,17,1023.5,Cloudy
-1.9,79,17,1023.2,Snow Showers
-2.3,79,9,1022.8,Cloudy
-1.9,79,7,1022.8,Cloudy
-1.9,80,6,1023.3,Cloudy
-1.6,76,4,1023.1,Cloudy
-1.2,71,15,1023.1,Cloudy
-1.4,71,19,1022.5,Cloudy
-1.7,71,22,1022.2,Cloudy
-2.2,69,28,1021.1,Cloudy
-2.4,73,20,1019.1,Cloudy
-3,67,28,1017.8,Cloudy
-3.6,68,32,1016.4,Cloudy
-3.9,73,20,1015.4,Cloudy
-5,91,32,1013.1,Snow
-4.7,89,33,1011,Snow
-4.3,89,33,1009.6,"Snow,Ice Pellets"
-3.3,92,28,1007.3,"Freezing Drizzle,Fog"
-1.9,94,33,1005.5,"Freezing Drizzle,Fog"
0.1,93,22,1003,"Freezing Rain,Fog"
1,93,19,1000.9,"Rain,Fog"
1.7,94,17,999.8,"Moderate Rain,Fog"
2.2,95,19,997.8,"Rain,Fog"
2.2,96,17,997,"Rain,Fog"
1.9,97,15,996,"Rain,Fog"
1.4,96,15,994.4,"Drizzle,Fog"
0.6,98,19,993.4,"Rain,Fog"
0.1,98,15,993.2,"Rain,Fog"
0,96,9,993.4,"Drizzle,Fog"
0,96,6,994.1,"Rain,Fog"
0.1,97,4,994.2,"Rain,Fog"
1.5,97,15,995.7,Cloudy
2.6,89,22,995.4,Cloudy
2.5,81,24,995.8,Cloudy
2.2,78,24,996.3,Cloudy
1.7,80,20,997.3,Cloudy
1.2,79,20,997.8,Mostly Cloudy
0.7,78,17,998.9,Cloudy
0,77,28,999.9,Cloudy
-1.1,74,22,1000.9,Mostly Cloudy
-2.5,77,24,1002.7,Mostly Cloudy
-4.5,76,20,1003.8,Mainly Clear
-5.9,75,17,1005.1,Mainly Clear
-7.3,79,15,1006.2,Mainly Clear
-8,76,15,1007.8,Mainly Clear
-8.4,75,17,1009.1,Mainly Clear
-7.9,72,19,1010.3,Mainly Clear
-7.1,68,9,1011.2,Mainly Clear
-6.6,64,7,1011,Mainly Clear
-6.1,61,11,1011.3,Mainly Clear
-5.5,65,17,1011.8,Mainly Clear
-5.2,64,17,1012.1,Mainly Clear
-5.7,64,13,1012.9,Clear
-6.1,65,15,1013.5,Clear
-6.8,68,11,1014.5,Clear
-6.9,70,13,1015.1,Clear
-7.9,78,13,1016,Clear
-7.9,77,15,1016.8,Clear
-8.7,79,9,1017.4,Clear
-9.1,83,6,1017.8,Clear
-8.3,80,9,1018.4,Clear
-9.2,83,7,1018.7,Clear
-9.4,85,7,1019.1,Clear
-10.3,87,4,1019.6,Clear
-9.6,87,4,1020,Clear
-10.1,89,6,1020.4,Clear
-10.3,89,4,1020.6,Clear
-9.5,87,4,1021,Clear
-11.2,91,4,1021.9,Mainly Clear
-7.3,86,11,1021.4,Mostly Cloudy
-6.1,80,4,1022.1,Snow Showers
-4.7,80,9,1022,Snow Showers
-3.7,79,7,1021.5,Cloudy
-2.7,75,7,1021.4,Mostly Cloudy
-3,76,6,1021.4,Mainly Clear
-2.9,76,7,1021.6,Cloudy
-3.2,77,6,1021.7,Mostly Cloudy
-2.8,77,4,1022,Mostly Cloudy
-3.2,81,7,1022.5,Snow Showers
-3.6,85,7,1022.8,Snow Showers
-4,85,11,1023,Cloudy
-4.4,86,7,1023.6,Snow Showers
-3.9,86,6,1023.7,Snow Showers
-3.8,87,4,1024,Snow Showers
-4.3,89,4,1024.5,Mainly Clear
-6.1,90,6,1024.4,Clear
-4.3,93,11,1024.9,Clear
-5.9,95,6,1025.7,Clear
-6.1,93,11,1026.1,Clear
-5.4,94,6,1026.1,Fog
-6,94,4,1026.3,Fog
-6.4,92,4,1026.6,Fog
-6.1,90,4,1026.9,Fog
-6,92,4,1026.7,Fog
-4.7,91,4,1026.8,Fog
-2.3,87,4,1026.4,Fog
-0.7,84,9,1025.5,Haze
-0.4,83,9,1024.6,Haze
0.1,83,9,1023.6,Cloudy
1.1,79,11,1022.8,Mostly Cloudy
2.1,75,7,1022.5,Mainly Clear
1.3,78,9,1022.1,Mainly Clear
1.4,79,19,1021,Mainly Clear
1.1,80,19,1020.1,Mostly Cloudy
1.7,74,15,1019.9,Mainly Clear
0.4,81,11,1019.8,Mainly Clear
0.6,81,15,1019,Mostly Cloudy
0.2,82,15,1018.4,Cloudy
0.7,80,17,1017.7,Cloudy
0.8,78,15,1017.1,Cloudy
0,80,17,1016.2,Mostly Cloudy
-0.6,83,15,1015.9,Cloudy
-0.8,83,15,1015.1,Cloudy
-0.2,78,20,1014.4,Mostly Cloudy
0.3,77,11,1014,Cloudy
0.5,75,15,1013.6,Cloudy
2,66,20,1013,Mainly Clear
1.5,69,13,1013.2,Mostly Cloudy
2.3,67,26,1013.2,Mostly Cloudy
2.8,69,22,1013.4,Cloudy
2.6,72,22,1013.5,Rain Showers
2.8,73,17,1013.3,Cloudy
3.3,72,22,1013.3,Mostly Cloudy
3.2,73,19,1013.8,Mostly Cloudy
3,75,15,1014.4,Cloudy
2.8,76,17,1015.3,Mostly Cloudy
2.5,80,13,1016.1,Mostly Cloudy
2.3,77,17,1017,Cloudy
1.8,67,19,1017.6,Mostly Cloudy
0.8,67,15,1018.5,Mostly Cloudy
-1.5,69,22,1019.6,Mainly Clear
-2.9,71,20,1020.6,Mainly Clear
-4.3,72,22,1021.3,Mainly Clear
-5.3,67,20,1021.8,Clear
-6.5,68,17,1022.7,Clear
-7.1,69,19,1023.6,Clear
-8,66,17,1024.1,Clear
-8.5,66,15,1024.2,Clear
-9.3,67,20,1024.7,Clear
-9.9,69,17,1025.8,Clear
-10.2,67,19,1026.3,Clear
-10.7,67,13,1026.9,Clear
-10.4,64,19,1027.4,Clear
-9.9,65,13,1027.8,Mainly Clear
-9.3,64,19,1027.4,Mainly Clear
-9.1,62,19,1027.1,Mainly Clear
-8.4,60,19,1026.4,Clear
-8,61,13,1025.9,Mainly Clear
-7.8,63,15,1025.5,Mainly Clear
-8.5,60,20,1025.4,Mainly Clear
-8.7,59,15,1025.3,Mainly Clear
-9.1,62,17,1025.4,Clear
-9.1,64,20,1025.8,Mainly Clear
-8.7,60,20,1025,Clear
-9,59,24,1024.6,Mainly Clear
-9.5,64,19,1024.7,Mostly Cloudy
-9.9,66,26,1023.8,Cloudy
-10,67,24,1023.1,Cloudy
-10.1,68,24,1022.7,Cloudy
-10.1,70,28,1021.7,Cloudy
-10.1,70,28,1021.5,Cloudy
-10.1,70,24,1020.8,Cloudy
-10,70,22,1020,Cloudy
-9.9,68,35,1019.3,Cloudy
-9.8,66,32,1018.9,Cloudy
-9.5,65,32,1018.5,Cloudy
-9.4,65,33,1018.2,Snow
-7.7,62,32,1018,Cloudy
-8.2,63,35,1017.1,Snow
-8.5,75,32,1016.2,Snow
-8,78,26,1015.4,Snow
-7.7,82,32,1014.5,Snow
-7.6,87,32,1013.8,"Snow,Fog"
-7,88,35,1013.3,"Snow,Fog"
-6.4,88,30,1012.8,"Snow,Fog"
-5.9,89,30,1012.5,"Snow,Fog"
-5.1,89,22,1012,Snow
-4.7,91,28,1011.8,Snow
-4,90,24,1011.7,Snow
-3.6,92,22,1011.2,Snow
-3.1,92,24,1010.9,Cloudy
-2.3,93,24,1010.2,Freezing Drizzle
-2.3,93,26,1010.1,"Freezing Rain,Fog"
-2.2,92,24,1010,Freezing Rain
-2.6,92,28,1009.5,"Freezing Rain,Ice Pellets,Fog"
-3,92,24,1009.1,"Snow,Ice Pellets"
-3,91,24,1008.9,"Snow,Ice Pellets"
-2.1,92,19,1008.8,"Snow,Ice Pellets"
-0.3,93,13,1008.8,Cloudy
0.3,94,20,1008.4,"Drizzle,Fog"
0.4,92,20,1007.9,"Drizzle,Ice Pellets,Fog"
0.5,91,20,1007.8,"Snow,Fog"
0.4,94,19,1007.6,"Snow,Fog"
0.4,95,22,1007.1,"Snow,Fog"
0.6,95,17,1006.6,"Snow,Fog"
0.8,95,19,1006.5,"Snow,Fog"
0.9,95,19,1006.3,"Drizzle,Snow"
1.3,94,15,1006.2,Drizzle
1.9,92,17,1005.7,Cloudy
2,90,19,1006.1,Drizzle
2.1,88,15,1006.3,Drizzle
2.3,88,19,1006.4,Drizzle
1.7,90,20,1005.8,Cloudy
1.9,88,13,1005.6,Cloudy
1.2,91,20,1005,Cloudy
0.6,92,19,1004.4,Cloudy
0.1,93,24,1003.7,Cloudy
0.4,91,24,1003.2,Cloudy
0.4,91,24,1002.4,Rain
0.5,91,24,1001.5,Rain
0.6,92,24,1001.2,"Rain,Ice Pellets"
0.5,94,24,1000.7,Snow
0.5,95,24,1000,Snow
0.7,95,24,999.2,Snow
0.7,96,22,998.8,Snow
0.6,96,24,998.6,Snow
0.5,95,22,997.6,Snow
0.8,94,32,996.4,Snow
1,93,26,995.6,Snow
1,94,24,995.3,Snow
1.1,94,22,995.1,Snow
1.1,93,26,994.8,"Rain,Snow"
1.2,94,22,994.8,"Rain,Snow"
1.4,94,22,994.9,"Rain,Snow"
1.4,95,15,995.3,Rain
1.3,96,15,995.4,Drizzle
1,97,13,995.8,"Drizzle,Snow,Fog"
0.8,97,15,996,"Drizzle,Snow,Fog"
0.8,98,11,996.4,"Drizzle,Snow,Fog"
0.6,97,9,996.5,"Drizzle,Snow,Fog"
0.5,97,7,997.1,"Drizzle,Snow,Fog"
0.4,98,7,997.8,"Drizzle,Snow,Fog"
0.4,97,9,998.2,"Drizzle,Snow,Fog"
0.4,97,11,998.7,"Drizzle,Snow,Fog"
0.3,97,11,999.5,"Drizzle,Snow,Fog"
0.4,96,9,1000.5,"Drizzle,Snow,Fog"
0.4,97,11,1001.5,"Drizzle,Snow,Fog"
0.5,97,11,1002.4,"Drizzle,Fog"
0.6,97,13,1003.3,"Drizzle,Fog"
0.6,97,15,1004.2,"Drizzle,Fog"
0.8,96,11,1004.4,Fog
0.8,94,17,1005.3,Cloudy
1,92,11,1006.1,Cloudy
1.1,92,13,1007.2,Cloudy
1.3,90,9,1008.3,Drizzle
1.3,88,7,1009.6,Cloudy
1.1,91,6,1010.4,Drizzle
1.2,92,9,1011.5,"Drizzle,Snow"
0.8,96,11,1012.6,"Snow,Fog"
0.7,96,11,1013.2,"Snow,Fog"
0.6,95,13,1013.8,Snow
0.6,92,9,1014.2,Cloudy
0.6,90,13,1015,Snow
0.4,83,20,1015.7,Snow
0.1,84,17,1016,Cloudy
-0.2,85,19,1016.8,Cloudy
-0.5,84,17,1016.9,Cloudy
-0.7,82,15,1017.2,Cloudy
-1.1,81,13,1017.8,Cloudy
-1.6,82,15,1018.2,Snow
-1.8,79,20,1018.8,Cloudy
-1.9,82,15,1019.1,Cloudy
-1.7,81,13,1019.8,Cloudy
-1.4,81,7,1019.7,Cloudy
-1.1,81,4,1019.2,Snow
-1,81,6,1018.3,Cloudy
-0.9,79,15,1016.5,Cloudy
-1,78,15,1016.2,Cloudy
-0.5,78,13,1015.5,Cloudy
-0.3,80,13,1015.6,Cloudy
-0.3,81,19,1013.8,Mostly Cloudy
0.2,79,19,1012.5,Mostly Cloudy
0.3,80,17,1012.3,Mostly Cloudy
0.1,83,20,1011.2,Mostly Cloudy
0.7,80,22,1010,Cloudy
1.1,77,20,1008.8,Cloudy
1.2,79,28,1006.9,Cloudy
1.9,75,26,1006,"Rain,Snow Grains"
1.1,88,17,1004.7,"Rain,Snow,Ice Pellets"
1,91,20,1003.5,"Rain,Snow"
0.9,94,28,1001.2,"Rain,Snow,Ice Pellets"
1.1,92,22,999.8,"Rain,Snow,Ice Pellets"
1.3,92,26,998.5,"Rain,Snow,Ice Pellets"
1,93,22,997.6,"Rain,Snow"
0.9,93,32,996.4,"Rain,Snow"
0.8,93,32,995,"Rain,Snow"
0.8,93,33,993.8,"Rain,Snow"
1,93,32,992.4,Snow
0.9,94,30,990.1,Snow
1.3,93,41,986.7,Snow
1.8,90,41,983.6,Snow
2.1,88,41,981.6,Rain
1.8,89,33,981,Rain
1.4,92,43,979.3,Rain
1.3,92,46,977.6,Rain
1.4,92,46,975.6,Rain
2.3,92,37,975.2,Rain
2.4,95,15,975.8,Rain
1.3,94,22,976.4,Rain
0.7,95,28,977.5,Snow
1.1,92,30,977.9,"Drizzle,Snow,Fog"
1.1,92,32,978.1,"Drizzle,Snow,Fog"
1.2,92,30,978.4,Drizzle
1.1,93,30,978.9,"Drizzle,Snow,Fog"
1.1,93,28,979.3,"Drizzle,Snow,Fog"
0.6,92,35,979.8,Snow
-0.9,93,35,980.7,Snow
-1.6,90,41,981.9,Snow
-2.2,89,35,983.2,Snow
-2.5,86,41,984.4,Snow
-3,86,35,985.8,Snow
-3.6,90,37,987,Snow
-4.3,92,35,987.8,Snow
-4.5,90,33,988.6,Snow
-4.7,85,37,989.6,Snow
-5,82,32,990.8,"Snow,Blowing Snow"
-5.4,88,35,992.4,"Snow,Blowing Snow"
-5.9,86,41,993.7,"Snow,Blowing Snow"
-5.7,81,32,995,Snow
-6,81,33,996.2,Snow
-6.7,83,32,997.5,Snow
-6.9,75,32,998.3,Snow
-7.2,71,28,999.6,Snow
-7.4,70,35,1000,Snow
-7.8,68,39,1001.2,Cloudy
-7.8,74,32,1001.9,Snow Showers
-7.9,74,32,1002.7,Snow Showers
-8.2,71,30,1003.6,Mostly Cloudy
-8.2,72,30,1004,Cloudy
-8.3,71,28,1004.3,Cloudy
-8.5,69,30,1004.9,Cloudy
-8.4,73,26,1005.1,Cloudy
-8.5,75,20,1005.2,Snow Showers
-8.7,77,20,1005.4,Snow Showers
-8.7,76,22,1005.2,Cloudy
-8.6,73,24,1005.4,Cloudy
-8.3,71,26,1005,Cloudy
-7.9,69,24,1004.4,Cloudy
-7.4,67,20,1003.7,Mostly Cloudy
-6.9,67,11,1003.3,Cloudy
-6.8,71,13,1003.4,Snow Showers
-7,82,13,1003.5,Snow Showers
-7.1,84,9,1003.6,Snow
-7.2,80,11,1004,Snow
-7.2,80,9,1004.6,Snow
-7.2,78,9,1005.5,Cloudy
-8,78,9,1006.2,Mainly Clear
-9,81,9,1006.8,Mainly Clear
-8.3,81,9,1007.6,Cloudy
-8.5,84,15,1008,Mostly Cloudy
-8.4,83,17,1008.5,Cloudy
-8.8,81,17,1009.1,Cloudy
-8.9,76,20,1009.9,Cloudy
-10,81,24,1010.2,Mostly Cloudy
-10.4,79,19,1010.7,Mostly Cloudy
-10.9,78,15,1011.3,Mainly Clear
-11.1,80,15,1012.3,Clear
-11,79,13,1013.2,Clear
-10.5,77,13,1014.1,Clear
-9.9,76,11,1014.5,Mainly Clear
-9,69,11,1014.4,Mainly Clear
-7.9,65,9,1014.3,Mainly Clear
-7.6,65,15,1014.5,Mainly Clear
-7.8,63,15,1014.6,Mainly Clear
-7.5,63,13,1014.9,Mainly Clear
-8.2,67,11,1014.5,Mainly Clear
-9.7,73,6,1014.9,Mainly Clear
-10.4,76,9,1014.5,Clear
-9.7,76,7,1014.3,Mainly Clear
-9.6,77,6,1014.3,Mainly Clear
-9.4,74,7,1014.4,Mainly Clear
-9.8,76,4,1014.4,Mostly Cloudy
-10.5,83,4,1014.8,Mostly Cloudy
-9,76,11,1014.4,Mostly Cloudy
-10.5,82,6,1015.1,Mostly Cloudy
-10.6,82,13,1015.1,Mostly Cloudy
-10.5,85,19,1014.7,Cloudy
-10.1,78,15,1014.9,Mostly Cloudy
-10.8,83,17,1014.9,Cloudy
-10.6,79,13,1015.9,Cloudy
-11.3,80,11,1017.2,Cloudy
-11.3,78,11,1017.9,Cloudy
-11,77,13,1018.7,Cloudy
-10.1,71,15,1019.5,Cloudy
-9.6,68,9,1019.3,Cloudy
-9.4,67,9,1019.2,Cloudy
-8.7,63,7,1019.2,Mostly Cloudy
-7.7,60,6,1019.5,Mainly Clear
-7.1,59,17,1019.8,Clear
-7.5,60,11,1020.3,Clear
-8.3,67,13,1021,Clear
-8.9,70,13,1021.6,Mainly Clear
-8.8,74,19,1022.7,Mainly Clear
-9.4,77,13,1023,Mainly Clear
-9.7,80,4,1022.8,Clear
-10.9,83,4,1023.4,Clear
-10.4,83,11,1024.5,Clear
-11.8,87,4,1024.1,Clear
-11.2,87,6,1024.2,Clear
-12.7,87,4,1024.5,Clear
-14.2,88,6,1025.2,Clear
-13.1,88,6,1025.5,Clear
-12.7,89,4,1024.8,Clear
-13.4,89,4,1024.7,Clear
-13,89,7,1024.6,Mainly Clear
-13.7,88,4,1025.3,Mostly Cloudy
-11.3,89,15,1025.2,"Snow Showers,Fog"
-11,84,15,1025.4,Mainly Clear
-11.3,77,20,1025,Mainly Clear
-10.6,74,20,1023.6,Mainly Clear
-10.3,74,15,1023.5,Mostly Cloudy
-10,72,19,1022.7,Cloudy
-10,71,19,1022.8,Cloudy
-10.3,74,19,1021.7,Cloudy
-10.2,74,22,1021.6,Cloudy
-10,74,24,1021.4,Cloudy
-9.6,76,39,1020.3,Cloudy
-10.3,81,28,1018.8,Cloudy
-9.8,81,22,1018.7,Cloudy
-9.7,78,37,1017,Cloudy
-9.7,81,24,1016.1,Cloudy
-9.8,81,30,1014.6,Cloudy
-9.4,80,26,1013.7,Cloudy
-8.5,80,30,1013.1,Cloudy
-8.1,85,37,1012.1,Snow
-7.9,88,33,1010.3,Snow
-7.5,88,43,1009.5,Snow
-6.8,90,39,1008.3,Snow
-6.5,92,44,1007.3,Snow
-6.3,92,39,1006.5,Moderate Snow
-5.7,93,37,1006.7,Moderate Snow
-5.4,93,41,1006.4,"Moderate Snow,Blowing Snow"
-5.2,91,39,1006.2,"Snow,Blowing Snow"
-5.5,92,39,1005,"Moderate Snow,Blowing Snow"
-5.4,91,48,1003.6,"Snow,Blowing Snow"
-5.2,89,46,1003.5,"Snow,Blowing Snow"
-5,91,37,1003.7,"Snow,Blowing Snow"
-4.5,88,37,1004.4,"Snow,Blowing Snow"
-4.2,88,32,1004.7,"Snow,Blowing Snow"
-4,88,28,1004.9,"Snow,Blowing Snow"
-3.9,88,26,1005.2,"Snow,Blowing Snow"
-3.7,89,37,1005.8,Snow
-3.7,92,24,1006.2,"Freezing Drizzle,Snow"
-3.8,94,20,1006.5,"Freezing Drizzle,Snow"
-4,89,24,1007,Snow
-4.2,89,19,1007.8,"Freezing Drizzle,Snow"
-4.4,85,15,1008.3,"Freezing Drizzle,Snow"
-4.3,86,11,1009.3,"Freezing Drizzle,Snow"
-4.6,91,13,1010.1,Snow
-4.9,93,9,1010,Snow
-5,92,7,1010.1,Cloudy
-4.8,87,9,1010.4,Cloudy
-5,89,9,1010.7,Cloudy
-5.2,87,17,1011.5,Mostly Cloudy
-5.5,83,17,1012.3,Mostly Cloudy
-6.1,82,19,1012.7,Clear
-6.2,82,24,1012.4,Mainly Clear
-7.2,81,24,1012.2,Mainly Clear
-6.8,79,20,1011.7,Mainly Clear
-6.5,77,22,1011.7,Mainly Clear
-6.8,76,24,1012.2,Mainly Clear
-7.7,77,30,1012.5,Mainly Clear
-8.6,76,26,1013.4,Mainly Clear
-9,78,24,1013.7,Mainly Clear
-9.4,79,22,1013.7,Mainly Clear
-9.8,80,20,1013.5,Mainly Clear
-9.8,81,19,1013.6,Mainly Clear
-9.9,81,17,1013.8,Mainly Clear
-10.9,83,13,1013.8,Mainly Clear
-11.6,86,13,1013.5,Mainly Clear
-11.9,87,11,1013.1,Clear
-11.8,90,13,1013.3,Clear
-13.4,86,4,1013.3,Fog
-16,90,6,1012.5,Fog
-14.8,91,4,1012.5,Fog
-13.8,88,4,1012.5,Fog
-14.8,88,7,1012.2,Fog
-13.6,88,11,1011.9,Cloudy
-13.2,88,11,1011.3,Cloudy
-12,90,7,1011.5,Fog
-10.9,90,7,1010.9,"Snow Showers,Fog"
-10.5,92,11,1009.3,"Snow Showers,Fog"
-10,92,22,1006.3,"Snow Showers,Fog"
-9.3,91,22,1006,"Snow,Fog"
-8.8,91,20,1005.5,"Snow,Fog"
-8.5,90,24,1004.9,"Snow,Fog"
-9,90,19,1004.6,"Snow,Fog"
-9.3,88,26,1003.8,"Snow,Fog"
-9.5,87,26,1003.3,"Snow,Fog"
-9.7,86,24,1002.5,"Snow,Fog"
-9.8,85,24,1002.4,"Snow,Fog"
-10.1,89,15,1002,"Snow,Fog"
-10,85,20,1001.9,"Snow,Fog"
-9.6,87,13,1002.3,"Snow,Fog"
-9.4,92,9,1002.2,"Snow,Fog"
-9.3,92,9,1002.8,"Snow,Fog"
-9.1,90,11,1003,"Snow,Fog"
-9.3,90,13,1002.8,"Snow,Fog"
-9.1,90,11,1003.2,"Snow,Fog"
-9.3,89,17,1003.9,"Snow,Fog"
-9.9,77,19,1004.8,Mostly Cloudy
-11.3,77,20,1005.7,Cloudy
-11.7,76,19,1006.9,Cloudy
-12.4,74,24,1008.2,Cloudy
-11.9,75,32,1008.9,Cloudy
-12.2,75,26,1009.1,Mostly Cloudy
-12.4,73,37,1009.2,Mostly Cloudy
-11.8,70,37,1009.6,Mainly Clear
-11.3,70,32,1010.5,Mainly Clear
-11.4,72,26,1011.5,Mainly Clear
-12.1,74,28,1012.6,Mainly Clear
-12.6,76,24,1013.6,Mainly Clear
-13.4,77,26,1014.7,Mainly Clear
-13.8,80,24,1015.2,Clear
-13.8,80,20,1015,Mainly Clear
-13.7,81,19,1015.4,Mainly Clear
-12.1,78,28,1015.2,Mostly Cloudy
-11.1,77,26,1015.1,Cloudy
-10.7,77,15,1015,Cloudy
-10.1,77,9,1014.5,Cloudy
-11.8,81,6,1014.2,Mostly Cloudy
-10.5,83,11,1013.4,Cloudy
-10.2,84,6,1012.8,Cloudy
-9.7,85,4,1012.3,Cloudy
-9.3,85,0,1011.9,Snow Showers
-8.6,87,4,1011.4,Snow Showers
-8.1,89,4,1010.9,Snow
-7.4,89,4,1010.5,"Snow,Fog"
-6.7,91,9,1009.3,Snow
-5.8,88,4,1007.8,Snow
-4.6,86,4,1006.3,Snow
-3.4,84,6,1005.7,Snow
-2.3,84,9,1004.7,Snow
-1.4,82,13,1004,Snow
-1.1,85,19,1003,Snow
-1.3,88,17,1001.9,Snow
0.1,81,30,1001.3,Snow
0.2,83,24,1000.3,Snow
-0.5,93,28,999.5,Snow
-0.2,89,28,999.1,Snow
0,86,30,998.9,Snow
25.07,10.01,0.44,998.89,Clear
29.62,76.66,1.22,988.91,Rain
7.83,69.0,36.7,952.23,Stormy
15.87,79.7,18.17,972.47,Cloudy
29.75,61.68,29.21,1039.54,Partly Cloudy
32.34,30.89,6.62,984.42,Clear
27.14,85.16,14.92,998.11,Rain
3.8,93.78,34.2,972.99,Stormy
22.98,62.53,18.22,1005.02,Cloudy
17.64,62.4,14.76,1010.91,Partly Cloudy
26.64,36.86,12.95,981.42,Clear
20.4,89.18,3.03,1006.89,Rain
8.5,88.22,40.51,987.88,Stormy
19.37,72.73,21.43,1010.46,Cloudy
17.08,69.87,5.61,1000.42,Partly Cloudy
30.44,13.83,4.22,984.86,Clear
15.8,90.66,4.07,972.96,Rain
1.39,53.16,41.44,963.39,Stormy
24.47,76.27,12.64,1012.56,Cloudy
15.3,33.06,6.75,1024.49,Partly Cloudy
33.35,17.44,14.86,989.74,Clear
26.35,95.11,17.42,992.88,Rain
9.68,97.31,41.91,964.07,Stormy
20.35,61.79,24.7,1012.78,Cloudy
19.88,45.63,26.32,1003.04,Partly Cloudy
34.68,11.34,0.26,1001.69,Clear
26.68,79.85,15.97,988.88,Rain
0.7,57.93,34.6,969.9,Stormy
15.07,79.95,23.26,1009.52,Cloudy
28.74,43.64,10.85,990.8,Partly Cloudy
37.45,30.39,5.65,989.45,Clear
22.6,85.84,7.61,1005.55,Rain
13.63,72.07,48.61,987.32,Stormy
23.61,51.71,17.15,972.34,Cloudy
18.63,55.64,7.81,1036.13,Partly Cloudy
31.78,15.77,14.47,1015.76,Clear
22.18,73.12,13.94,1001.41,Rain
5.32,94.37,41.16,998.79,Stormy
18.49,58.93,16.59,995.07,Cloudy
16.04,32.69,9.95,987.69,Partly Cloudy
33.13,28.05,5.82,1004.34,Clear
21.32,95.03,19.76,989.05,Rain
6.59,82.48,43.07,952.52,Stormy
22.77,78.27,14.23,1019.84,Cloudy
21.51,48.03,8.94,1009.47,Partly Cloudy
37.84,37.29,4.21,997.99,Clear
17.11,90.51,18.19,982.49,Rain
10.07,82.28,30.92,977.97,Stormy
23.98,68.84,18.06,1019.64,Cloudy
24.2,32.25,24.12,1014.22,Partly Cloudy
36.68,33.1,14.63,989.05,Clear
29.93,72.27,5.79,1007.46,Rain
10.34,66.91,32.03,998.39,Stormy
17.47,62.84,19.68,979.56,Cloudy
12.62,58.67,25.11,1038.64,Partly Cloudy
37.9,20.79,7.76,993.0,Clear
15.69,98.36,18.06,975.75,Rain
1.25,91.13,30.76,957.6,Stormy
20.79,58.41,18.33,1002.87,Cloudy
12.18,67.29,23.36,1001.66,Partly Cloudy
32.52,28.13,3.01,992.11,Clear
23.14,83.21,13.45,985.6,Rain
10.36,52.3,38.24,966.94,Stormy
11.45,57.08,24.94,963.1,Cloudy
24.73,33.5,22.98,971.42,Partly Cloudy
31.59,33.6,8.99,1016.94,Clear
17.81,93.47,11.6,1008.23,Rain
10.23,66.87,44.69,969.08,Stormy
23.92,68.87,12.57,1007.39,Cloudy
14.24,51.28,20.87,982.36,Partly Cloudy
29.37,33.75,6.96,1012.32,Clear
17.71,89.4,12.45,1009.71,Rain
0.54,50.86,33.92,966.02,Stormy
22.2,75.34,14.88,975.52,Cloudy
14.72,66.34,21.4,1005.19,Partly Cloudy
31.23,28.93,5.1,995.43,Clear
24.52,87.73,2.99,981.74,Rain
5.53,70.76,48.29,981.43,Stormy
10.54,57.31,17.53,971.62,Cloudy
18.59,59.16,19.86,986.97,Partly Cloudy
38.26,37.32,11.6,1018.35,Clear
28.59,77.04,0.13,977.9,Rain
10.6,96.87,42.74,959.35,Stormy
21.2,77.83,24.55,998.81,Cloudy
16.89,44.0,14.59,1008.01,Partly Cloudy
25.02,31.95,11.2,1010.07,Clear
20.18,85.67,0.32,984.4,Rain
8.44,56.19,45.11,954.0,Stormy
10.14,78.77,24.75,990.92,Cloudy
11.16,53.34,26.09,994.45,Partly Cloudy
30.42,17.81,5.62,1014.3,Clear
15.25,81.71,5.09,996.18,Rain
6.48,52.84,45.13,979.4,Stormy
16.2,62.61,13.03,965.3,Cloudy
13.09,49.27,28.72,1007.05,Partly Cloudy
26.1,28.0,7.74,1001.06,Clear
28.1,76.17,13.45,971.63,Rain
5.18,50.88,36.19,962.57,Stormy
19.25,55.18,17.24,984.78,Cloudy
19.18,68.96,28.77,973.19,Partly Cloudy
33.73,33.87,6.81,997.22,Clear
28.19,96.88,3.98,979.55,Rain
7.44,95.01,43.04,966.12,Stormy
20.62,73.36,16.04,993.84,Cloudy
29.34,54.45,13.62,1021.0,Partly Cloudy
35.05,17.73,10.72,989.8,Clear
22.82,90.5,11.97,980.78,Rain
6.66,79.85,44.31,964.54,Stormy
22.09,57.8,19.92,978.04,Cloudy
23.91,58.16,14.82,1017.79,Partly Cloudy
30.92,17.64,10.39,986.27,Clear
16.4,98.13,17.15,1003.07,Rain
13.6,70.43,33.16,992.34,Stormy
10.32,73.55,24.83,964.49,Cloudy
23.5,60.14,21.85,987.21,Partly Cloudy
25.65,35.13,10.46,986.78,Clear
18.37,72.05,3.39,989.26,Rain
10.94,61.88,41.35,967.12,Stormy
14.27,61.34,12.69,1008.94,Cloudy
11.64,43.13,18.57,999.71,Partly Cloudy
30.59,33.7,6.48,981.57,Clear
20.73,89.43,10.21,1008.65,Rain
14.8,65.11,33.31,951.54,Stormy
15.93,59.49,16.49,965.82,Cloudy
16.76,34.9,27.16,990.73,Partly Cloudy
29.53,31.42,6.41,1004.48,Clear
18.59,81.07,7.02,993.68,Rain
3.22,55.82,38.81,993.99,Stormy
19.38,64.71,18.2,1012.35,Cloudy
19.62,66.98,7.79,1020.38,Partly Cloudy
27.67,33.61,8.18,1013.43,Clear
23.32,88.96,13.6,987.56,Rain
1.63,98.06,42.62,987.51,Stormy
14.74,54.83,19.92,984.56,Cloudy
22.67,45.31,25.34,1012.93,Partly Cloudy
25.39,23.52,8.19,1010.34,Clear
24.77,85.5,1.09,1009.67,Rain
7.37,54.57,37.66,957.99,Stormy
12.33,78.91,15.04,1016.81,Cloudy
22.79,51.35,20.69,1027.09,Partly Cloudy
25.0,32.9,7.65,1009.87,Clear
28.54,97.25,12.16,990.96,Rain
14.95,64.94,33.66,966.23,Stormy
23.44,72.33,24.73,966.34,Cloudy
24.62,64.02,17.62,973.37,Partly Cloudy
35.48,26.29,12.27,1006.67,Clear
20.62,95.46,5.42,976.52,Rain
0.65,68.22,46.11,969.0,Stormy
19.8,63.1,10.79,999.13,Cloudy
13.61,55.08,24.35,1014.9,Partly Cloudy
31.04,31.68,14.45,1007.36,Clear
18.23,86.55,19.97,994.07,Rain
3.02,76.16,40.52,967.31,Stormy
13.48,51.43,15.04,994.35,Cloudy
13.64,42.96,28.76,973.45,Partly Cloudy
33.72,34.44,13.55,996.92,Clear
22.25,87.22,14.67,989.67,Rain
8.5,63.58,42.12,957.28,Stormy
17.34,52.88,17.72,983.74,Cloudy
26.54,33.04,25.57,994.39,Partly Cloudy
34.73,18.7,7.4,1013.81,Clear
22.48,99.3,7.17,1007.88,Rain
2.11,66.28,30.42,951.52,Stormy
15.93,78.23,17.67,1012.28,Cloudy
21.3,30.24,5.62,985.09,Partly Cloudy
36.32,14.37,9.65,1014.76,Clear
18.44,74.73,18.02,995.1,Rain
10.78,67.43,36.22,979.37,Stormy
24.99,72.47,16.35,996.86,Cloudy
22.36,43.66,14.88,972.02,Partly Cloudy
38.96,28.79,13.27,983.36,Clear
19.03,77.31,11.54,981.88,Rain
8.17,74.57,36.33,985.88,Stormy
21.73,55.26,19.96,1006.96,Cloudy
23.66,49.26,6.99,1016.69,Partly Cloudy
37.77,11.67,8.65,985.95,Clear
26.09,72.29,19.47,1006.83,Rain
9.09,74.06,36.57,987.07,Stormy
17.4,77.48,23.91,1017.34,Cloudy
15.25,39.3,16.03,990.84,Partly Cloudy
29.71,21.23,11.44,1004.83,Clear
26.03,94.43,0.95,971.29,Rain
11.84,76.65,31.05,978.91,Stormy
13.83,69.15,23.75,1011.55,Cloudy
20.01,51.82,18.44,1028.31,Partly Cloudy
32.75,37.15,13.64,1011.6,Clear
18.27,85.73,2.22,1003.7,Rain
11.92,59.15,42.24,990.41,Stormy
12.9,64.2,19.51,1000.91,Cloudy
18.54,65.97,17.65,1006.35,Partly Cloudy
25.93,37.66,7.93,987.08,Clear
27.05,76.46,4.81,991.09,Rain
11.4,78.22,47.89,992.8,Stormy
19.73,71.76,15.77,992.95,Cloudy
22.96,66.33,12.86,999.17,Partly Cloudy
30.83,23.06,7.48,982.94,Clear
22.41,87.65,12.26,984.51,Rain
13.17,97.77,30.85,979.18,Stormy
24.54,71.18,12.21,980.16,Cloudy
12.87,36.71,27.55,973.19,Partly Cloudy
33.11,31.0,11.87,1013.12,Clear
28.24,99.02,19.01,987.56,Rain
10.85,53.53,43.73,984.09,Stormy
23.59,61.19,10.18,995.09,Cloudy
16.64,32.49,25.44,1006.53,Partly Cloudy
28.1,25.82,1.81,988.16,Clear
22.66,72.37,0.63,993.49,Rain
1.6,77.5,30.58,979.57,Stormy
18.6,75.16,11.97,1003.34,Cloudy
21.85,56.89,26.38,972.61,Partly Cloudy
38.59,35.51,11.17,1012.99,Clear
24.5,90.36,13.25,1002.26,Rain
4.92,68.8,30.34,994.85,Stormy
20.48,78.64,24.91,1002.37,Cloudy
23.75,31.37,12.12,1027.89,Partly Cloudy
31.69,19.36,6.47,990.74,Clear
20.68,89.0,5.94,1002.53,Rain
3.21,83.34,48.02,983.52,Stormy
10.24,75.59,19.32,991.26,Cloudy
11.83,47.3,11.36,985.91,Partly Cloudy
32.56,34.37,8.86,1009.75,Clear
23.09,82.82,11.2,1008.91,Rain
3.81,61.5,40.46,980.57,Stormy
10.12,74.9,19.93,1002.25,Cloudy
11.38,44.48,26.56,1035.48,Partly Cloudy
29.28,14.71,5.34,997.96,Clear
25.23,98.99,1.24,984.52,Rain
13.46,51.9,43.29,997.64,Stormy
24.13,55.99,17.32,962.44,Cloudy
19.01,43.26,25.56,1037.04,Partly Cloudy
34.92,14.89,10.91,1009.37,Clear
21.38,97.74,5.35,976.68,Rain
0.95,89.77,36.3,981.09,Stormy
12.46,51.2,16.8,970.0,Cloudy
14.94,40.36,17.88,1031.29,Partly Cloudy
35.94,11.07,7.19,994.61,Clear
17.8,73.61,18.79,1004.81,Rain
1.18,67.45,31.66,997.91,Stormy
19.65,79.17,17.07,1018.69,Cloudy
13.25,38.08,27.79,1032.27,Partly Cloudy
34.12,32.99,9.93,1009.6,Clear
27.41,90.56,4.74,991.36,Rain
11.16,73.67,46.04,964.74,Stormy
20.45,78.12,19.74,969.93,Cloudy
14.88,66.14,21.4,976.96,Partly Cloudy
36.87,20.65,12.76,1018.17,Clear
19.42,70.23,5.63,981.87,Rain
13.35,98.36,39.43,953.52,Stormy
18.22,52.79,14.76,982.65,Cloudy
20.72,56.45,8.42,1019.24,Partly Cloudy
37.19,30.36,6.74,1015.56,Clear
28.41,95.97,7.62,987.54,Rain
13.99,85.76,45.94,996.41,Stormy
19.14,53.48,24.53,977.49,Cloudy
16.39,33.73,23.35,1019.53,Partly Cloudy
29.28,18.93,0.33,998.76,Clear
26.84,79.51,16.05,1004.15,Rain
9.92,66.24,38.9,975.82,Stormy
15.08,75.44,22.49,989.01,Cloudy
12.1,35.64,19.69,1038.41,Partly Cloudy
32.65,25.69,10.78,988.61,Clear
16.27,87.2,18.28,992.83,Rain
7.89,56.85,31.83,978.64,Stormy
13.06,50.93,11.27,990.8,Cloudy
19.39,67.32,6.94,1020.38,Partly Cloudy
28.36,30.21,0.49,1015.79,Clear
27.19,86.85,19.16,991.84,Rain
11.21,92.51,41.09,967.7,Stormy
19.23,59.65,13.55,994.21,Cloudy
12.87,44.96,27.9,1021.75,Partly Cloudy
31.87,29.28,13.57,984.12,Clear
23.53,93.41,5.13,1001.78,Rain
7.94,98.02,43.66,954.48,Stormy
24.43,59.02,24.0,1011.69,Cloudy
24.94,39.25,5.9,993.38,Partly Cloudy
37.47,35.49,5.29,1005.31,Clear
16.15,92.59,18.25,999.06,Rain
10.96,91.43,42.61,987.3,Stormy
16.4,77.06,15.98,999.06,Cloudy
11.67,41.63,11.89,1008.06,Partly Cloudy
28.32,25.82,12.01,986.79,Clear
22.27,87.22,6.49,975.9,Rain
6.15,90.41,34.46,988.51,Stormy
19.24,57.3,24.28,1019.29,Cloudy
21.27,57.96,23.02,1026.1,Partly Cloudy
35.5,38.76,9.54,1003.86,Clear
27.74,90.1,4.68,999.32,Rain
5.57,57.37,39.11,975.29,Stormy
24.96,68.34,15.01,1007.19,Cloudy
26.63,54.6,12.36,1018.79,Partly Cloudy
33.23,29.02,13.73,1003.56,Clear
28.47,99.13,19.44,996.7,Rain
12.49,63.54,34.77,971.37,Stormy
10.06,55.64,20.8,960.24,Cloudy
18.51,42.5,25.81,1023.32,Partly Cloudy
39.63,29.26,4.58,998.46,Clear
18.33,76.39,19.84,986.37,Rain
0.01,59.86,44.34,959.42,Stormy
15.29,63.72,16.07,968.92,Cloudy
12.06,51.32,24.76,976.86,Partly Cloudy
33.5,31.72,5.72,996.74,Clear
16.47,85.72,9.36,990.58,Rain
11.11,91.63,32.88,987.54,Stormy
19.33,52.41,15.73,1001.68,Cloudy
12.65,64.48,13.87,1012.98,Partly Cloudy
25.46,26.12,8.95,1016.93,Clear
29.57,74.09,15.96,992.73,Rain
7.88,54.55,42.23,979.14,Stormy
20.93,72.84,19.95,1006.25,Cloudy
14.32,46.17,28.84,1024.33,Partly Cloudy
26.18,26.07,3.38,992.5,Clear
22.59,88.18,15.6,970.39,Rain
12.3,98.28,41.89,959.03,Stormy
16.4,60.04,21.74,993.94,Cloudy
10.46,68.78,23.78,1026.69,Partly Cloudy
36.41,21.67,5.8,1010.06,Clear
28.48,75.32,11.03,981.69,Rain
4.79,71.21,47.13,974.62,Stormy
17.85,60.87,16.13,974.86,Cloudy
20.31,59.84,10.54,978.47,Partly Cloudy
30.69,20.81,11.9,995.67,Clear
19.86,85.06,4.64,994.96,Rain
10.78,77.36,46.2,972.34,Stormy
13.65,76.5,19.14,993.66,Cloudy
27.5,62.7,23.83,1012.11,Partly Cloudy
31.5,26.42,1.35,982.48,Clear
27.44,71.79,15.92,976.78,Rain
0.02,64.12,41.91,979.2,Stormy
21.66,65.18,20.88,990.56,Cloudy
19.97,54.34,15.04,1032.84,Partly Cloudy
30.78,10.11,0.45,1004.54,Clear
22.56,94.13,5.39,992.0,Rain
11.79,63.49,42.21,986.65,Stormy
12.55,77.15,24.84,972.04,Cloudy
10.15,40.54,5.35,983.99,Partly Cloudy
35.99,30.8,3.85,1011.69,Clear
21.67,89.77,13.95,987.59,Rain
9.51,55.73,44.41,989.05,Stormy
19.84,54.65,15.9,976.08,Cloudy
15.6,39.11,20.96,1026.38,Partly Cloudy
33.48,16.78,2.87,1016.72,Clear
26.92,99.0,19.86,999.08,Rain
9.77,60.87,36.49,960.19,Stormy
10.11,70.45,22.23,976.12,Cloudy
17.18,49.2,11.05,1037.6,Partly Cloudy
35.82,32.65,7.51,988.84,Clear
20.25,93.16,9.52,994.9,Rain
11.69,61.76,47.31,987.68,Stormy
23.18,73.51,24.73,984.48,Cloudy
17.59,55.55,29.51,981.28,Partly Cloudy
35.56,32.6,11.45,982.63,Clear
26.62,90.15,9.79,981.68,Rain
1.66,73.58,36.98,962.19,Stormy
12.44,56.9,23.8,964.59,Cloudy
20.61,45.87,20.71,1007.45,Partly Cloudy
38.83,15.36,14.64,991.82,Clear
20.57,70.68,0.53,975.91,Rain
14.85,63.94,49.92,996.18,Stormy
19.0,51.0,17.22,964.9,Cloudy
18.12,54.25,28.35,1000.72,Partly Cloudy
33.02,30.81,2.2,1015.86,Clear
18.45,73.22,10.25,975.59,Rain
4.82,71.16,33.13,999.12,Stormy
18.11,52.97,17.91,979.11,Cloudy
28.93,45.65,14.7,974.54,Partly Cloudy
27.19,16.9,1.01,1004.72,Clear
21.97,88.28,0.38,986.87,Rain
14.78,68.36,36.51,988.93,Stormy
17.13,61.65,10.33,980.55,Cloudy
17.2,65.58,8.64,1018.33,Partly Cloudy
33.87,36.77,2.23,1008.0,Clear
28.02,79.05,10.52,988.16,Rain
12.76,96.58,30.16,996.48,Stormy
23.83,51.63,17.72,975.95,Cloudy
19.6,54.19,28.36,1003.56,Partly Cloudy
28.61,18.22,1.15,1016.83,Clear
24.14,90.45,13.88,990.22,Rain
2.59,92.63,38.02,957.0,Stormy
11.13,66.36,24.12,1000.18,Cloudy
24.79,51.64,16.96,1035.28,Partly Cloudy
33.42,27.88,12.58,996.4,Clear
17.78,86.65,18.08,998.89,Rain
13.26,75.44,37.88,982.16,Stormy
17.02,77.19,23.43,1015.84,Cloudy
12.77,64.0,14.03,1036.39,Partly Cloudy
32.78,33.37,14.9,1002.48,Clear
21.84,91.42,9.88,1001.7,Rain
12.85,77.31,32.16,970.58,Stormy
15.9,72.02,13.78,1015.28,Cloudy
17.1,36.16,29.0,1018.35,Partly Cloudy
34.61,28.51,1.33,1002.14,Clear
25.94,88.06,17.98,996.46,Rain
11.76,89.05,49.8,996.36,Stormy
18.72,53.27,21.81,987.55,Cloudy
10.55,32.28,23.28,974.7,Partly Cloudy
32.52,21.07,10.98,984.22,Clear
19.82,77.96,11.18,996.09,Rain
5.44,82.07,45.9,963.56,Stormy
13.44,54.77,20.62,1006.95,Cloudy
13.65,34.65,24.41,1028.69,Partly Cloudy
29.91,29.75,7.61,984.97,Clear
15.28,81.75,9.5,972.99,Rain
6.33,72.22,37.23,952.27,Stormy
21.35,61.07,15.54,1002.91,Cloudy
18.46,52.56,7.72,1036.55,Partly Cloudy
25.49,28.24,14.85,1017.96,Clear
22.26,84.04,11.11,995.8,Rain
9.51,93.7,39.94,987.32,Stormy
16.93,69.19,16.87,987.34,Cloudy
10.33,36.96,25.57,1004.2,Partly Cloudy
29.18,25.68,1.57,993.8,Clear
29.37,95.64,14.4,973.14,Rain
5.21,99.74,34.77,965.12,Stormy
18.52,75.05,20.64,971.55,Cloudy
11.23,66.76,27.86,975.68,Partly Cloudy
32.36,23.44,14.86,1018.93,Clear
24.75,73.81,10.58,990.25,Rain
7.72,78.47,44.22,950.94,Stormy
20.69,53.46,18.53,994.21,Cloudy
23.65,33.42,12.02,1013.86,Partly Cloudy
32.61,33.2,1.78,1008.23,Clear
23.87,99.07,17.06,976.27,Rain
10.54,88.7,35.76,964.1,Stormy
23.59,60.79,19.01,963.78,Cloudy
12.5,61.86,26.87,1014.92,Partly Cloudy
36.77,13.36,11.62,995.24,Clear
21.26,99.17,0.31,999.43,Rain
13.2,55.04,44.69,957.03,Stormy
22.97,66.09,15.27,977.34,Cloudy
16.86,43.07,20.22,987.0,Partly Cloudy
38.51,19.21,12.58,987.47,Clear
26.13,97.93,2.89,976.62,Rain
8.12,80.72,41.98,974.01,Stormy
12.71,64.39,16.49,999.49,Cloudy
23.59,48.05,12.59,993.35,Partly Cloudy
31.16,10.69,12.68,1006.74,Clear
20.32,71.38,5.27,1009.47,Rain
1.9,68.49,35.88,986.93,Stormy
18.62,62.47,14.95,967.07,Cloudy
24.5,54.48,9.08,978.38,Partly Cloudy
34.61,34.4,8.93,993.98,Clear
17.56,79.34,15.37,970.81,Rain
6.02,90.81,46.57,985.42,Stormy
14.28,55.55,20.76,1018.31,Cloudy
26.68,30.53,23.57,994.81,Partly Cloudy
26.17,27.02,0.26,997.16,Clear
18.54,78.54,12.63,974.47,Rain
3.64,63.88,39.34,994.91,Stormy
15.88,71.72,10.38,1014.58,Cloudy
18.96,54.43,24.31,992.3,Partly Cloudy
39.57,38.3,3.4,990.64,Clear
29.36,83.76,14.14,978.33,Rain
4.27,63.36,33.25,993.96,Stormy
10.97,58.08,11.85,996.42,Cloudy
19.43,55.09,10.75,1029.41,Partly Cloudy
37.26,17.05,6.46,1007.07,Clear
16.72,91.43,3.53,978.71,Rain
5.37,82.66,33.67,961.7,Stormy
10.15,64.15,13.51,985.72,Cloudy
11.07,47.17,22.88,1025.17,Partly Cloudy
37.91,10.29,5.12,1018.66,Clear
29.86,77.58,7.08,988.86,Rain
5.34,92.11,49.84,987.32,Stormy
19.2,63.9,24.95,965.4,Cloudy
21.03,58.02,18.69,998.47,Partly Cloudy
39.14,14.99,2.28,991.69,Clear
26.88,71.86,5.97,973.27,Rain
7.71,70.31,49.15,952.24,Stormy
24.29,58.38,18.68,1003.89,Cloudy
14.75,40.49,15.48,1004.38,Partly Cloudy
29.37,34.23,9.82,999.26,Clear
17.84,86.01,10.53,982.72,Rain
11.71,88.45,43.89,967.71,Stormy
24.12,68.77,20.2,968.9,Cloudy
12.1,64.88,14.63,1006.17,Partly Cloudy
25.86,21.42,0.31,1016.13,Clear
22.12,97.93,8.56,985.79,Rain
8.68,73.15,30.37,958.43,Stormy
19.15,77.62,13.16,966.38,Cloudy
17.4,62.35,27.05,988.85,Partly Cloudy
25.82,38.23,9.88,1002.43,Clear
20.52,93.46,0.98,976.66,Rain
5.93,92.68,40.34,987.75,Stormy
18.58,53.9,21.8,1010.44,Cloudy
23.13,48.65,26.98,1037.51,Partly Cloudy
34.67,21.15,8.63,1004.72,Clear
20.91,79.2,11.48,986.28,Rain
6.42,63.18,40.63,988.05,Stormy
11.02,61.05,21.33,1013.09,Cloudy
16.46,67.53,29.03,975.36,Partly Cloudy
28.69,10.27,5.38,997.35,Clear
23.09,93.9,8.02,1003.7,Rain
6.45,57.41,42.82,952.38,Stormy
10.97,72.01,12.98,992.35,Cloudy
20.79,37.32,24.99,1000.71,Partly Cloudy
31.93,14.46,2.8,1008.95,Clear
26.08,84.38,17.03,988.15,Rain
10.63,51.65,47.42,964.81,Stormy
10.27,66.36,19.33,1003.67,Cloudy
25.21,59.03,25.54,1018.44,Partly Cloudy
34.69,22.07,10.75,998.88,Clear
28.14,78.17,18.61,983.68,Rain
8.68,58.95,49.82,983.18,Stormy
22.35,72.37,23.14,972.48,Cloudy
20.52,65.57,6.55,993.09,Partly Cloudy
32.14,18.1,14.36,1008.61,Clear
25.36,96.61,15.43,988.12,Rain
12.65,85.54,42.52,975.39,Stormy
20.51,57.59,24.25,1008.57,Cloudy
19.3,58.04,21.56,1021.59,Partly Cloudy
33.21,36.45,0.92,997.96,Clear
27.67,90.22,2.77,1003.97,Rain
0.46,96.72,46.19,957.39,Stormy
22.35,71.26,20.01,967.88,Cloudy
27.78,47.02,16.07,998.95,Partly Cloudy
26.23,36.76,14.97,1014.77,Clear
23.78,92.54,13.35,978.11,Rain
9.75,95.06,48.77,991.54,Stormy
23.03,76.06,22.69,963.82,Cloudy
22.15,45.22,21.94,973.96,Partly Cloudy
29.92,24.03,13.68,1007.27,Clear
27.38,83.52,4.8,985.51,Rain
5.59,55.55,41.48,998.56,Stormy
11.92,60.58,17.99,992.82,Cloudy
10.71,68.03,5.4,989.28,Partly Cloudy
26.15,27.41,0.63,985.51,Clear
20.69,88.68,6.27,974.47,Rain
6.27,57.97,31.7,975.3,Stormy
10.7,65.6,11.43,974.87,Cloudy
18.48,66.61,25.39,1020.69,Partly Cloudy
38.08,39.18,9.13,1010.53,Clear
20.48,75.45,19.9,997.47,Rain
7.01,86.18,38.64,974.75,Stormy
16.15,65.14,21.23,982.01,Cloudy
27.49,65.32,27.4,985.94,Partly Cloudy
30.12,19.28,4.57,1009.07,Clear
15.79,81.21,6.54,998.86,Rain
9.44,83.01,47.94,986.69,Stormy
16.49,54.99,16.48,979.14,Cloudy
24.28,30.52,24.5,992.1,Partly Cloudy
35.06,31.95,11.75,1012.47,Clear
25.23,83.19,11.38,1009.34,Rain
3.04,64.64,48.49,984.68,Stormy
12.68,52.47,23.73,1012.89,Cloudy
15.53,45.09,13.25,1016.21,Partly Cloudy
38.16,13.23,3.13,981.52,Clear
19.29,73.39,15.11,972.63,Rain
2.46,95.7,43.41,968.4,Stormy
13.38,57.21,18.41,994.48,Cloudy
25.37,60.31,16.23,1016.95,Partly Cloudy
38.36,28.68,12.29,1019.61,Clear
15.66,79.62,14.43,992.88,Rain
8.26,89.31,33.68,964.13,Stormy
10.81,67.2,14.89,1001.32,Cloudy
22.27,32.09,22.54,976.95,Partly Cloudy
30.52,30.14,12.79,1013.27,Clear
17.58,84.59,15.48,999.36,Rain
11.77,61.41,41.8,959.63,Stormy
21.12,59.57,20.75,966.28,Cloudy
15.99,36.65,12.87,980.34,Partly Cloudy
33.89,20.75,1.45,980.83,Clear
19.36,89.79,11.21,973.94,Rain
1.8,60.58,31.34,958.61,Stormy
20.07,63.9,11.48,1009.86,Cloudy
12.89,42.26,12.64,1023.61,Partly Cloudy
31.13,19.05,14.09,983.21,Clear
23.23,93.63,10.29,996.33,Rain
1.35,82.14,38.29,957.77,Stormy
19.44,73.47,20.07,1001.1,Cloudy
12.98,43.85,22.99,973.0,Partly Cloudy
39.29,17.92,7.13,983.51,Clear
27.85,86.56,19.49,971.87,Rain
12.43,56.58,39.01,996.09,Stormy
15.58,63.83,19.89,1010.07,Cloudy
11.18,68.3,23.64,980.34,Partly Cloudy
34.54,15.63,13.05,986.83,Clear
21.3,89.64,14.55,990.16,Rain
7.19,64.37,47.18,968.17,Stormy
17.02,56.4,21.95,1016.08,Cloudy
11.11,69.96,9.01,1018.64,Partly Cloudy
28.56,30.77,3.59,1011.19,Clear
18.85,79.21,3.44,993.92,Rain
1.56,83.94,40.02,988.95,Stormy
15.46,62.96,24.4,983.3,Cloudy
25.36,38.32,18.6,996.89,Partly Cloudy
34.19,24.05,11.51,1012.41,Clear
22.58,95.63,15.57,1000.04,Rain
14.35,63.32,47.78,963.38,Stormy
21.58,77.8,19.42,963.79,Cloudy
12.89,50.16,8.2,980.9,Partly Cloudy
25.18,28.91,1.58,994.36,Clear
19.84,75.07,6.4,1007.67,Rain
5.01,91.99,44.2,982.39,Stormy
19.54,78.39,24.84,972.42,Cloudy
26.62,53.56,21.22,1016.37,Partly Cloudy
25.88,16.54,8.02,1018.46,Clear
20.68,92.86,0.26,990.98,Rain
11.04,86.61,49.13,958.26,Stormy
13.36,63.73,19.05,966.88,Cloudy
17.51,44.13,5.24,1027.89,Partly Cloudy
36.97,27.14,8.84,1019.44,Clear
15.83,71.52,16.82,1005.33,Rain
5.19,80.9,49.34,974.48,Stormy
24.25,79.52,23.64,1011.99,Cloudy
14.35,63.24,29.07,1019.62,Partly Cloudy
33.57,12.56,10.3,1003.9,Clear
18.3,81.82,7.48,993.94,Rain
5.62,56.65,45.01,997.04,Stormy
10.02,72.97,10.15,1004.39,Cloudy
17.39,54.27,24.45,1001.69,Partly Cloudy
31.38,14.62,3.63,1019.06,Clear
25.77,74.29,8.84,983.16,Rain
2.88,72.5,41.18,957.86,Stormy
19.96,51.87,12.78,1012.27,Cloudy
14.51,56.45,17.48,1002.81,Partly Cloudy
26.92,34.17,2.03,1004.68,Clear
20.61,94.31,2.17,992.73,Rain
5.59,62.13,46.87,975.87,Stormy
16.54,63.0,18.64,1014.32,Cloudy
21.32,40.48,19.4,1012.54,Partly Cloudy
30.95,39.72,11.24,1015.28,Clear
23.06,83.86,6.11,977.4,Rain
11.61,72.69,32.96,994.11,Stormy
17.63,69.41,23.34,991.01,Cloudy
29.79,34.63,8.26,979.1,Partly Cloudy
35.22,21.18,6.08,1009.33,Clear
24.41,93.1,10.79,991.93,Rain
1.32,70.54,39.24,977.29,Stormy
23.51,77.2,15.63,1009.32,Cloudy
24.35,45.81,13.57,986.28,Partly Cloudy
26.06,19.95,14.33,998.43,Clear
19.7,97.07,3.82,979.15,Rain
7.78,83.63,34.42,952.22,Stormy
16.84,59.93,17.67,1002.76,Cloudy
13.21,65.78,23.28,990.5,Partly Cloudy
36.7,38.89,9.24,999.94,Clear
20.02,90.35,8.75,988.54,Rain
12.83,52.51,47.04,994.1,Stormy
17.6,64.71,24.91,981.71,Cloudy
12.22,53.61,28.36,1017.72,Partly Cloudy
36.7,29.32,5.61,984.67,Clear
17.08,96.44,15.15,999.98,Rain
9.78,75.35,36.59,957.5,Stormy
12.05,71.75,20.53,969.61,Cloudy
23.85,48.37,12.87,979.47,Partly Cloudy
29.8,31.01,12.44,984.55,Clear
26.42,75.59,13.37,998.77,Rain
11.22,59.45,34.73,957.88,Stormy
15.49,73.81,23.88,1004.28,Cloudy
11.17,30.46,11.98,1018.94,Partly Cloudy
30.01,26.4,9.64,984.1,Clear
19.88,88.98,3.42,1003.36,Rain
13.96,76.53,34.15,996.15,Stormy
19.07,62.12,19.09,1006.45,Cloudy
19.89,66.52,10.5,996.4,Partly Cloudy
34.12,28.72,7.3,997.56,Clear
29.39,91.98,4.24,974.42,Rain
14.63,86.32,36.08,995.75,Stormy
21.13,71.42,18.26,977.68,Cloudy
22.55,49.25,25.82,1027.9,Partly Cloudy
37.76,34.1,5.72,999.52,Clear
27.47,84.71,10.15,979.85,Rain
2.13,84.58,35.21,966.8,Stormy
24.35,73.31,19.36,1007.22,Cloudy
26.78,60.37,29.03,1011.91,Partly Cloudy
27.87,38.3,7.93,996.06,Clear
16.84,86.2,19.95,994.45,Rain
14.63,98.32,49.83,967.42,Stormy
16.83,75.56,17.59,972.98,Cloudy
29.32,67.88,24.95,1017.86,Partly Cloudy
27.65,31.65,1.37,1004.72,Clear
16.7,73.25,2.83,998.97,Rain
7.02,67.85,44.13,977.53,Stormy
20.27,65.47,15.97,987.86,Cloudy
27.24,43.23,23.58,988.16,Partly Cloudy
30.4,35.41,10.53,993.12,Clear
15.68,81.57,16.33,983.73,Rain
14.51,73.04,43.99,991.24,Stormy
24.51,74.33,20.7,964.65,Cloudy
20.71,30.66,28.04,987.59,Partly Cloudy
38.89,33.97,12.1,1019.27,Clear
15.15,78.64,1.88,971.22,Rain
3.28,75.18,47.24,992.38,Stormy
19.24,77.85,23.34,990.0,Cloudy
19.08,41.09,14.7,1034.15,Partly Cloudy
32.55,19.87,14.93,1006.51,Clear
15.38,97.0,7.28,970.16,Rain
2.53,87.87,41.07,952.53,Stormy
14.42,54.01,13.26,1006.31,Cloudy
14.47,41.0,21.49,1011.07,Partly Cloudy
25.26,17.26,4.98,997.24,Clear
28.26,93.63,6.76,995.04,Rain
10.51,92.18,45.69,979.74,Stormy
21.24,67.15,21.19,978.73,Cloudy
14.14,61.18,25.55,1026.32,Partly Cloudy
32.09,15.77,11.15,983.99,Clear
28.29,89.53,18.7,975.77,Rain
14.84,71.67,45.54,979.74,Stormy
21.05,79.03,18.71,966.89,Cloudy
23.84,65.6,29.45,1031.19,Partly Cloudy
32.68,34.92,6.33,997.09,Clear
18.8,94.55,5.13,1009.43,Rain
0.84,90.78,49.19,981.01,Stormy
13.78,52.13,11.28,989.55,Cloudy
15.24,35.04,7.65,985.69,Partly Cloudy
39.31,18.36,13.48,997.76,Clear
25.16,88.54,16.58,998.22,Rain
13.17,82.13,40.71,994.5,Stormy
14.16,76.4,23.59,992.49,Cloudy
10.8,45.9,11.24,1036.35,Partly Cloudy
39.12,38.62,8.46,1015.29,Clear
24.7,96.09,12.6,1001.04,Rain
14.73,84.28,31.15,998.77,Stormy
12.08,63.54,21.74,983.09,Cloudy
13.21,69.04,15.72,992.05,Partly Cloudy
29.12,27.38,2.25,982.35,Clear
26.19,75.6,15.86,979.42,Rain
1.4,71.87,36.94,951.15,Stormy
20.48,52.7,23.64,1013.3,Cloudy
12.1,69.63,7.1,990.83,Partly Cloudy
25.08,22.26,4.98,1005.19,Clear
27.55,91.5,14.69,984.01,Rain
14.11,54.65,39.27,965.31,Stormy
17.47,66.27,20.01,978.04,Cloudy
22.9,53.11,16.92,977.96,Partly Cloudy
30.34,24.73,7.21,1016.87,Clear
15.21,83.17,15.6,1002.83,Rain
7.7,62.49,41.27,973.25,Stormy
25.0,69.33,17.37,1001.66,Cloudy
17.09,62.52,29.87,1004.65,Partly Cloudy
31.86,12.04,0.7,1007.3,Clear
18.76,80.61,9.88,999.58,Rain
0.43,80.84,48.44,970.57,Stormy
17.49,71.27,21.41,973.13,Cloudy
24.42,66.16,16.19,972.37,Partly Cloudy
35.19,12.85,14.13,996.42,Clear
21.54,99.56,14.36,972.27,Rain
8.72,75.03,32.59,998.54,Stormy
23.44,70.74,23.53,975.54,Cloudy
18.59,62.57,26.27,997.22,Partly Cloudy
34.55,14.23,2.87,1005.99,Clear
21.18,75.11,4.24,970.88,Rain
8.05,74.08,34.95,975.07,Stormy
20.28,71.13,23.22,981.48,Cloudy
22.88,58.52,5.02,989.41,Partly Cloudy
37.98,34.67,5.61,984.93,Clear
24.92,89.56,2.81,1004.41,Rain
6.45,54.86,30.3,969.48,Stormy
23.47,65.81,10.9,1010.99,Cloudy
14.55,40.38,25.07,997.07,Partly Cloudy
30.8,16.14,1.19,982.6,Clear
26.4,83.34,13.65,999.05,Rain
2.03,57.14,44.43,987.77,Stormy
15.67,52.32,14.32,960.73,Cloudy
10.18,39.2,8.04,999.37,Partly Cloudy
26.56,36.89,14.02,1003.42,Clear
20.19,90.31,12.37,978.19,Rain
1.94,50.1,41.1,996.58,Stormy
23.9,60.01,16.01,979.67,Cloudy
24.12,52.63,5.64,1034.77,Partly Cloudy
35.62,19.91,7.66,987.21,Clear
22.58,74.11,8.16,978.08,Rain
6.13,65.88,30.09,957.43,Stormy
24.55,78.3,24.93,989.02,Cloudy
23.47,32.75,27.9,978.24,Partly Cloudy
34.45,35.3,6.72,1015.93,Clear
15.73,75.65,3.77,972.66,Rain
6.16,55.91,38.92,958.34,Stormy
15.1,64.03,19.67,985.75,Cloudy
28.74,34.31,26.32,976.95,Partly Cloudy
32.6,32.99,12.43,988.62,Clear
28.86,89.06,17.91,974.24,Rain
11.89,87.54,45.98,951.84,Stormy
12.07,56.67,13.97,994.63,Cloudy
23.23,54.32,21.4,977.57,Partly Cloudy
38.86,14.83,5.13,1003.88,Clear
21.89,78.61,0.58,984.17,Rain
14.72,81.24,37.67,975.04,Stormy
18.09,61.4,16.96,981.59,Cloudy
15.52,37.2,26.07,1008.96,Partly Cloudy
27.29,10.98,14.7,989.87,Clear
27.43,87.88,8.91,1007.17,Rain
14.75,64.82,42.76,962.02,Stormy
15.67,68.79,19.27,978.3,Cloudy
15.51,32.04,27.08,1033.85,Partly Cloudy
39.56,31.5,8.39,1007.31,Clear
16.89,75.68,17.8,981.58,Rain
2.59,96.14,44.31,976.14,Stormy
11.65,58.07,13.99,1017.51,Cloudy
15.93,37.9,10.83,979.04,Partly Cloudy
34.63,23.66,1.84,1002.15,Clear
27.03,93.52,7.67,970.86,Rain
1.03,89.61,48.04,986.86,Stormy
13.55,63.69,15.57,971.07,Cloudy
20.44,32.13,18.58,1020.04,Partly Cloudy
37.43,18.15,14.98,1016.13,Clear
28.79,93.34,11.47,1002.49,Rain
2.85,83.85,49.71,985.64,Stormy
18.12,58.14,24.69,1001.02,Cloudy
13.54,43.04,9.26,1007.93,Partly Cloudy
25.33,20.11,0.65,1014.61,Clear
21.43,92.87,19.71,1008.13,Rain
6.33,97.52,44.92,951.77,Stormy
19.64,57.49,11.94,990.44,Cloudy
27.43,44.32,8.97,1013.82,Partly Cloudy
28.09,39.76,14.43,1010.12,Clear
19.44,74.94,9.89,990.12,Rain
2.62,86.66,33.73,968.09,Stormy
14.98,66.91,17.23,1003.59,Cloudy
20.51,35.56,28.22,1034.03,Partly Cloudy
35.25,10.53,9.44,1001.48,Clear
29.92,99.88,1.28,1004.3,Rain
14.3,80.63,38.14,990.04,Stormy
14.8,63.9,15.36,968.81,Cloudy
27.15,31.52,8.13,980.56,Partly Cloudy
31.05,39.91,2.18,986.93,Clear
28.73,96.46,15.03,971.29,Rain
9.83,88.39,49.83,974.73,Stormy
10.66,57.03,16.75,983.79,Cloudy
28.43,52.4,15.2,973.16,Partly Cloudy
31.25,38.96,9.53,1003.97,Clear
25.7,93.1,4.74,995.4,Rain
13.11,86.61,49.93,987.09,Stormy
22.04,74.87,12.27,1017.08,Cloudy
19.95,53.22,25.99,993.05,Partly Cloudy
36.44,31.63,3.89,1019.89,Clear
26.03,86.54,3.21,982.52,Rain
13.44,79.77,40.91,991.25,Stormy
13.3,60.13,24.59,982.89,Cloudy
10.11,69.43,29.9,1038.63,Partly Cloudy
32.15,38.91,0.39,995.82,Clear
18.37,98.36,10.92,970.55,Rain
1.13,64.32,47.19,954.4,Stormy
18.87,77.06,24.57,1001.3,Cloudy
20.2,55.55,17.11,1010.34,Partly Cloudy
37.69,29.34,11.8,1012.05,Clear
17.87,89.5,11.67,977.99,Rain
10.16,99.86,31.82,951.53,Stormy
11.16,61.95,22.66,1009.3,Cloudy
24.74,65.88,7.2,992.6,Partly Cloudy
25.87,35.56,10.48,1009.22,Clear
20.1,81.4,1.28,1008.32,Rain
11.61,65.48,44.85,951.95,Stormy
14.96,71.66,18.02,1002.46,Cloudy
25.55,53.24,23.35,990.06,Partly Cloudy
33.84,10.38,8.18,1016.07,Clear
28.03,96.48,10.15,987.8,Rain
6.24,72.47,45.76,994.76,Stormy
11.9,68.31,18.93,1019.75,Cloudy
25.72,60.76,14.3,994.52,Partly Cloudy
35.86,25.0,10.69,1002.82,Clear
26.66,78.15,5.84,975.87,Rain
7.61,67.11,31.07,978.42,Stormy
17.65,61.04,16.34,992.08,Cloudy
15.68,66.16,22.03,982.93,Partly Cloudy
38.87,26.16,1.87,1015.06,Clear
22.41,83.71,8.87,970.32,Rain
5.54,83.49,31.72,996.92,Stormy
14.91,63.32,21.62,987.31,Cloudy
18.87,31.09,27.12,1019.71,Partly Cloudy
32.71,27.43,3.31,986.52,Clear
18.53,82.92,10.44,1007.13,Rain
2.88,63.3,42.47,969.2,Stormy
16.6,61.77,13.63,993.88,Cloudy
11.58,30.98,7.29,987.59,Partly Cloudy
30.05,33.19,9.16,1008.65,Clear
27.79,78.46,7.98,1005.4,Rain
6.01,70.27,49.51,954.9,Stormy
12.08,60.23,11.12,979.16,Cloudy
13.05,31.79,26.67,990.47,Partly Cloudy
30.09,13.71,14.95,1005.83,Clear
18.48,78.39,3.58,1008.87,Rain
7.67,61.98,49.63,996.62,Stormy
22.22,59.44,13.63,984.21,Cloudy
27.82,66.58,21.41,999.32,Partly Cloudy
27.48,23.05,5.78,1005.26,Clear
20.36,70.03,17.79,1002.17,Rain
14.54,85.96,35.39,977.44,Stormy
24.99,67.69,20.24,1000.87,Cloudy
26.91,30.39,21.64,985.42,Partly Cloudy
38.43,30.56,5.42,996.54,Clear
26.07,92.24,5.83,994.28,Rain
13.88,77.59,34.29,989.52,Stormy
15.16,76.24,17.68,963.01,Cloudy
19.63,60.05,10.48,989.73,Partly Cloudy
38.89,27.15,2.9,984.19,Clear
29.98,75.87,8.4,994.42,Rain
13.28,87.76,30.21,979.85,Stormy
23.2,63.34,17.43,1015.89,Cloudy
23.88,32.77,13.45,1022.16,Partly Cloudy
30.27,13.56,2.79,985.87,Clear
19.92,96.76,14.49,984.73,Rain
1.24,79.55,49.56,974.09,Stormy
22.69,63.64,12.9,1006.51,Cloudy
21.25,32.98,10.65,994.37,Partly Cloudy
35.78,24.7,7.73,1010.04,Clear
16.3,92.06,18.07,1003.33,Rain
8.58,87.68,33.11,987.6,Stormy
12.46,52.13,17.1,979.19,Cloudy
29.96,47.24,22.33,1020.84,Partly Cloudy
28.07,11.76,10.5,1001.84,Clear
29.97,80.76,7.64,1005.85,Rain
10.34,79.91,31.57,952.65,Stormy
10.31,61.13,12.59,1004.75,Cloudy
22.12,41.55,24.96,1025.79,Partly Cloudy
36.63,25.75,12.14,991.38,Clear
17.79,78.69,13.48,977.36,Rain
10.29,82.63,32.0,970.78,Stormy
23.67,65.23,18.83,984.42,Cloudy
13.86,35.3,10.68,998.39,Partly Cloudy
28.66,36.78,7.25,1001.23,Clear
25.34,98.55,16.67,974.49,Rain
8.76,57.31,39.65,964.86,Stormy
20.37,57.28,20.27,992.09,Cloudy
18.97,64.52,16.77,1030.86,Partly Cloudy
39.59,12.27,5.71,980.13,Clear
24.02,88.88,2.5,989.06,Rain
2.56,92.61,43.48,993.4,Stormy
19.96,67.93,16.42,972.18,Cloudy
23.92,51.49,28.84,971.3,Partly Cloudy
37.67,17.82,13.85,1004.66,Clear
16.44,85.09,8.2,988.25,Rain
12.53,69.03,31.32,953.18,Stormy
10.64,62.27,13.06,1003.1,Cloudy
22.93,57.48,20.01,987.86,Partly Cloudy
35.27,24.0,9.29,993.47,Clear
29.67,82.81,9.29,985.67,Rain
1.14,77.66,32.43,966.43,Stormy
16.99,50.1,11.59,984.11,Cloudy
10.49,62.98,10.19,1034.14,Partly Cloudy
33.09,18.34,6.55,999.74,Clear
19.04,91.01,1.06,975.06,Rain
11.52,83.3,39.36,974.93,Stormy
17.46,63.11,17.5,983.57,Cloudy
20.57,57.68,14.44,1019.78,Partly Cloudy
31.2,21.21,6.8,1001.46,Clear
28.34,90.89,14.18,1005.95,Rain
14.56,81.79,33.16,998.18,Stormy
10.79,67.37,16.26,1019.01,Cloudy
14.24,50.86,12.88,1015.42,Partly Cloudy
35.72,39.25,4.37,1015.88,Clear
19.9,81.15,2.01,985.78,Rain
11.43,68.27,48.54,993.99,Stormy
10.37,79.66,17.81,1002.6,Cloudy
17.79,50.74,20.57,992.72,Partly Cloudy
26.39,28.63,0.26,991.01,Clear
23.29,87.35,1.45,987.06,Rain
13.4,80.57,40.22,955.79,Stormy
17.46,51.81,22.12,996.41,Cloudy
24.98,38.12,13.56,1030.36,Partly Cloudy
39.2,12.15,8.96,999.45,Clear
18.71,93.14,0.36,995.08,Rain
9.13,74.57,49.91,959.8,Stormy
23.46,58.78,14.75,992.46,Cloudy
25.51,67.21,25.14,995.12,Partly Cloudy
32.48,21.9,7.66,1017.54,Clear
22.01,90.17,6.5,980.45,Rain
13.98,83.93,35.42,991.33,Stormy
18.16,79.14,12.41,979.12,Cloudy
20.22,45.51,27.21,981.17,Partly Cloudy
39.86,27.06,12.89,1010.99,Clear
25.51,71.32,1.42,976.31,Rain
0.15,65.3,34.82,969.62,Stormy
10.97,65.9,21.94,976.4,Cloudy
10.16,63.7,22.9,1036.83,Partly Cloudy
36.0,38.01,14.92,988.36,Clear
26.6,91.8,10.92,984.44,Rain
9.81,81.02,31.65,985.25,Stormy
15.33,63.02,12.59,975.64,Cloudy
12.78,44.66,6.57,1004.54,Partly Cloudy
39.2,32.96,2.59,1009.23,Clear
24.06,85.89,14.95,1009.3,Rain
8.64,92.54,30.3,957.75,Stormy
20.35,52.95,21.17,966.93,Cloudy
15.41,55.15,12.91,1034.22,Partly Cloudy
28.26,13.2,0.93,985.22,Clear
16.31,82.96,14.13,982.83,Rain
13.05,89.24,32.05,976.53,Stormy
20.65,60.88,22.64,965.14,Cloudy
16.76,38.73,27.55,1031.0,Partly Cloudy
30.08,20.64,11.0,1003.19,Clear
15.95,87.8,5.24,1008.11,Rain
13.63,97.51,45.08,963.46,Stormy
13.58,72.13,13.71,1007.85,Cloudy
24.32,62.48,9.19,995.1,Partly Cloudy
26.38,27.26,12.34,1019.12,Clear
21.54,86.1,3.26,981.18,Rain
7.23,73.18,49.06,976.1,Stormy
19.06,68.17,24.95,967.68,Cloudy
25.46,65.09,17.55,999.0,Partly Cloudy
32.83,15.82,13.54,1007.58,Clear
17.46,72.59,5.46,999.53,Rain
9.36,84.79,46.3,966.1,Stormy
18.25,76.07,23.03,1005.8,Cloudy
10.4,39.74,16.05,976.3,Partly Cloudy
38.35,24.03,4.91,1013.99,Clear
20.09,96.87,15.8,987.03,Rain
3.55,97.44,45.19,978.73,Stormy
11.34,64.78,23.16,1014.06,Cloudy
10.94,42.15,9.31,1001.03,Partly Cloudy
35.95,15.54,9.95,993.87,Clear
22.23,92.16,2.33,1008.45,Rain
10.64,61.52,30.66,970.72,Stormy
12.04,59.59,23.49,980.52,Cloudy
24.84,68.89,11.04,1011.94,Partly Cloudy
29.91,19.6,10.09,993.06,Clear
22.96,81.56,0.44,975.96,Rain
3.28,55.37,32.25,989.27,Stormy
20.86,61.57,22.19,964.4,Cloudy
21.59,39.43,6.13,1032.63,Partly Cloudy
28.03,32.56,4.34,1008.38,Clear
15.93,95.74,3.91,982.55,Rain
7.74,95.51,45.32,952.18,Stormy
18.59,62.76,24.49,1004.64,Cloudy
14.58,35.75,21.72,1033.9,Partly Cloudy
31.57,27.2,11.6,1009.82,Clear
28.8,82.81,12.79,981.74,Rain
6.24,79.73,33.06,971.0,Stormy
17.04,70.73,17.4,1007.96,Cloudy
13.3,46.59,15.32,1025.04,Partly Cloudy
35.45,25.22,11.94,989.65,Clear
16.26,85.75,1.34,978.36,Rain
7.54,74.98,44.9,985.35,Stormy
20.92,62.29,18.65,997.9,Cloudy
18.43,53.89,9.82,1036.31,Partly Cloudy
38.59,11.6,4.32,992.34,Clear
24.4,73.94,16.57,1005.29,Rain
9.78,72.92,46.61,996.65,Stormy
17.49,71.06,18.82,994.02,Cloudy
16.62,48.48,13.93,975.47,Partly Cloudy
35.44,38.6,8.34,1018.52,Clear
24.1,75.57,1.41,997.81,Rain
4.27,83.42,31.0,965.52,Stormy
22.48,59.31,11.12,963.79,Cloudy
15.04,37.12,13.04,1024.2,Partly Cloudy
37.07,15.22,10.32,999.72,Clear
24.78,88.03,4.57,1006.99,Rain
7.41,94.2,31.12,953.89,Stormy
13.5,68.99,12.85,975.59,Cloudy
19.18,54.54,12.52,987.4,Partly Cloudy
34.2,38.37,11.74,1006.99,Clear
20.5,78.17,16.14,988.17,Rain
6.84,92.34,31.44,999.44,Stormy
10.68,54.49,11.97,983.06,Cloudy
27.41,30.93,9.62,992.11,Partly Cloudy
38.97,30.08,14.58,1016.48,Clear
22.46,77.03,4.46,977.75,Rain
10.63,52.02,42.16,952.57,Stormy
19.63,69.96,22.09,982.31,Cloudy
20.67,34.22,28.83,1025.8,Partly Cloudy
25.9,21.74,2.2,999.5,Clear
28.02,78.52,13.42,1001.32,Rain
8.97,59.61,30.95,961.04,Stormy
13.61,60.36,15.5,1009.99,Cloudy
25.09,47.58,29.41,1024.94,Partly Cloudy
28.6,35.87,12.26,1004.87,Clear
24.77,82.72,1.4,979.12,Rain
8.03,99.52,36.55,986.9,Stormy
22.41,73.07,10.21,976.9,Cloudy
12.36,65.09,12.38,1028.56,Partly Cloudy
29.28,33.79,11.69,1017.51,Clear
24.08,77.28,4.67,991.03,Rain
12.12,69.35,37.63,991.68,Stormy
22.36,60.0,19.23,986.41,Cloudy
11.41,67.93,17.7,1010.15,Partly Cloudy
37.59,35.97,13.91,1000.89,Clear
15.97,73.4,7.08,993.87,Rain
6.96,66.4,46.45,970.24,Stormy
18.9,79.92,14.1,1007.21,Cloudy
15.29,43.44,5.68,1029.03,Partly Cloudy
28.45,37.15,3.4,1005.6,Clear
18.29,95.88,5.12,1005.75,Rain
6.31,91.73,46.28,988.55,Stormy
17.78,77.35,12.35,979.56,Cloudy
24.17,51.57,7.03,1029.82,Partly Cloudy
37.66,18.8,0.6,1006.19,Clear
24.14,91.52,4.31,984.75,Rain
8.06,91.66,35.05,966.18,Stormy
14.18,78.47,10.05,981.56,Cloudy
25.63,57.97,29.62,979.0,Partly Cloudy
34.12,25.02,13.48,995.29,Clear
18.66,78.57,15.18,974.9,Rain
8.93,80.45,43.02,960.92,Stormy
21.48,60.74,15.23,1008.08,Cloudy
25.16,31.35,29.24,1008.58,Partly Cloudy
39.72,18.45,0.94,997.66,Clear
28.1,87.06,2.26,985.4,Rain
14.2,76.51,37.0,964.15,Stormy
14.06,68.05,22.85,1015.8,Cloudy
19.21,63.06,11.31,999.62,Partly Cloudy
39.75,19.12,14.85,992.95,Clear
17.01,92.82,10.24,1007.43,Rain
0.04,68.75,38.32,955.58,Stormy
21.85,63.16,18.35,985.92,Cloudy
21.63,64.25,25.54,991.58,Partly Cloudy
33.49,19.02,5.42,991.81,Clear
24.34,76.92,11.5,1006.81,Rain
13.8,52.32,30.46,967.13,Stormy
14.08,75.86,16.54,962.2,Cloudy
12.35,46.67,20.58,1028.72,Partly Cloudy
36.05,20.47,10.64,1017.78,Clear
21.33,82.79,11.53,1006.75,Rain
10.6,70.85,44.47,961.18,Stormy
19.12,65.04,13.12,997.44,Cloudy
25.88,67.93,13.04,1032.38,Partly Cloudy
31.09,34.25,8.22,1003.8,Clear
28.9,86.08,0.84,990.6,Rain
1.04,50.37,38.17,995.66,Stormy
17.03,75.36,19.14,996.55,Cloudy
15.93,63.36,6.33,981.61,Partly Cloudy
27.87,18.03,10.06,991.29,Clear
18.27,90.3,2.94,973.65,Rain
7.63,96.09,49.38,992.98,Stormy
19.76,70.27,19.34,997.5,Cloudy
12.94,51.75,16.06,997.02,Partly Cloudy
32.85,13.85,0.95,994.38,Clear
29.7,73.56,17.83,980.34,Rain
7.24,56.78,32.32,969.21,Stormy
13.0,51.56,22.1,986.29,Cloudy
21.72,54.25,13.6,984.04,Partly Cloudy
37.68,12.64,7.26,1014.32,Clear
27.56,79.54,15.03,983.55,Rain
11.77,61.48,31.69,998.64,Stormy
11.03,67.87,24.41,1003.36,Cloudy
18.1,31.01,12.24,1012.2,Partly Cloudy
31.49,24.65,7.29,982.58,Clear
21.39,91.38,3.7,995.83,Rain
3.09,62.55,43.14,958.95,Stormy
24.92,69.56,16.15,996.4,Cloudy
16.25,66.44,17.42,1037.83,Partly Cloudy
29.35,33.1,11.48,985.3,Clear
27.28,73.75,19.71,1009.07,Rain
14.05,74.8,41.64,962.3,Stormy
16.3,56.18,19.96,985.42,Cloudy
11.42,43.34,23.74,971.25,Partly Cloudy
34.61,11.88,0.34,1018.59,Clear
23.85,93.29,0.69,1001.52,Rain
13.6,95.92,39.64,978.07,Stormy
10.67,66.86,21.59,984.56,Cloudy
18.08,57.34,8.32,977.1,Partly Cloudy
27.1,11.37,11.91,1001.65,Clear
24.16,87.25,6.79,997.22,Rain
5.43,65.71,33.23,985.61,Stormy
10.2,67.89,19.14,1016.54,Cloudy
25.66,56.91,22.96,1004.82,Partly Cloudy
37.36,16.74,3.36,993.45,Clear
21.78,96.55,7.49,983.81,Rain
12.91,75.77,47.22,976.77,Stormy
17.36,70.45,12.68,965.14,Cloudy
18.09,49.79,29.27,1037.6,Partly Cloudy
37.77,19.47,10.34,1018.56,Clear
20.89,91.05,2.92,970.66,Rain
12.45,82.28,40.01,968.21,Stormy
23.58,68.95,11.8,983.89,Cloudy
15.87,69.13,16.8,1000.62,Partly Cloudy
32.48,36.52,10.41,1004.16,Clear
20.84,70.87,18.98,1007.24,Rain
14.24,97.18,43.69,990.76,Stormy
22.67,68.02,15.87,968.06,Cloudy
29.43,44.05,7.33,1030.75,Partly Cloudy
30.01,20.53,1.79,982.06,Clear
17.9,95.13,5.97,972.54,Rain
0.15,84.78,42.9,981.02,Stormy
15.62,56.25,22.17,1003.22,Cloudy
12.77,49.47,9.2,987.41,Partly Cloudy
36.01,26.14,4.65,988.65,Clear
29.5,95.46,9.2,1005.2,Rain
9.36,68.84,38.02,953.89,Stormy
18.91,58.61,12.27,1010.88,Cloudy
17.34,35.0,5.99,998.34,Partly Cloudy
29.09,22.02,8.16,999.13,Clear
19.12,85.69,6.32,990.36,Rain
12.45,77.28,48.95,966.61,Stormy
22.68,79.48,15.67,1001.53,Cloudy
15.62,56.53,20.67,1038.66,Partly Cloudy
38.22,19.87,13.59,996.28,Clear
26.35,99.44,8.97,1000.99,Rain
7.97,95.03,35.11,977.58,Stormy
16.53,65.49,21.16,965.8,Cloudy
12.19,46.2,16.69,1026.32,Partly Cloudy
37.63,20.26,3.14,1018.31,Clear
15.57,96.17,4.64,1000.09,Rain
14.77,75.11,40.1,997.55,Stormy
17.08,63.47,18.01,980.09,Cloudy
19.05,31.47,10.33,988.23,Partly Cloudy
38.01,27.97,14.35,1010.55,Clear
24.66,99.48,3.73,982.47,Rain
6.05,73.54,41.2,994.77,Stormy
14.38,72.28,12.43,990.35,Cloudy
21.54,66.46,19.67,1028.98,Partly Cloudy
30.66,12.61,11.28,998.79,Clear
20.4,77.06,16.43,1007.26,Rain
9.57,56.84,32.06,957.25,Stormy
19.24,53.47,24.89,1010.56,Cloudy
17.33,48.15,28.43,1019.82,Partly Cloudy
38.41,11.73,11.32,986.76,Clear
25.33,74.0,15.62,990.08,Rain
3.28,93.56,45.64,952.65,Stormy
19.24,59.46,21.74,1003.26,Cloudy
28.68,44.71,20.07,1018.02,Partly Cloudy
32.88,36.71,4.23,980.13,Clear
23.07,75.35,12.95,1006.31,Rain
7.17,90.74,41.17,972.54,Stormy
10.04,60.97,20.35,968.33,Cloudy
19.58,42.07,10.24,1002.75,Partly Cloudy
38.88,11.62,7.67,1014.62,Clear
24.28,79.08,5.64,1008.67,Rain
8.83,99.67,40.73,994.05,Stormy
24.86,71.04,16.08,972.52,Cloudy
16.69,43.76,19.61,1023.23,Partly Cloudy
25.57,36.32,14.96,991.87,Clear
29.31,98.22,4.41,1002.45,Rain
7.99,61.22,42.22,962.98,Stormy
10.61,79.08,15.71,1015.12,Cloudy
20.31,48.64,22.22,1031.75,Partly Cloudy
29.17,23.41,14.39,997.16,Clear
17.63,72.69,17.93,1005.22,Rain
13.08,75.55,41.27,982.99,Stormy
11.04,67.88,14.87,960.82,Cloudy
28.65,42.16,11.25,1035.79,Partly Cloudy
29.72,28.85,7.52,1010.47,Clear
28.23,71.21,3.93,1006.89,Rain
13.26,70.04,43.43,991.64,Stormy
12.64,77.54,13.66,974.73,Cloudy
26.28,34.23,17.59,985.54,Partly Cloudy
37.46,14.42,10.67,1001.91,Clear
27.91,98.07,13.06,1001.39,Rain
6.5,55.61,49.85,985.49,Stormy
21.05,50.5,19.22,989.78,Cloudy
23.79,58.79,10.58,1009.07,Partly Cloudy
39.13,30.9,4.83,989.47,Clear
28.83,96.62,0.77,986.21,Rain
0.73,64.2,41.68,981.46,Stormy
19.51,71.52,11.58,961.14,Cloudy
17.19,36.19,21.02,975.27,Partly Cloudy
37.23,32.58,9.99,1012.68,Clear
26.03,78.15,3.66,1009.72,Rain
3.22,64.45,49.77,998.77,Stormy
21.92,68.87,24.56,991.2,Cloudy
23.91,67.79,13.34,992.16,Partly Cloudy
37.82,14.5,7.61,1017.84,Clear
28.9,80.1,9.66,998.64,Rain
9.4,75.22,43.84,998.36,Stormy
13.77,77.29,15.57,977.64,Cloudy
12.04,66.0,11.47,990.03,Partly Cloudy
38.8,34.17,11.54,985.64,Clear
28.7,72.36,10.95,1003.01,Rain
10.04,74.64,30.68,984.89,Stormy
21.44,51.0,12.26,987.32,Cloudy
26.47,42.55,15.72,1001.79,Partly Cloudy
36.59,24.43,1.1,1011.56,Clear
17.87,86.55,1.5,1007.88,Rain
0.65,57.83,37.98,982.06,Stormy
22.38,52.16,14.5,971.78,Cloudy
22.53,57.41,28.6,978.69,Partly Cloudy
30.12,31.4,3.34,1000.97,Clear
27.69,94.55,11.77,985.84,Rain
3.87,84.49,46.88,965.45,Stormy
13.26,50.44,12.87,976.11,Cloudy
20.17,38.15,11.03,1023.42,Partly Cloudy
35.6,27.35,15.0,1019.45,Clear
28.04,92.8,15.07,985.46,Rain
14.35,51.17,34.36,976.9,Stormy
18.37,63.99,18.26,994.55,Cloudy
29.2,52.09,13.0,1029.24,Partly Cloudy
31.57,24.11,5.7,991.15,Clear
23.98,87.41,7.04,995.46,Rain
4.74,80.58,35.06,956.64,Stormy
10.63,52.18,10.29,974.6,Cloudy
14.91,56.2,15.92,974.28,Partly Cloudy
38.7,33.74,13.87,992.22,Clear
19.94,72.18,17.4,1009.76,Rain
6.99,83.32,33.89,983.56,Stormy
13.0,64.09,10.15,1014.69,Cloudy
25.65,32.3,20.95,1003.48,Partly Cloudy
35.3,11.75,8.76,996.74,Clear
15.99,74.05,10.43,996.55,Rain
2.43,76.76,30.31,995.63,Stormy
19.64,52.21,12.26,960.39,Cloudy
18.46,62.09,20.64,989.72,Partly Cloudy
31.17,17.03,11.96,1000.57,Clear
27.49,95.4,15.87,983.54,Rain
3.18,86.92,30.27,997.42,Stormy
16.61,69.43,12.64,1002.11,Cloudy
29.44,54.61,5.51,981.5,Partly Cloudy
36.75,12.39,8.62,985.64,Clear
24.05,90.61,15.48,985.74,Rain
14.62,63.55,48.57,985.15,Stormy
20.29,70.43,18.03,973.43,Cloudy
21.25,58.01,5.84,1039.78,Partly Cloudy
25.98,12.34,2.05,1009.72,Clear
24.34,79.74,4.31,988.29,Rain
12.99,79.31,41.49,997.23,Stormy
11.86,55.13,20.88,1019.34,Cloudy
10.99,58.15,12.68,998.85,Partly Cloudy
27.31,35.2,4.35,982.55,Clear
19.6,74.83,0.23,990.33,Rain
4.51,96.68,37.21,965.53,Stormy
17.1,66.85,12.85,1008.52,Cloudy
27.43,60.3,7.17,1020.59,Partly Cloudy
25.32,27.82,8.77,1014.53,Clear
18.2,72.72,14.44,997.98,Rain
2.59,51.41,41.65,970.41,Stormy
20.59,74.3,11.66,996.63,Cloudy
23.65,69.37,26.79,1033.39,Partly Cloudy
29.53,32.52,10.17,1014.04,Clear
18.76,98.62,2.6,988.03,Rain
1.65,82.38,31.89,971.89,Stormy
21.11,73.98,13.03,1003.52,Cloudy
23.8,30.43,14.97,991.36,Partly Cloudy
37.53,21.71,5.29,980.45,Clear
22.48,98.47,3.62,1007.64,Rain
2.78,58.17,30.12,989.45,Stormy
11.91,66.14,11.39,974.85,Cloudy
17.2,40.97,29.48,1005.78,Partly Cloudy
26.86,21.18,13.15,1017.28,Clear
20.91,90.97,14.25,973.51,Rain
14.59,76.87,33.75,974.92,Stormy
19.51,67.71,10.39,999.12,Cloudy
20.97,53.8,10.21,984.53,Partly Cloudy
29.14,31.35,12.69,1004.25,Clear
19.43,97.36,7.9,999.75,Rain
1.43,62.85,36.21,997.84,Stormy
14.95,55.69,14.13,1008.41,Cloudy
16.61,46.57,15.28,1000.36,Partly Cloudy
32.56,34.44,11.97,1012.77,Clear
16.52,93.99,2.49,974.81,Rain
14.22,90.97,47.5,977.62,Stormy
24.84,68.32,21.32,996.77,Cloudy
14.64,36.68,13.62,1023.17,Partly Cloudy
27.03,19.45,14.48,994.35,Clear
25.47,85.93,18.06,1008.75,Rain
7.68,95.28,34.61,970.22,Stormy
13.49,69.87,19.88,990.06,Cloudy
23.72,30.89,18.32,973.78,Partly Cloudy
27.87,28.98,8.79,1002.09,Clear
19.54,89.2,19.96,1003.18,Rain
12.58,77.87,43.63,959.67,Stormy
24.06,56.36,12.24,975.36,Cloudy
24.73,46.26,26.87,974.39,Partly Cloudy
33.37,19.93,4.35,993.76,Clear
21.83,80.11,15.47,991.92,Rain
10.12,64.72,46.8,976.44,Stormy
11.02,52.35,19.59,993.37,Cloudy
14.23,59.81,28.08,1015.24,Partly Cloudy
27.53,32.54,8.48,983.35,Clear
23.28,81.65,0.09,1003.78,Rain
7.8,60.86,30.86,987.17,Stormy
22.47,75.14,12.29,1009.97,Cloudy
22.61,30.57,23.07,1029.36,Partly Cloudy
32.97,31.92,7.93,983.77,Clear
19.37,99.18,14.67,1004.28,Rain
14.01,67.34,36.5,995.04,Stormy
20.99,72.09,15.42,961.1,Cloudy
10.39,69.88,18.57,978.55,Partly Cloudy
36.86,16.04,9.11,999.4,Clear
17.4,93.36,4.22,981.97,Rain
8.37,70.52,47.6,996.01,Stormy
17.25,60.78,14.01,979.53,Cloudy
20.89,62.2,9.75,991.75,Partly Cloudy
32.13,12.07,7.78,1008.05,Clear
22.45,79.01,1.81,1006.19,Rain
13.05,68.84,44.58,994.03,Stormy
11.56,74.95,10.48,1000.93,Cloudy
12.67,55.43,23.67,1016.38,Partly Cloudy
35.8,29.79,8.63,1010.65,Clear
18.91,97.37,7.33,970.73,Rain
10.93,71.36,31.32,951.24,Stormy
19.73,78.95,17.6,993.11,Cloudy
16.37,40.27,11.82,971.47,Partly Cloudy
31.74,15.94,10.77,983.49,Clear
28.42,98.1,1.06,994.72,Rain
11.11,55.5,45.59,983.49,Stormy
20.89,78.56,20.4,1004.29,Cloudy
15.23,66.99,27.62,982.57,Partly Cloudy
29.69,13.9,0.04,1013.07,Clear
27.48,77.87,13.83,1005.39,Rain
9.99,68.27,46.6,952.97,Stormy
12.56,61.17,17.23,996.02,Cloudy
13.97,35.62,26.58,978.63,Partly Cloudy
25.47,39.31,1.65,987.94,Clear
23.65,72.4,17.01,994.1,Rain
0.72,89.99,33.19,969.72,Stormy
12.64,77.56,23.0,966.64,Cloudy
20.88,31.56,25.44,1002.51,Partly Cloudy
35.89,24.66,1.81,1014.4,Clear
28.65,95.39,16.36,998.33,Rain
8.16,83.76,37.11,978.03,Stormy
18.53,57.72,14.21,986.42,Cloudy
12.46,42.87,14.53,1029.64,Partly Cloudy
36.22,15.26,1.72,996.98,Clear
17.08,88.52,4.27,994.3,Rain
7.12,93.17,30.38,958.71,Stormy
19.78,51.6,19.14,1018.8,Cloudy
19.41,47.2,7.27,1010.11,Partly Cloudy
38.95,28.77,8.44,987.36,Clear
17.0,70.53,12.97,995.22,Rain
8.76,59.17,31.13,980.17,Stormy
19.14,66.62,23.43,999.32,Cloudy
27.01,69.23,24.31,1038.34,Partly Cloudy
39.35,36.02,1.13,1009.1,Clear
15.74,95.13,16.29,989.59,Rain
4.69,69.88,48.31,985.01,Stormy
11.32,75.84,14.73,1007.58,Cloudy
17.1,31.86,16.93,971.1,Partly Cloudy
26.43,15.82,8.57,1013.87,Clear
24.5,75.62,17.36,1003.15,Rain
7.85,95.63,44.63,992.24,Stormy
21.01,53.16,11.0,976.25,Cloudy
10.17,36.33,11.0,1031.63,Partly Cloudy
39.55,27.92,7.46,989.49,Clear
18.29,99.52,0.52,1003.89,Rain
14.22,86.05,43.41,954.12,Stormy
19.7,56.56,11.31,1005.51,Cloudy
19.79,30.4,23.79,1037.81,Partly Cloudy
27.38,20.25,11.5,986.42,Clear
15.88,95.21,13.53,1007.69,Rain
3.19,68.0,42.09,973.86,Stormy
20.03,66.63,23.36,981.08,Cloudy
11.63,48.65,6.52,1024.29,Partly Cloudy
35.58,34.59,0.19,1006.43,Clear
17.7,80.26,19.25,979.35,Rain
9.77,64.85,44.81,996.48,Stormy
14.27,61.37,24.57,971.97,Cloudy
20.35,65.84,26.52,994.25,Partly Cloudy
25.81,39.46,5.45,1016.48,Clear
26.62,92.57,6.15,1006.05,Rain
6.98,93.25,37.87,988.93,Stormy
22.69,51.41,13.1,1006.92,Cloudy
15.72,49.73,18.01,1001.48,Partly Cloudy
33.17,19.95,11.53,987.01,Clear
21.0,85.18,18.19,995.79,Rain
10.61,52.27,49.79,991.93,Stormy
17.09,79.09,16.89,992.84,Cloudy
16.63,56.3,7.62,986.09,Partly Cloudy
25.41,18.77,8.28,995.83,Clear
19.39,99.52,8.82,981.67,Rain
1.55,63.03,41.19,952.42,Stormy
21.27,55.87,10.25,982.07,Cloudy
26.79,61.2,14.12,974.43,Partly Cloudy
39.33,21.76,5.33,1001.05,Clear
23.94,99.34,15.49,1009.9,Rain
6.06,74.72,49.71,967.84,Stormy
20.62,63.47,17.81,960.73,Cloudy
29.68,50.92,5.55,982.77,Partly Cloudy
30.32,37.55,14.18,1019.86,Clear
25.94,86.74,10.78,993.63,Rain
10.61,70.94,32.43,983.46,Stormy
13.99,75.08,18.09,1014.22,Cloudy
10.63,67.08,15.35,1019.14,Partly Cloudy
33.98,22.89,13.3,998.61,Clear
17.42,73.11,6.28,970.11,Rain
2.21,61.0,34.54,950.56,Stormy
14.99,50.95,18.53,996.47,Cloudy
11.94,53.8,28.61,1039.91,Partly Cloudy
25.04,33.86,0.95,994.14,Clear
19.44,79.65,13.22,990.93,Rain
11.24,62.3,36.17,966.09,Stormy
15.44,79.99,24.62,1006.68,Cloudy
23.86,46.25,17.21,997.28,Partly Cloudy
31.25,34.85,4.43,998.6,Clear
26.62,95.63,13.36,986.82,Rain
0.88,76.47,30.58,952.25,Stormy
19.19,59.1,23.44,1004.55,Cloudy
12.79,58.98,7.8,1006.02,Partly Cloudy
34.77,28.28,13.9,1000.63,Clear
22.82,99.72,2.32,990.37,Rain
7.06,59.12,43.86,979.86,Stormy
17.03,52.93,11.22,988.12,Cloudy
23.64,61.61,8.72,1037.37,Partly Cloudy
32.99,27.03,9.41,1016.9,Clear
17.18,83.09,14.01,996.19,Rain
12.95,59.03,31.18,997.58,Stormy
24.76,75.73,21.02,999.62,Cloudy
11.45,31.66,7.18,977.12,Partly Cloudy
33.21,16.46,6.69,1014.41,Clear
25.43,89.59,4.86,982.79,Rain
5.14,89.83,35.07,979.31,Stormy
22.27,51.64,16.59,1001.95,Cloudy
24.63,67.1,16.05,1022.5,Partly Cloudy
27.26,34.19,1.13,998.43,Clear
25.79,78.76,18.06,971.96,Rain
7.25,64.05,47.72,985.82,Stormy
10.0,70.64,13.15,1006.02,Cloudy
19.79,33.57,26.19,1022.27,Partly Cloudy
26.62,34.49,5.2,1010.86,Clear
25.35,70.0,11.01,1007.27,Rain
9.31,83.23,47.14,978.07,Stormy
19.15,77.23,12.57,994.94,Cloudy
28.27,57.27,29.64,1018.95,Partly Cloudy
26.13,22.86,9.46,989.56,Clear
27.1,98.99,15.72,988.18,Rain
13.76,84.17,42.16,962.14,Stormy
24.55,79.63,23.3,998.54,Cloudy
14.01,39.84,8.38,1036.7,Partly Cloudy
27.87,22.62,9.06,1003.58,Clear
19.38,97.62,7.84,1006.6,Rain
6.51,85.12,37.65,983.15,Stormy
16.21,60.44,16.87,974.12,Cloudy
23.73,59.68,14.37,1024.52,Partly Cloudy
36.47,10.2,11.91,999.08,Clear
24.45,84.22,18.14,995.79,Rain
8.5,89.99,44.11,999.04,Stormy
18.6,51.12,18.48,982.47,Cloudy
25.94,47.52,11.79,1037.2,Partly Cloudy
36.17,22.57,12.04,999.44,Clear
19.44,72.9,10.58,990.81,Rain
11.96,98.42,41.83,952.77,Stormy
20.22,79.57,20.69,1016.56,Cloudy
20.44,36.46,19.63,996.89,Partly Cloudy
35.88,29.06,6.44,1008.56,Clear
25.91,74.31,3.26,976.5,Rain
13.36,53.8,34.67,990.08,Stormy
17.03,77.48,13.15,995.16,Cloudy
15.68,66.82,19.67,999.9,Partly Cloudy
31.9,21.35,10.29,988.93,Clear
25.77,78.25,17.09,1001.56,Rain
13.81,58.06,47.21,965.2,Stormy
12.98,50.1,14.9,1012.25,Cloudy
18.29,47.85,13.45,1029.38,Partly Cloudy
38.38,28.51,4.88,1001.09,Clear
18.66,88.72,18.21,987.88,Rain
7.37,75.59,45.79,970.84,Stormy
16.37,58.08,18.95,1011.72,Cloudy
21.83,54.43,12.83,1020.32,Partly Cloudy
25.51,34.32,10.83,985.16,Clear
16.23,81.26,10.44,972.52,Rain
9.8,58.57,48.6,968.58,Stormy
16.64,74.08,24.62,1015.63,Cloudy
27.97,42.7,25.31,1037.38,Partly Cloudy
37.56,10.46,11.67,1018.17,Clear
26.52,72.45,19.25,979.3,Rain
7.51,69.89,31.75,992.0,Stormy
16.25,61.27,14.62,980.99,Cloudy
14.2,36.92,27.98,1014.83,Partly Cloudy
32.63,18.94,12.45,986.37,Clear
29.57,80.47,12.03,981.64,Rain
11.63,72.77,44.33,981.5,Stormy
24.41,54.95,15.88,1019.84,Cloudy
24.46,52.9,22.45,1004.07,Partly Cloudy
30.94,13.78,7.83,999.56,Clear
18.03,98.07,8.18,979.1,Rain
2.32,76.79,39.79,965.38,Stormy
13.37,51.61,19.62,1006.75,Cloudy
16.81,31.9,9.24,1030.59,Partly Cloudy
38.96,24.36,11.13,993.62,Clear
28.15,81.12,8.66,986.29,Rain
13.83,84.63,33.7,962.38,Stormy
13.46,57.91,19.88,973.81,Cloudy
12.32,45.49,12.27,1013.75,Partly Cloudy
25.98,12.45,12.54,985.04,Clear
24.87,71.94,5.57,985.64,Rain
8.67,76.14,36.29,974.06,Stormy
12.07,72.27,24.16,1012.79,Cloudy
11.17,59.6,28.68,1020.86,Partly Cloudy
28.79,32.27,9.47,982.19,Clear
20.26,93.07,7.3,1004.53,Rain
7.88,55.87,37.22,970.85,Stormy
12.75,76.83,19.54,968.89,Cloudy
27.8,66.48,9.4,1025.53,Partly Cloudy
37.26,18.3,10.64,1016.9,Clear
26.78,72.55,16.42,993.31,Rain
12.92,51.43,30.87,996.96,Stormy
19.22,70.8,10.72,966.44,Cloudy
25.7,45.39,24.07,977.5,Partly Cloudy
37.74,27.62,0.23,986.45,Clear
25.51,86.5,16.26,996.03,Rain
6.51,56.23,40.91,997.0,Stormy
19.23,78.0,18.58,1015.9,Cloudy
15.95,69.88,15.21,1017.66,Partly Cloudy
33.4,22.48,7.24,1015.53,Clear
27.35,95.21,14.44,1002.97,Rain
12.82,69.36,46.85,955.73,Stormy
17.47,53.82,12.39,966.92,Cloudy
25.02,58.43,26.17,984.27,Partly Cloudy
29.22,33.79,10.97,999.55,Clear
20.72,80.41,0.71,1003.65,Rain
14.62,82.41,42.56,971.62,Stormy
11.84,65.42,13.53,1019.11,Cloudy
24.45,47.4,10.12,1015.67,Partly Cloudy
32.06,39.4,9.55,987.81,Clear
23.63,86.95,10.04,994.6,Rain
0.25,95.0,33.48,991.35,Stormy
16.2,73.12,24.27,1018.8,Cloudy
27.99,36.33,26.96,1034.01,Partly Cloudy
30.65,21.84,9.84,998.4,Clear
18.91,70.69,8.8,975.65,Rain
4.23,88.23,48.35,955.33,Stormy
23.43,77.26,11.6,1004.38,Cloudy
18.76,35.26,13.33,1039.14,Partly Cloudy
33.78,33.38,11.33,1016.82,Clear
25.12,83.98,1.88,994.22,Rain
13.26,77.19,48.4,952.01,Stormy
17.34,76.06,22.24,1011.41,Cloudy
11.23,39.88,27.47,1031.29,Partly Cloudy
31.87,23.2,14.53,987.01,Clear
18.2,75.73,4.86,996.43,Rain
14.08,50.55,40.1,950.29,Stormy
17.32,54.9,16.17,989.67,Cloudy
27.81,30.37,20.61,1038.34,Partly Cloudy
27.28,11.4,3.52,1001.52,Clear
19.52,77.35,11.07,996.01,Rain
1.17,76.33,31.62,989.56,Stormy
23.35,67.35,12.22,1017.04,Cloudy
29.87,55.77,17.88,1009.72,Partly Cloudy
25.35,38.19,1.37,1005.76,Clear
15.31,71.52,12.28,994.38,Rain
7.5,65.34,40.33,976.59,Stormy
10.29,58.47,23.5,963.19,Cloudy
24.5,69.84,26.96,991.15,Partly Cloudy
34.05,23.59,11.08,988.9,Clear
28.56,77.06,13.92,977.02,Rain
14.65,87.5,38.4,964.23,Stormy
15.76,75.56,18.83,1006.28,Cloudy
15.5,67.52,29.26,1015.73,Partly Cloudy
33.7,34.64,5.06,1012.52,Clear
29.46,70.66,19.31,1000.75,Rain
5.08,82.41,45.23,978.11,Stormy
22.99,68.09,14.68,1008.95,Cloudy
14.57,47.23,9.68,1017.44,Partly Cloudy
35.21,21.82,0.55,1011.82,Clear
25.02,89.49,14.27,1007.64,Rain
11.94,95.23,35.8,983.75,Stormy
23.05,72.43,20.66,985.47,Cloudy
27.35,69.03,13.13,1036.66,Partly Cloudy
31.33,13.29,13.24,989.9,Clear
20.41,88.62,15.64,996.64,Rain
2.74,65.24,37.3,972.42,Stormy
24.74,75.05,23.19,988.78,Cloudy
16.95,61.43,24.31,985.66,Partly Cloudy
31.85,13.22,6.03,990.93,Clear
26.24,72.19,14.32,996.38,Rain
9.81,88.03,41.74,958.91,Stormy
24.12,68.32,21.05,996.68,Cloudy
16.66,58.02,5.27,1034.14,Partly Cloudy
38.05,16.56,12.79,998.24,Clear
27.36,96.76,8.94,1007.62,Rain
9.85,69.52,38.63,967.54,Stormy
21.15,65.04,21.18,1008.84,Cloudy
10.41,55.21,16.42,1000.56,Partly Cloudy
37.28,26.43,10.69,1015.42,Clear
23.29,92.64,0.54,971.53,Rain
1.25,71.88,49.69,961.77,Stormy
18.13,69.87,14.83,976.73,Cloudy
16.71,57.95,17.94,1003.16,Partly Cloudy
33.88,33.06,11.65,983.61,Clear
23.45,90.07,8.19,983.1,Rain
3.47,98.96,49.92,974.85,Stormy
17.35,56.59,10.59,990.45,Cloudy
28.1,62.74,20.25,1020.81,Partly Cloudy
33.7,39.9,11.7,991.12,Clear
23.72,99.28,19.97,1003.11,Rain
8.82,60.23,44.22,975.18,Stormy
21.62,50.02,13.53,990.3,Cloudy
27.5,36.12,11.65,1016.65,Partly Cloudy
30.35,38.22,1.43,989.62,Clear
16.04,85.14,6.55,995.67,Rain
10.35,53.05,46.33,992.87,Stormy
24.78,78.1,15.99,981.37,Cloudy
24.92,35.36,7.96,991.98,Partly Cloudy
31.82,26.56,0.4,988.45,Clear
25.79,70.6,4.43,1008.94,Rain
9.96,71.74,39.44,952.98,Stormy
17.75,75.64,11.19,1003.94,Cloudy
14.18,42.48,16.42,978.15,Partly Cloudy
39.76,25.44,10.24,1009.68,Clear
27.75,76.47,17.63,1000.15,Rain
2.57,67.34,45.62,998.51,Stormy
14.24,66.92,17.35,984.26,Cloudy
17.1,41.17,24.46,1017.23,Partly Cloudy
38.11,14.66,3.82,1012.91,Clear
21.41,97.04,3.94,988.18,Rain
2.4,73.65,49.94,988.13,Stormy
21.81,76.31,23.43,1004.87,Cloudy
11.53,67.2,28.04,997.75,Partly Cloudy
26.14,31.46,14.95,1009.43,Clear
26.53,81.48,7.33,992.29,Rain
2.94,62.43,40.98,961.1,Stormy
23.59,77.38,11.2,963.29,Cloudy
14.9,40.2,14.71,976.64,Partly Cloudy
33.82,27.34,5.08,1001.74,Clear
25.6,94.79,1.71,983.85,Rain
4.44,56.87,33.12,973.37,Stormy
16.94,56.63,10.41,1004.32,Cloudy
21.09,36.78,26.73,970.07,Partly Cloudy
35.07,12.97,9.17,1006.56,Clear
22.1,82.58,4.9,1005.48,Rain
5.97,66.46,48.33,988.56,Stormy
22.75,73.93,20.46,1019.21,Cloudy
25.02,69.31,20.85,970.49,Partly Cloudy
36.08,37.53,12.63,1015.35,Clear
29.19,86.12,0.22,970.28,Rain
8.17,71.76,38.01,972.56,Stormy
23.77,60.78,23.54,1011.37,Cloudy
19.99,47.88,22.7,1023.27,Partly Cloudy
29.93,13.08,1.97,990.59,Clear
19.42,77.85,19.09,995.51,Rain
10.29,96.33,44.56,989.21,Stormy
16.21,59.74,23.58,1010.78,Cloudy
19.04,30.36,12.13,1025.48,Partly Cloudy
25.15,34.15,10.28,1000.7,Clear
28.72,86.24,5.81,990.13,Rain
4.58,89.83,33.27,972.45,Stormy
11.42,64.19,19.8,987.9,Cloudy
19.42,35.74,27.67,1005.55,Partly Cloudy
27.39,30.69,11.23,1003.75,Clear
17.26,98.25,16.94,994.84,Rain
3.7,86.97,37.95,989.05,Stormy
15.76,69.73,21.03,965.6,Cloudy
10.86,37.62,7.46,1016.49,Partly Cloudy
39.58,36.05,12.29,1005.05,Clear
28.31,77.78,3.9,1003.98,Rain
6.2,77.91,30.6,985.69,Stormy
14.36,68.26,21.63,981.44,Cloudy
23.03,39.38,20.73,980.22,Partly Cloudy
31.76,15.07,4.55,993.05,Clear
16.62,86.41,11.51,1000.55,Rain
12.39,56.38,42.19,971.78,Stormy
20.14,70.87,19.77,1003.74,Cloudy
11.88,57.81,29.84,1020.73,Partly Cloudy
35.4,30.6,13.02,1000.59,Clear
29.95,93.37,1.58,994.5,Rain
10.9,85.43,32.49,988.78,Stormy
19.81,58.87,13.61,1005.62,Cloudy
23.68,41.8,20.83,970.63,Partly Cloudy
26.7,29.78,14.54,1017.02,Clear
18.54,94.28,18.01,984.14,Rain
11.81,53.7,36.75,970.36,Stormy
21.78,62.31,19.04,1001.08,Cloudy
29.51,67.51,23.09,999.94,Partly Cloudy
37.44,36.97,4.53,982.73,Clear
19.8,83.03,9.92,976.77,Rain
9.95,74.87,31.33,983.29,Stormy
23.14,78.17,23.22,997.07,Cloudy
12.63,61.9,15.2,978.34,Partly Cloudy
29.86,27.57,9.56,992.06,Clear
20.51,95.82,4.31,995.36,Rain
5.04,92.37,40.72,969.32,Stormy
19.73,60.43,17.13,977.64,Cloudy
14.3,41.37,12.6,974.35,Partly Cloudy
29.81,38.85,11.81,1003.59,Clear
15.68,73.2,12.47,1002.58,Rain
2.86,70.24,46.87,976.93,Stormy
10.91,67.9,24.67,1003.02,Cloudy
26.14,41.05,24.08,1019.67,Partly Cloudy
35.95,34.6,1.48,1016.15,Clear
16.57,93.89,1.17,980.09,Rain
6.02,90.99,43.44,956.33,Stormy
10.05,53.29,11.25,981.05,Cloudy
26.92,64.56,11.06,1022.89,Partly Cloudy
32.85,15.53,7.74,991.25,Clear
26.03,72.84,18.53,981.87,Rain
6.44,96.94,40.53,999.57,Stormy
14.32,73.72,13.78,969.56,Cloudy
25.7,47.35,21.28,984.11,Partly Cloudy
35.99,13.75,3.32,991.08,Clear
20.7,92.9,13.25,998.55,Rain
0.09,57.11,35.44,961.16,Stormy
12.2,62.31,21.25,964.51,Cloudy
25.75,52.97,27.25,976.28,Partly Cloudy
39.48,16.07,12.63,1008.19,Clear
23.1,79.7,10.25,989.14,Rain
6.01,96.49,34.83,987.19,Stormy
18.78,70.66,15.38,968.41,Cloudy
28.11,52.69,8.07,985.19,Partly Cloudy
32.77,26.43,9.46,993.38,Clear
16.03,74.35,1.24,991.85,Rain
13.21,57.11,37.82,983.7,Stormy
16.0,72.95,20.88,989.97,Cloudy
20.1,53.72,20.18,1023.25,Partly Cloudy
34.23,33.68,5.65,1017.96,Clear
23.66,72.59,8.24,984.35,Rain
12.53,75.67,30.38,986.55,Stormy
16.97,77.04,10.47,973.46,Cloudy
18.67,58.18,16.5,1001.81,Partly Cloudy
35.05,17.63,2.3,1010.08,Clear
20.94,89.68,15.83,1003.13,Rain
10.83,67.95,34.34,956.12,Stormy
22.97,75.72,11.14,1017.09,Cloudy
20.74,55.95,21.1,1019.75,Partly Cloudy
36.55,20.78,3.07,987.18,Clear
15.18,80.51,6.43,973.67,Rain
9.42,94.72,35.05,991.98,Stormy
12.01,55.79,18.24,1018.26,Cloudy
13.65,63.63,27.48,997.66,Partly Cloudy
28.91,21.8,13.39,1000.2,Clear
28.03,87.23,8.07,978.87,Rain
14.63,80.39,39.0,989.05,Stormy
17.98,62.87,22.77,1002.18,Cloudy
20.15,49.23,9.43,993.82,Partly Cloudy
39.09,19.48,10.73,1012.03,Clear
26.86,98.1,17.96,994.93,Rain
2.52,81.34,35.43,988.61,Stormy
21.11,73.35,14.69,1009.87,Cloudy
23.63,42.17,16.57,1021.73,Partly Cloudy
33.96,22.48,2.67,986.48,Clear
16.16,88.54,0.42,1003.95,Rain
0.99,72.87,33.15,986.89,Stormy
14.07,56.96,13.37,983.94,Cloudy
17.05,59.14,7.03,1012.77,Partly Cloudy
34.57,24.31,4.34,1017.38,Clear
25.89,91.93,18.06,978.86,Rain
7.37,83.94,35.16,957.29,Stormy
18.79,59.57,15.61,989.98,Cloudy
22.81,49.49,21.24,970.32,Partly Cloudy
31.33,20.25,3.31,983.77,Clear
18.36,98.06,0.84,987.3,Rain
2.08,53.95,33.73,979.44,Stormy
17.48,61.1,14.81,1008.23,Cloudy
19.17,58.85,24.83,1000.33,Partly Cloudy
34.93,22.32,14.51,1000.16,Clear
24.92,97.15,9.66,977.15,Rain
13.63,66.13,31.94,998.38,Stormy
23.54,63.36,23.19,964.42,Cloudy
15.04,30.89,21.48,979.51,Partly Cloudy
39.67,13.34,2.71,998.48,Clear
26.18,73.54,3.93,979.59,Rain
8.29,93.66,31.16,975.55,Stormy
18.45,73.93,11.09,967.93,Cloudy
13.76,59.84,18.51,1011.42,Partly Cloudy
28.74,19.97,3.61,1018.64,Clear
28.52,87.42,9.35,974.93,Rain
14.23,70.93,35.13,993.17,Stormy
18.56,75.32,17.29,1015.24,Cloudy
22.79,30.12,11.97,987.73,Partly Cloudy
26.4,18.39,14.53,992.84,Clear
25.03,82.78,3.06,1009.52,Rain
7.14,82.35,44.34,952.78,Stormy
11.5,54.21,23.93,969.58,Cloudy
23.66,56.22,12.32,1008.88,Partly Cloudy
34.31,22.3,10.34,985.82,Clear
16.94,75.72,13.2,1002.71,Rain
9.46,70.91,43.81,969.81,Stormy
21.1,65.31,24.34,1018.16,Cloudy
18.25,62.82,17.79,1008.03,Partly Cloudy
25.82,27.22,11.7,1016.02,Clear
26.79,74.8,4.66,984.34,Rain
4.74,78.98,41.21,968.24,Stormy
16.58,58.6,23.38,965.72,Cloudy
10.23,30.07,29.92,1027.88,Partly Cloudy
35.91,10.46,14.58,989.07,Clear
27.13,87.0,0.29,979.47,Rain
0.31,80.6,49.87,951.09,Stormy
12.75,71.32,18.1,969.3,Cloudy
11.61,60.67,7.15,1010.94,Partly Cloudy
37.73,26.41,13.75,1016.86,Clear
28.81,72.33,19.75,974.84,Rain
7.31,61.91,35.29,988.48,Stormy
20.91,75.12,14.11,1007.06,Cloudy
18.03,46.53,9.18,1004.39,Partly Cloudy
31.79,25.32,12.3,1001.27,Clear
22.76,76.92,15.95,996.53,Rain
4.79,82.27,36.84,957.35,Stormy
23.64,77.34,20.54,994.52,Cloudy
27.08,68.34,19.04,1004.29,Partly Cloudy
31.23,12.16,11.86,996.91,Clear
27.07,96.77,10.54,972.06,Rain
1.61,60.04,39.94,995.01,Stormy
21.38,51.93,20.11,985.01,Cloudy
12.67,43.03,21.28,974.52,Partly Cloudy
39.56,34.81,12.68,1018.98,Clear
27.83,87.32,8.13,990.73,Rain
12.27,59.1,48.96,952.81,Stormy
10.06,79.3,14.93,1003.73,Cloudy
23.96,62.72,24.27,987.18,Partly Cloudy
37.07,17.48,3.06,981.68,Clear
18.01,71.96,7.6,999.04,Rain
13.27,62.61,42.78,972.66,Stormy
23.16,65.74,23.01,982.41,Cloudy
16.2,33.18,24.63,1001.15,Partly Cloudy
25.46,27.58,13.93,1003.78,Clear
19.3,78.37,7.14,987.62,Rain
11.05,82.09,46.4,987.95,Stormy
23.84,62.93,13.23,1019.08,Cloudy
24.29,51.36,16.92,1027.18,Partly Cloudy
36.76,37.91,11.64,1009.29,Clear
16.01,76.15,13.86,1008.97,Rain
8.42,68.35,37.38,952.22,Stormy
17.48,56.34,17.63,970.39,Cloudy
21.72,39.6,27.51,1011.12,Partly Cloudy
32.1,35.72,1.39,1017.09,Clear
16.44,84.28,8.52,993.52,Rain
4.9,82.05,49.36,950.1,Stormy
13.48,77.51,13.57,966.54,Cloudy
14.7,69.85,20.99,970.32,Partly Cloudy
38.05,30.17,14.37,994.51,Clear
28.4,83.02,19.35,992.93,Rain
14.74,72.49,36.04,992.37,Stormy
15.58,54.94,19.85,972.55,Cloudy
20.22,39.25,14.33,998.2,Partly Cloudy
39.81,35.61,13.71,995.52,Clear
20.14,90.04,7.81,1008.67,Rain
10.2,64.8,41.48,963.32,Stormy
24.69,63.59,23.72,1016.26,Cloudy
15.08,46.07,17.95,1015.03,Partly Cloudy
26.44,39.81,6.57,1010.11,Clear
24.27,72.63,18.62,989.81,Rain
13.45,66.87,43.95,976.57,Stormy
15.1,51.95,19.02,990.33,Cloudy
10.12,33.82,13.7,984.51,Partly Cloudy
33.12,18.82,13.04,991.05,Clear
17.18,84.86,12.5,1008.11,Rain
10.76,71.56,42.92,951.0,Stormy
19.48,53.31,23.73,987.73,Cloudy
14.1,48.44,25.27,1002.28,Partly Cloudy
37.37,32.78,1.08,994.62,Clear
20.24,90.39,19.3,998.11,Rain
6.8,81.62,33.01,976.96,Stormy
16.92,66.35,15.5,1017.04,Cloudy
29.6,51.69,9.79,986.97,Partly Cloudy
27.13,23.59,6.68,980.88,Clear
29.83,90.1,2.38,1000.39,Rain
7.1,64.31,33.63,994.7,Stormy
16.88,67.64,22.45,990.84,Cloudy
14.63,45.1,18.2,1025.45,Partly Cloudy
31.03,10.88,14.58,1010.14,Clear
24.3,95.7,4.63,990.68,Rain
0.22,82.67,45.64,974.66,Stormy
20.42,79.64,16.41,990.62,Cloudy
15.73,49.07,6.06,1031.1,Partly Cloudy
39.67,39.8,4.97,1003.91,Clear
18.35,78.29,9.5,972.0,Rain
0.86,85.92,33.99,968.6,Stormy
18.17,79.21,17.38,1001.71,Cloudy
25.54,59.5,10.12,1032.42,Partly Cloudy
37.88,19.03,4.22,1017.64,Clear
28.9,98.91,19.49,975.82,Rain
1.29,60.93,49.87,972.21,Stormy
17.33,66.51,24.52,1001.67,Cloudy
25.67,38.97,7.44,991.21,Partly Cloudy
34.67,15.42,13.32,990.3,Clear
19.9,87.0,1.48,985.9,Rain
5.44,70.4,36.49,994.79,Stormy
15.69,73.49,21.97,1005.54,Cloudy
29.08,61.82,25.54,998.53,Partly Cloudy
32.63,18.33,3.36,992.12,Clear
17.17,75.53,17.77,972.53,Rain
13.97,79.34,33.67,992.02,Stormy
23.53,65.19,12.12,964.03,Cloudy
16.18,31.74,6.5,991.65,Partly Cloudy
28.54,17.97,3.53,1019.77,Clear
18.59,90.6,7.74,1004.37,Rain
13.13,67.01,36.59,959.85,Stormy
19.14,61.01,13.55,1000.37,Cloudy
24.02,43.9,18.94,1001.91,Partly Cloudy
35.29,17.16,10.83,1013.44,Clear
18.51,99.25,9.05,996.59,Rain
2.36,76.66,38.59,958.24,Stormy
16.13,71.6,22.33,971.54,Cloudy
16.52,47.76,20.63,1024.06,Partly Cloudy
29.62,21.59,8.92,992.23,Clear
19.99,91.77,2.91,993.19,Rain
4.65,61.07,40.32,969.52,Stormy
17.6,72.64,24.2,971.35,Cloudy
16.86,42.01,25.14,1017.96,Partly Cloudy
30.68,32.41,11.5,1015.35,Clear
15.51,94.82,13.39,1000.98,Rain
11.4,98.97,31.34,971.56,Stormy
16.91,51.39,18.8,977.66,Cloudy
16.19,57.42,15.51,1027.54,Partly Cloudy
38.5,12.4,12.43,1013.6,Clear
19.83,78.96,16.23,982.2,Rain
12.47,66.49,32.78,979.63,Stormy
17.03,79.96,24.21,969.53,Cloudy
26.49,68.89,10.34,982.57,Partly Cloudy
25.25,31.74,2.67,1005.76,Clear
26.87,78.98,8.45,975.4,Rain
1.36,63.16,47.04,968.57,Stormy
21.89,63.28,18.53,1003.47,Cloudy
16.82,59.03,20.48,1017.84,Partly Cloudy
34.27,30.49,13.04,995.38,Clear
17.43,96.52,2.5,983.69,Rain
9.0,68.8,38.62,990.77,Stormy
20.03,59.25,15.82,972.57,Cloudy
22.14,56.28,29.7,1010.47,Partly Cloudy
35.37,37.95,0.92,984.72,Clear
19.66,74.1,10.38,991.03,Rain
8.63,87.26,47.57,998.57,Stormy
11.78,60.16,12.65,975.35,Cloudy
20.89,52.13,22.8,985.91,Partly Cloudy
35.99,10.63,13.35,995.83,Clear
22.8,80.43,4.87,980.15,Rain
1.5,90.86,35.85,954.33,Stormy
10.69,73.44,14.62,962.36,Cloudy
21.47,46.38,11.88,989.76,Partly Cloudy
36.97,39.22,0.59,993.92,Clear
15.55,92.78,15.67,992.09,Rain
10.46,95.38,45.77,994.29,Stormy
17.13,59.24,17.53,990.42,Cloudy
22.21,37.44,16.42,1015.89,Partly Cloudy
34.3,17.19,3.15,997.38,Clear
28.13,84.64,0.82,979.0,Rain
10.14,60.73,40.67,999.48,Stormy
14.33,69.73,22.3,976.51,Cloudy
16.16,69.53,26.11,1012.36,Partly Cloudy
26.09,20.45,9.83,1009.5,Clear
17.91,80.69,12.27,980.54,Rain
5.17,65.45,38.18,960.37,Stormy
12.93,78.88,23.7,969.27,Cloudy
18.57,45.11,20.89,986.19,Partly Cloudy
35.28,24.03,13.78,982.23,Clear
29.7,82.93,9.01,994.55,Rain
4.83,53.87,46.37,972.8,Stormy
10.26,67.46,13.26,1012.85,Cloudy
13.67,60.89,9.8,987.86,Partly Cloudy
30.67,21.78,9.28,1014.96,Clear
21.09,86.03,2.26,1008.16,Rain
3.12,98.13,33.54,997.87,Stormy
12.18,62.63,19.82,962.98,Cloudy
11.55,32.32,28.94,1003.96,Partly Cloudy
31.4,20.69,7.98,1019.92,Clear
20.63,81.58,10.24,977.8,Rain
6.58,63.54,36.22,958.03,Stormy
17.63,51.75,24.21,969.22,Cloudy
20.86,32.54,6.55,1018.52,Partly Cloudy
36.08,32.5,10.98,1006.04,Clear
16.32,91.8,6.79,975.47,Rain
14.14,75.14,31.78,998.37,Stormy
17.16,51.87,11.18,997.81,Cloudy
13.51,40.35,9.1,1022.41,Partly Cloudy
37.7,13.96,5.93,981.41,Clear
29.69,73.31,15.02,974.07,Rain
4.68,85.86,39.2,960.0,Stormy
13.98,63.55,21.43,1006.15,Cloudy
20.32,67.13,11.01,988.46,Partly Cloudy
34.21,28.64,9.12,981.86,Clear
20.62,92.42,11.04,1002.32,Rain
0.03,81.82,34.98,987.44,Stormy
16.97,78.97,13.35,977.89,Cloudy
14.22,52.35,20.22,1036.49,Partly Cloudy
29.55,29.16,8.95,1004.99,Clear
17.39,89.04,0.37,987.21,Rain
8.1,99.46,49.31,967.49,Stormy
11.44,71.97,14.1,966.86,Cloudy
21.42,53.71,20.38,1024.26,Partly Cloudy
33.9,37.37,3.38,998.09,Clear
17.43,82.0,0.85,998.51,Rain
1.94,55.31,34.86,979.26,Stormy
12.49,67.78,14.98,1005.68,Cloudy
21.56,33.92,13.42,1035.46,Partly Cloudy
39.96,39.36,0.3,1011.15,Clear
23.15,72.61,15.79,1005.81,Rain
14.59,80.42,40.38,976.11,Stormy
15.8,64.06,23.99,998.12,Cloudy
21.92,64.28,17.97,1030.39,Partly Cloudy
30.21,29.19,1.22,997.84,Clear
20.67,99.82,13.93,971.94,Rain
12.62,82.44,44.15,978.49,Stormy
16.44,52.74,16.48,1017.74,Cloudy
23.31,51.25,28.82,973.83,Partly Cloudy
36.89,14.47,11.05,1019.27,Clear
22.08,88.34,11.21,974.27,Rain
1.1,77.24,47.49,977.63,Stormy
20.88,57.49,18.6,1013.31,Cloudy
22.13,36.76,28.27,1030.04,Partly Cloudy
36.62,38.22,12.92,992.09,Clear
22.33,74.92,13.68,996.75,Rain
4.3,51.37,38.0,959.99,Stormy
12.51,55.82,24.43,983.48,Cloudy
25.28,42.79,21.14,1036.61,Partly Cloudy
31.83,24.05,3.49,996.43,Clear
20.8,85.84,15.23,991.12,Rain
5.38,85.84,49.24,978.9,Stormy
15.78,77.04,19.56,1009.24,Cloudy
23.09,33.39,7.67,1036.52,Partly Cloudy
33.45,19.9,9.15,997.19,Clear
28.63,83.73,11.86,1009.51,Rain
2.41,59.5,31.01,985.81,Stormy
17.21,54.45,21.25,985.99,Cloudy
19.18,36.54,14.19,987.63,Partly Cloudy
26.04,27.53,0.93,1004.3,Clear
21.03,82.42,11.15,983.35,Rain
5.19,70.82,33.24,989.88,Stormy
19.29,65.17,20.91,978.3,Cloudy
21.02,49.09,25.06,1016.74,Partly Cloudy
39.59,28.88,0.02,1014.98,Clear
22.95,76.44,10.64,973.77,Rain
11.2,70.61,39.79,983.51,Stormy
16.56,58.71,15.25,982.96,Cloudy
22.92,34.64,21.5,976.48,Partly Cloudy
33.19,22.91,6.17,986.1,Clear
26.85,96.69,1.2,998.1,Rain
10.06,62.05,33.92,965.76,Stormy
21.64,69.46,20.02,996.71,Cloudy
14.74,47.79,20.91,1014.33,Partly Cloudy
36.88,18.61,6.6,1010.81,Clear
25.05,83.67,3.59,1007.94,Rain
10.13,78.83,31.32,958.64,Stormy
21.99,54.72,24.68,971.19,Cloudy
24.35,40.02,18.35,1011.37,Partly Cloudy
37.67,31.88,3.17,1013.27,Clear
24.6,71.21,14.27,972.76,Rain
0.37,78.99,37.6,992.02,Stormy
10.67,71.42,20.76,1015.78,Cloudy
21.57,39.2,22.37,971.08,Partly Cloudy
28.47,35.74,7.96,998.65,Clear
26.31,93.38,18.77,995.71,Rain
14.73,97.34,44.11,991.21,Stormy
19.95,53.11,10.09,976.29,Cloudy
12.75,47.57,27.54,980.26,Partly Cloudy
37.09,12.15,12.29,989.96,Clear
27.05,98.36,19.53,1009.9,Rain
6.15,62.52,35.99,987.92,Stormy
22.1,66.02,14.14,1007.64,Cloudy
20.16,52.56,11.66,1036.02,Partly Cloudy
39.05,34.15,11.8,1009.24,Clear
24.08,77.32,17.33,977.58,Rain
10.88,60.66,38.95,980.75,Stormy
12.38,65.96,11.44,976.89,Cloudy
19.34,53.6,15.05,973.28,Partly Cloudy
28.86,10.92,2.09,985.03,Clear
17.74,94.1,2.94,987.58,Rain
1.5,64.9,37.29,989.9,Stormy
12.4,62.12,10.44,993.32,Cloudy
22.55,45.8,21.85,970.68,Partly Cloudy
35.69,28.87,7.94,993.68,Clear
20.81,91.02,1.64,993.34,Rain
9.65,84.36,47.52,968.54,Stormy
22.65,55.25,16.61,1014.26,Cloudy
24.47,62.56,14.98,1005.36,Partly Cloudy
38.73,16.93,5.42,990.28,Clear
27.89,98.16,17.28,978.8,Rain
3.87,98.53,30.14,979.87,Stormy
10.51,54.42,21.51,971.25,Cloudy
14.46,68.77,22.31,1014.53,Partly Cloudy
28.27,36.78,12.97,1006.71,Clear
29.35,73.77,16.07,973.86,Rain
12.99,79.19,43.05,968.3,Stormy
14.58,57.15,13.24,989.29,Cloudy
19.67,68.26,28.54,1028.78,Partly Cloudy
37.09,20.64,13.84,1012.48,Clear
29.21,90.5,0.79,978.45,Rain
2.21,98.28,47.1,973.1,Stormy
16.98,69.82,13.75,961.45,Cloudy
18.73,55.23,24.11,982.01,Partly Cloudy
30.47,34.52,10.2,983.92,Clear
19.4,93.86,13.31,986.09,Rain
14.01,51.03,45.41,950.56,Stormy
19.7,58.79,10.63,989.66,Cloudy
13.85,46.98,16.99,1028.38,Partly Cloudy
33.8,36.21,10.51,992.35,Clear
27.93,76.08,19.6,984.26,Rain
14.75,61.16,35.42,953.32,Stormy
15.97,63.23,23.49,997.13,Cloudy
16.61,64.0,6.05,976.54,Partly Cloudy
32.56,11.79,13.45,995.7,Clear
18.62,91.18,0.9,982.09,Rain
8.35,91.74,42.35,970.47,Stormy
23.5,73.69,21.0,971.63,Cloudy
20.04,59.84,8.2,1004.62,Partly Cloudy
33.55,24.76,13.18,1000.72,Clear
28.42,83.61,10.3,988.23,Rain
7.79,97.52,35.55,982.47,Stormy
17.97,68.82,18.78,998.39,Cloudy
13.55,31.34,15.69,993.65,Partly Cloudy
25.93,34.45,13.7,993.76,Clear
17.32,71.71,3.78,989.29,Rain
14.06,50.52,48.53,970.63,Stormy
15.77,52.79,17.47,978.17,Cloudy
13.7,48.66,26.82,1028.54,Partly Cloudy
25.74,14.83,8.92,991.01,Clear
20.41,95.32,2.01,998.67,Rain
9.37,55.65,33.56,962.75,Stormy
12.6,68.49,12.64,993.82,Cloudy
29.8,46.87,8.01,976.79,Partly Cloudy
33.76,39.37,14.24,1002.88,Clear
21.66,83.08,13.95,990.0,Rain
5.51,93.19,38.8,951.46,Stormy
17.66,68.21,16.41,976.56,Cloudy
19.69,57.48,23.45,1024.15,Partly Cloudy
30.12,39.98,3.9,1013.95,Clear
17.93,79.42,17.02,988.09,Rain
11.68,92.56,41.87,963.6,Stormy
14.25,53.27,12.14,1001.05,Cloudy
23.35,55.92,8.49,1026.72,Partly Cloudy
36.75,39.98,11.28,1014.04,Clear
24.93,82.65,14.48,999.22,Rain
9.47,89.81,32.43,972.44,Stormy
18.39,57.95,10.26,983.07,Cloudy
17.66,62.35,5.25,1007.99,Partly Cloudy
32.05,18.74,6.07,999.1,Clear
28.98,71.24,17.02,997.34,Rain
14.39,58.88,30.87,976.57,Stormy
17.49,53.76,11.71,1010.27,Cloudy
20.27,50.84,21.37,1038.02,Partly Cloudy
29.32,17.22,11.35,985.13,Clear
25.36,88.3,15.26,971.63,Rain
9.63,98.19,36.08,979.36,Stormy
15.72,55.28,20.62,1003.37,Cloudy
14.01,36.34,27.8,975.39,Partly Cloudy
28.5,20.32,6.2,991.22,Clear
25.71,96.12,13.73,977.3,Rain
5.29,99.03,30.14,964.95,Stormy
17.73,54.52,20.47,962.67,Cloudy
24.65,48.43,18.46,1017.38,Partly Cloudy
34.45,27.9,2.99,1006.63,Clear
19.03,83.2,15.49,987.85,Rain
5.51,58.13,34.29,962.57,Stormy
20.97,64.11,16.24,1002.52,Cloudy
27.79,69.34,26.6,1016.89,Partly Cloudy
32.62,38.04,14.88,1013.26,Clear
24.35,93.38,5.18,991.71,Rain
5.32,94.7,41.83,952.8,Stormy
15.59,61.6,22.81,1013.07,Cloudy
21.98,40.92,15.21,1003.28,Partly Cloudy
30.3,13.08,4.53,1001.72,Clear
24.91,79.58,1.05,987.25,Rain
14.89,75.38,40.82,951.21,Stormy
23.06,73.18,12.09,1002.05,Cloudy
23.15,60.65,27.32,1010.07,Partly Cloudy
29.15,17.26,9.38,1014.78,Clear
15.02,80.59,0.55,1004.31,Rain
0.05,64.06,48.03,995.7,Stormy
17.78,66.6,13.66,979.92,Cloudy
26.3,34.25,20.86,1004.11,Partly Cloudy
26.56,25.59,11.14,1003.1,Clear
18.52,78.8,19.66,992.78,Rain
3.26,99.3,46.52,985.72,Stormy
11.34,59.01,15.57,963.46,Cloudy
29.63,34.21,5.15,1009.37,Partly Cloudy
35.69,15.92,5.06,985.18,Clear
26.57,73.2,0.17,979.19,Rain
14.53,79.61,43.03,985.99,Stormy
12.17,67.85,16.02,967.88,Cloudy
21.38,52.36,5.86,978.34,Partly Cloudy
36.97,31.78,1.91,983.27,Clear
28.39,93.07,5.08,1009.85,Rain
7.32,61.82,32.31,981.14,Stormy
11.91,52.16,17.41,1001.62,Cloudy
22.35,65.17,16.54,1021.82,Partly Cloudy
39.77,23.69,14.89,984.5,Clear
15.34,86.5,10.07,982.36,Rain
8.38,62.0,45.12,977.84,Stormy
14.0,61.5,22.31,976.09,Cloudy
24.5,64.85,6.84,981.9,Partly Cloudy
26.79,14.83,14.56,1001.32,Clear
20.36,98.76,18.54,971.53,Rain
2.72,95.62,48.96,952.81,Stormy
13.01,59.08,15.71,989.46,Cloudy
23.35,68.99,23.04,1012.45,Partly Cloudy
26.32,28.83,13.29,998.15,Clear
20.82,90.38,5.19,979.13,Rain
5.64,65.2,30.99,962.69,Stormy
22.55,51.93,11.88,1013.24,Cloudy
11.31,52.52,17.28,1005.17,Partly Cloudy
33.62,18.61,7.54,1006.52,Clear
20.02,94.8,7.87,999.11,Rain
12.71,96.01,34.3,976.84,Stormy
23.74,55.68,14.91,962.91,Cloudy
24.54,66.93,28.8,1014.61,Partly Cloudy
26.39,11.82,14.49,1004.17,Clear
22.54,71.55,4.9,978.85,Rain
5.07,52.18,40.31,995.24,Stormy
20.06,52.02,18.8,963.25,Cloudy
27.75,51.14,25.27,1031.45,Partly Cloudy
26.14,16.06,6.65,1006.31,Clear
19.36,82.56,18.21,987.81,Rain
1.55,63.99,43.97,976.88,Stormy
19.46,78.25,18.36,1007.74,Cloudy
14.29,48.03,25.95,1018.54,Partly Cloudy
39.4,28.16,0.27,1001.08,Clear
16.08,74.68,8.02,972.19,Rain
5.05,81.87,41.92,976.78,Stormy
17.08,58.33,11.3,1017.17,Cloudy
28.78,42.45,7.72,1005.89,Partly Cloudy
26.06,22.89,4.04,1009.67,Clear
23.44,78.36,18.13,985.54,Rain
12.84,75.8,33.86,961.91,Stormy
24.31,56.08,15.53,1008.49,Cloudy
29.71,44.73,20.94,994.61,Partly Cloudy
39.42,39.29,11.32,1008.29,Clear
23.45,92.67,9.72,1004.39,Rain
9.3,76.87,47.8,978.12,Stormy
15.33,56.25,13.12,987.38,Cloudy
19.97,66.14,26.39,1013.22,Partly Cloudy
27.49,37.03,0.48,1004.07,Clear
24.5,98.54,11.65,973.17,Rain
13.73,50.48,39.5,981.55,Stormy
15.2,68.83,21.3,963.16,Cloudy
10.09,42.28,14.43,1005.28,Partly Cloudy
29.61,34.93,13.11,1017.39,Clear
22.84,96.52,8.18,1006.83,Rain
4.25,54.91,48.93,973.95,Stormy
18.41,70.03,12.15,966.77,Cloudy
19.29,68.05,26.94,995.25,Partly Cloudy
26.8,28.51,12.9,1004.02,Clear
15.05,75.7,19.0,978.79,Rain
2.31,51.85,40.57,976.72,Stormy
22.66,78.47,23.95,992.31,Cloudy
24.5,40.58,21.69,1034.99,Partly Cloudy
31.21,30.41,1.71,996.05,Clear
25.78,94.72,4.58,999.15,Rain
14.35,51.26,35.2,966.63,Stormy
10.72,62.17,23.24,997.39,Cloudy
29.79,62.32,23.09,1002.81,Partly Cloudy
37.65,23.96,7.24,1011.4,Clear
20.8,85.78,14.54,997.03,Rain
5.35,78.57,49.53,995.49,Stormy
13.41,55.78,16.22,1000.6,Cloudy
10.48,43.87,24.94,1026.47,Partly Cloudy
32.42,24.18,3.29,1003.18,Clear
22.89,70.33,6.72,989.02,Rain
10.12,81.92,30.15,969.04,Stormy
13.78,69.0,11.61,964.34,Cloudy
22.94,60.23,17.24,992.51,Partly Cloudy
39.19,38.37,12.15,992.3,Clear
23.91,99.26,15.49,989.1,Rain
11.52,74.87,35.22,989.78,Stormy
11.83,62.75,17.51,1016.62,Cloudy
22.71,54.97,14.76,979.28,Partly Cloudy
35.6,39.16,6.16,986.72,Clear
16.43,77.27,10.81,985.07,Rain
3.46,61.38,49.25,988.89,Stormy
14.85,70.64,23.92,975.48,Cloudy
23.46,62.11,19.96,973.45,Partly Cloudy
32.91,18.79,8.7,990.5,Clear
25.6,71.0,3.41,992.7,Rain
2.11,81.16,38.82,965.54,Stormy
15.4,69.45,24.45,988.21,Cloudy
17.05,59.61,17.72,988.01,Partly Cloudy
33.29,19.87,4.19,998.87,Clear
15.09,76.47,15.42,998.0,Rain
4.2,70.4,34.74,951.87,Stormy
21.69,68.18,13.86,972.35,Cloudy
26.34,38.36,21.61,993.39,Partly Cloudy
33.42,23.83,3.3,1015.99,Clear
26.12,74.77,17.41,994.63,Rain
6.87,86.21,32.72,991.02,Stormy
20.59,77.6,12.79,994.58,Cloudy
12.54,40.39,17.83,977.25,Partly Cloudy
26.05,16.7,7.11,997.6,Clear
23.48,91.17,1.61,971.89,Rain
0.91,71.16,44.92,952.09,Stormy
13.35,78.18,16.69,989.18,Cloudy
25.61,58.53,28.38,1012.51,Partly Cloudy
31.33,34.26,12.58,995.2,Clear
18.89,78.68,4.25,997.11,Rain
3.44,65.26,47.79,983.95,Stormy
20.12,74.83,11.03,992.61,Cloudy
12.01,52.18,10.51,992.95,Partly Cloudy
31.99,29.99,12.04,995.4,Clear
26.08,92.05,5.9,1009.41,Rain
9.67,92.77,45.79,978.98,Stormy
16.22,67.71,24.79,963.34,Cloudy
26.0,64.75,9.65,1018.6,Partly Cloudy
25.47,35.94,3.96,995.85,Clear
23.43,82.63,9.68,996.07,Rain
10.46,92.67,36.59,959.78,Stormy
16.55,78.86,15.72,981.92,Cloudy
23.07,46.77,27.36,1036.59,Partly Cloudy
32.7,29.34,10.44,982.32,Clear
25.61,80.78,18.3,978.79,Rain
6.4,82.69,38.28,951.67,Stormy
22.26,61.63,13.15,996.19,Cloudy
18.33,67.11,27.55,1009.65,Partly Cloudy
38.53,38.32,0.05,1015.82,Clear
29.01,74.12,1.11,971.6,Rain
5.23,81.04,30.51,970.12,Stormy
17.15,63.26,14.19,1005.41,Cloudy
14.35,40.24,19.98,991.26,Partly Cloudy
32.07,20.11,5.56,994.97,Clear
29.59,76.99,14.16,1002.72,Rain
0.08,99.66,43.65,987.82,Stormy
16.08,66.66,10.53,975.2,Cloudy
26.72,65.86,24.68,981.37,Partly Cloudy
36.12,15.35,6.34,996.87,Clear
26.4,95.13,11.26,973.79,Rain
11.43,89.31,40.51,957.4,Stormy
22.86,59.56,22.07,985.51,Cloudy
11.79,64.38,5.04,991.78,Partly Cloudy
28.51,12.69,10.39,983.7,Clear
18.21,98.04,9.2,990.66,Rain
6.51,84.63,32.57,972.61,Stormy
23.2,62.85,17.94,964.44,Cloudy
22.95,41.02,21.74,1026.02,Partly Cloudy
34.76,22.62,4.11,1018.48,Clear
23.67,79.27,0.96,999.79,Rain
0.69,90.54,36.82,971.71,Stormy
19.11,71.06,12.78,972.07,Cloudy
29.16,53.59,25.04,997.31,Partly Cloudy
32.88,17.25,5.95,988.27,Clear
27.9,71.84,17.86,978.74,Rain
1.83,81.48,42.12,960.68,Stormy
15.75,53.05,20.25,994.95,Cloudy
23.61,55.48,17.99,1005.02,Partly Cloudy
34.53,30.71,8.8,1006.2,Clear
17.34,76.32,18.39,980.41,Rain
11.39,77.64,32.22,962.6,Stormy
23.48,76.78,21.96,966.64,Cloudy
18.93,42.96,20.36,1021.74,Partly Cloudy
36.7,12.23,4.79,992.74,Clear
19.95,85.07,8.89,981.32,Rain
5.52,86.76,43.07,980.18,Stormy
13.16,59.77,11.63,961.27,Cloudy
15.3,32.62,29.95,1012.18,Partly Cloudy
26.51,34.64,10.05,984.75,Clear
24.65,97.08,6.31,974.56,Rain
1.36,70.37,45.63,995.58,Stormy
20.84,65.99,16.74,1013.01,Cloudy
12.99,63.5,6.34,989.57,Partly Cloudy
26.89,28.27,3.9,1004.28,Clear
25.91,93.21,11.7,1006.82,Rain
11.69,87.65,36.2,962.89,Stormy
17.18,50.57,17.11,977.84,Cloudy
12.16,35.05,23.27,1002.43,Partly Cloudy
37.51,26.39,5.76,998.99,Clear
17.89,74.4,9.3,1001.68,Rain
11.85,85.2,40.21,959.69,Stormy
16.66,62.72,24.73,992.55,Cloudy
26.26,66.15,8.51,972.07,Partly Cloudy
26.27,17.9,9.63,997.68,Clear
22.51,97.1,3.27,1007.59,Rain
12.79,74.09,45.7,972.67,Stormy
11.4,76.47,23.13,1000.25,Cloudy
29.89,50.72,9.16,976.53,Partly Cloudy
29.85,13.11,4.45,1012.61,Clear
29.64,91.08,9.52,976.94,Rain
7.0,74.63,30.62,976.78,Stormy
20.29,64.62,22.23,1007.46,Cloudy
14.61,31.94,29.44,1019.23,Partly Cloudy
31.7,17.79,4.31,986.27,Clear
19.92,82.72,5.46,996.22,Rain
0.76,68.66,39.97,992.78,Stormy
24.47,65.11,12.9,976.55,Cloudy
23.89,51.46,23.88,1012.28,Partly Cloudy
35.89,11.3,7.99,1012.1,Clear
20.88,86.13,2.99,994.5,Rain
6.26,66.78,31.83,967.52,Stormy
12.4,54.85,23.42,982.39,Cloudy
14.12,46.65,24.68,991.81,Partly Cloudy
25.75,15.9,14.89,988.43,Clear
23.56,74.17,3.36,980.89,Rain
1.87,89.86,42.62,974.79,Stormy
14.97,66.61,14.62,975.45,Cloudy
23.04,36.01,26.31,1013.21,Partly Cloudy
26.81,36.92,5.23,983.18,Clear
24.16,86.78,15.98,973.86,Rain
14.6,59.06,41.14,994.76,Stormy
24.04,55.28,10.9,1007.52,Cloudy
27.66,56.97,9.76,995.92,Partly Cloudy
37.25,28.1,6.66,994.42,Clear
27.4,80.17,18.23,973.59,Rain
5.81,67.42,47.95,960.22,Stormy
13.26,69.1,10.52,1012.85,Cloudy
26.58,46.42,14.31,1016.06,Partly Cloudy
35.43,17.63,14.22,980.88,Clear
15.25,94.72,7.84,976.77,Rain
12.34,60.3,39.96,993.29,Stormy
15.49,69.87,15.21,980.48,Cloudy
24.67,42.39,25.19,984.05,Partly Cloudy
37.08,24.93,10.44,1001.07,Clear
22.64,82.51,2.95,1009.8,Rain
8.89,94.29,47.62,984.36,Stormy
15.05,58.16,15.91,1011.08,Cloudy
24.19,35.91,18.72,1022.91,Partly Cloudy
29.03,24.84,0.18,1007.88,Clear
24.56,86.25,15.06,978.81,Rain
4.55,63.84,43.52,973.56,Stormy
23.93,54.24,11.0,983.79,Cloudy
25.17,47.91,13.05,1019.49,Partly Cloudy
37.66,26.04,1.18,1017.74,Clear
22.71,92.99,0.46,994.01,Rain
14.59,64.91,39.71,962.46,Stormy
18.13,72.99,16.6,983.6,Cloudy
20.7,45.78,26.28,1034.02,Partly Cloudy
31.82,10.01,1.87,1016.04,Clear
18.67,74.57,16.06,977.19,Rain
8.69,97.8,39.71,961.57,Stormy
24.66,74.79,12.83,1003.72,Cloudy
25.39,43.9,20.23,1007.14,Partly Cloudy
34.14,31.8,1.03,1006.47,Clear
21.86,89.92,6.26,981.84,Rain
1.87,70.93,35.71,999.34,Stormy
17.97,72.3,23.51,960.81,Cloudy
17.73,64.76,8.64,972.73,Partly Cloudy
29.84,20.36,0.17,1013.91,Clear
24.62,73.94,15.57,1002.93,Rain
7.5,60.63,33.13,981.72,Stormy
12.85,68.8,23.37,1019.47,Cloudy
21.86,51.54,18.68,1039.89,Partly Cloudy
31.3,37.29,1.46,989.37,Clear
24.51,72.88,8.47,984.93,Rain
8.21,99.58,37.52,961.05,Stormy
11.98,68.23,17.23,1003.66,Cloudy
14.92,54.84,9.28,1007.74,Partly Cloudy
31.09,23.06,12.74,1019.3,Clear
26.02,96.66,18.07,999.42,Rain
0.82,72.8,41.67,987.34,Stormy
12.63,60.21,13.92,979.07,Cloudy
16.86,50.59,23.55,1029.84,Partly Cloudy
37.53,36.51,5.19,996.65,Clear
15.86,97.91,14.82,972.63,Rain
5.67,97.44,46.33,970.98,Stormy
14.24,58.97,24.97,995.73,Cloudy
20.35,67.45,24.9,1025.04,Partly Cloudy
31.54,21.6,14.46,987.68,Clear
29.39,92.41,4.9,981.85,Rain
14.83,53.33,37.11,992.18,Stormy
16.28,74.96,15.31,965.44,Cloudy
29.04,57.96,23.94,1022.85,Partly Cloudy
25.91,16.1,5.52,999.65,Clear
21.16,93.44,13.21,970.59,Rain
0.0,53.15,46.82,970.41,Stormy
12.17,66.64,13.44,1000.71,Cloudy
20.25,66.46,8.93,1005.86,Partly Cloudy
34.42,27.77,1.36,981.08,Clear
17.35,74.09,9.08,980.38,Rain
5.58,94.53,47.52,980.61,Stormy
17.91,52.7,22.33,987.8,Cloudy
13.88,33.65,14.72,993.06,Partly Cloudy
29.59,14.06,10.23,990.03,Clear
20.79,88.98,10.98,991.45,Rain
3.73,76.08,38.63,951.18,Stormy
18.59,55.46,13.29,975.39,Cloudy
11.41,43.91,13.85,1038.53,Partly Cloudy
31.91,29.59,14.25,1005.94,Clear
27.86,93.82,4.62,1008.07,Rain
9.26,94.36,49.55,981.21,Stormy
11.51,63.18,15.69,1018.64,Cloudy
24.79,31.22,28.37,1018.64,Partly Cloudy
30.74,10.64,13.38,981.12,Clear
25.84,73.2,16.1,972.18,Rain
12.15,56.03,45.6,965.08,Stormy
17.88,78.7,20.15,988.86,Cloudy
20.2,67.72,10.74,997.91,Partly Cloudy
29.9,35.58,5.31,999.92,Clear
23.16,74.0,5.61,970.21,Rain
9.08,85.58,48.53,991.33,Stormy
16.18,72.22,10.86,964.48,Cloudy
12.5,47.94,12.17,984.79,Partly Cloudy
34.72,20.76,6.19,1002.29,Clear
17.53,72.22,1.15,979.45,Rain
9.28,89.79,37.74,966.99,Stormy
22.24,56.68,17.52,967.15,Cloudy
22.92,53.99,6.42,1019.97,Partly Cloudy
31.42,17.16,13.09,1010.36,Clear
19.22,72.86,2.08,980.14,Rain
4.84,76.91,37.99,998.68,Stormy
13.3,55.0,12.89,970.38,Cloudy
25.25,32.44,18.07,1039.82,Partly Cloudy
33.16,20.73,7.07,1007.61,Clear
19.94,77.95,5.82,1007.03,Rain
6.55,67.52,33.72,954.31,Stormy
12.84,70.81,21.73,984.4,Cloudy
24.18,37.68,23.57,1009.4,Partly Cloudy
34.5,28.0,0.85,1009.58,Clear
25.97,78.18,4.85,992.87,Rain
12.58,74.03,45.88,982.15,Stormy
23.43,71.96,22.82,968.93,Cloudy
22.37,54.38,11.22,1034.49,Partly Cloudy
28.59,25.4,6.71,1010.03,Clear
24.51,83.58,16.45,994.42,Rain
2.71,84.77,38.94,989.37,Stormy
14.85,50.41,14.92,1007.83,Cloudy
17.15,43.44,22.56,1004.91,Partly Cloudy
36.58,21.78,10.81,1006.52,Clear
19.45,72.9,13.54,1005.79,Rain
9.72,52.95,41.32,990.89,Stormy
22.72,79.24,22.84,1017.43,Cloudy
10.22,65.43,26.28,975.25,Partly Cloudy
29.2,28.3,11.57,981.52,Clear
16.68,82.32,13.91,1002.7,Rain
0.09,70.15,43.47,952.1,Stormy
24.53,69.66,15.33,973.46,Cloudy
29.53,38.96,15.01,1009.31,Partly Cloudy
36.52,36.02,9.91,993.63,Clear
23.24,78.35,10.77,980.88,Rain
2.31,90.54,31.89,953.45,Stormy
15.13,53.54,16.0,988.54,Cloudy
24.44,68.12,9.49,1022.75,Partly Cloudy
39.03,21.76,6.32,998.97,Clear
19.21,96.85,11.57,983.29,Rain
3.6,89.87,35.93,988.71,Stormy
20.22,71.12,19.01,993.75,Cloudy
21.49,33.27,16.74,1016.92,Partly Cloudy
31.58,35.8,3.77,980.93,Clear
16.82,71.06,19.77,981.03,Rain
4.05,83.19,42.04,955.91,Stormy
24.77,58.76,24.96,1010.88,Cloudy
21.77,42.38,26.12,1017.15,Partly Cloudy
27.57,23.58,4.25,992.77,Clear
27.91,82.65,12.07,983.56,Rain
3.29,61.49,38.19,976.01,Stormy
14.42,51.62,22.25,991.25,Cloudy
27.03,39.42,26.4,1011.97,Partly Cloudy
31.13,37.96,3.12,1016.12,Clear
18.88,75.41,18.16,977.84,Rain
13.97,52.59,41.28,979.68,Stormy
15.86,68.95,12.55,1016.84,Cloudy
12.41,31.34,13.44,995.47,Partly Cloudy
31.46,25.1,5.88,1010.31,Clear
19.96,94.81,4.66,1003.99,Rain
4.72,91.26,36.52,953.97,Stormy
16.73,55.61,16.37,970.79,Cloudy
25.09,63.61,6.85,1038.55,Partly Cloudy
28.25,32.7,4.92,1001.62,Clear
18.08,78.41,3.54,987.17,Rain
14.46,55.38,46.84,999.28,Stormy
16.35,72.19,13.2,1000.29,Cloudy
16.78,50.52,18.57,1014.65,Partly Cloudy
32.09,23.29,6.52,999.93,Clear
23.12,96.64,14.45,995.31,Rain
8.96,82.15,30.54,978.92,Stormy
24.99,51.01,11.58,983.71,Cloudy
11.94,61.74,25.03,999.81,Partly Cloudy
29.09,17.69,9.24,990.05,Clear
27.22,83.57,19.47,985.17,Rain
1.75,74.33,31.96,970.42,Stormy
14.02,50.85,19.12,1012.62,Cloudy
26.3,50.86,22.52,1011.97,Partly Cloudy
38.62,12.75,10.64,993.24,Clear
29.38,99.42,3.87,995.52,Rain
1.79,97.3,33.9,971.7,Stormy
24.01,53.14,19.38,1003.77,Cloudy
11.75,43.55,20.11,980.5,Partly Cloudy
32.16,10.13,5.24,1019.03,Clear
18.87,76.67,19.98,976.35,Rain
4.43,70.28,42.84,993.57,Stormy
15.53,76.95,13.42,1004.98,Cloudy
22.87,66.9,23.34,1004.75,Partly Cloudy
39.57,30.71,3.67,984.1,Clear
23.93,78.27,8.11,1008.3,Rain
6.86,85.08,37.64,976.21,Stormy
11.15,67.89,20.29,1012.05,Cloudy
17.63,35.11,28.54,1027.14,Partly Cloudy
30.82,31.86,7.53,996.43,Clear
27.55,72.5,4.29,991.21,Rain
5.1,82.22,41.88,951.36,Stormy
14.25,70.08,21.04,968.49,Cloudy
22.91,68.85,12.08,1033.79,Partly Cloudy
25.41,29.66,0.41,1004.12,Clear
16.84,87.54,18.13,1006.47,Rain
2.27,69.23,39.39,952.16,Stormy
21.3,73.7,11.44,989.94,Cloudy
17.63,67.28,12.99,986.07,Partly Cloudy
36.2,32.01,5.82,1016.49,Clear
22.72,84.02,15.39,1007.11,Rain
12.47,56.65,38.66,989.59,Stormy
10.35,51.8,15.58,1000.67,Cloudy
27.36,59.37,22.17,971.52,Partly Cloudy
27.89,22.68,13.09,1004.99,Clear
21.84,94.25,8.29,1001.32,Rain
7.51,85.02,47.82,951.56,Stormy
21.55,57.48,12.69,1018.87,Cloudy
28.28,42.98,16.41,1023.42,Partly Cloudy
36.05,14.67,1.5,990.78,Clear
27.98,78.89,16.4,997.78,Rain
13.52,55.31,33.95,994.65,Stormy
21.05,71.87,13.31,960.51,Cloudy
19.84,46.8,13.99,1034.3,Partly Cloudy
39.05,23.78,11.06,1018.57,Clear
27.44,73.15,2.85,993.45,Rain
4.46,81.18,30.78,986.31,Stormy
17.96,66.96,17.51,964.73,Cloudy
24.28,32.13,19.41,1023.22,Partly Cloudy
37.5,16.54,1.42,1013.33,Clear
21.06,75.98,14.1,1005.04,Rain
0.38,50.48,32.87,964.56,Stormy
19.45,69.91,24.28,1016.52,Cloudy
23.18,30.23,17.83,995.13,Partly Cloudy
32.49,28.1,13.28,1018.42,Clear
16.63,77.98,16.49,1003.32,Rain
4.13,86.53,39.47,983.6,Stormy
13.02,76.66,12.53,1000.67,Cloudy
24.1,59.66,10.57,1032.08,Partly Cloudy
39.83,14.6,9.86,1004.03,Clear
21.28,84.25,12.91,1005.64,Rain
7.46,56.42,32.5,950.37,Stormy
24.34,72.92,10.54,1018.03,Cloudy
23.6,31.77,14.52,1024.74,Partly Cloudy
26.44,27.04,9.89,991.2,Clear
24.87,91.15,7.73,1009.7,Rain
6.98,90.23,30.75,978.92,Stormy
22.65,51.54,11.53,970.25,Cloudy
11.56,31.03,16.06,973.85,Partly Cloudy
28.79,13.8,3.39,1006.35,Clear
15.28,82.55,6.37,982.42,Rain
6.68,83.45,48.75,980.82,Stormy
17.77,64.18,21.33,972.8,Cloudy
12.82,49.65,21.46,999.49,Partly Cloudy
38.76,38.4,3.93,986.71,Clear
27.17,85.55,14.21,988.12,Rain
9.03,98.54,39.32,979.2,Stormy
18.14,74.26,19.71,996.76,Cloudy
29.43,54.74,22.28,996.62,Partly Cloudy
34.89,10.42,11.14,998.69,Clear
22.49,93.39,19.67,988.04,Rain
4.39,54.61,40.83,971.5,Stormy
15.24,57.27,15.66,1000.32,Cloudy
22.63,61.16,14.38,1023.27,Partly Cloudy
33.52,23.49,13.18,1014.83,Clear
20.16,72.75,7.34,976.7,Rain
8.46,82.84,43.35,966.57,Stormy
24.07,69.56,18.7,969.51,Cloudy
20.84,64.83,15.57,994.52,Partly Cloudy
33.98,25.73,0.61,1008.76,Clear
23.45,73.65,13.23,982.61,Rain
2.36,65.44,43.02,985.15,Stormy
11.37,67.32,13.78,968.84,Cloudy
19.18,34.37,9.13,1039.56,Partly Cloudy
36.72,34.9,6.43,1019.78,Clear
28.11,98.73,9.59,976.92,Rain
0.9,81.04,34.08,979.07,Stormy
21.97,51.12,10.4,1008.37,Cloudy
23.14,33.15,23.05,987.59,Partly Cloudy
29.21,25.34,0.74,1016.61,Clear
27.17,71.96,2.39,975.07,Rain
14.91,59.01,49.82,994.84,Stormy
15.76,68.93,15.89,1006.75,Cloudy
13.24,47.35,24.52,1024.03,Partly Cloudy
28.46,15.25,0.66,1016.82,Clear
26.02,71.39,18.11,1003.52,Rain
4.46,53.7,35.97,974.03,Stormy
16.26,69.95,15.35,972.59,Cloudy
25.65,55.75,21.61,992.84,Partly Cloudy
36.48,27.77,0.0,989.58,Clear
27.04,94.68,1.53,997.9,Rain
8.78,91.05,33.96,969.48,Stormy
18.81,74.79,18.95,962.93,Cloudy
22.86,54.09,20.78,1015.5,Partly Cloudy
26.96,17.05,0.27,1004.76,Clear
24.52,89.96,11.96,979.57,Rain
8.01,63.03,48.19,973.15,Stormy
16.4,68.9,11.17,962.12,Cloudy
11.63,61.13,10.69,994.52,Partly Cloudy
36.21,15.1,6.46,989.86,Clear
19.97,87.56,7.86,983.51,Rain
12.94,94.23,47.3,991.39,Stormy
18.55,69.39,21.78,993.43,Cloudy
21.02,34.44,24.01,1026.67,Partly Cloudy
37.3,15.71,4.44,990.86,Clear
22.62,74.02,3.64,985.42,Rain
3.97,85.32,30.46,992.74,Stormy
18.49,51.08,20.58,965.11,Cloudy
24.71,62.56,26.5,1003.2,Partly Cloudy
27.5,17.49,11.96,985.38,Clear
18.43,74.67,1.54,994.92,Rain
0.67,55.34,43.94,950.01,Stormy
18.43,56.3,22.16,973.98,Cloudy
20.04,57.94,10.94,1001.69,Partly Cloudy
39.56,26.97,6.09,985.24,Clear
19.94,76.42,17.62,1007.34,Rain
2.99,67.61,34.17,988.12,Stormy
18.87,70.99,20.6,999.24,Cloudy
24.13,68.59,26.96,994.25,Partly Cloudy
25.33,18.65,9.77,981.95,Clear
16.51,95.37,0.58,995.86,Rain
10.72,93.1,30.61,983.06,Stormy
22.87,71.97,14.93,982.71,Cloudy
19.6,64.68,7.52,987.64,Partly Cloudy
37.97,10.79,4.59,1016.44,Clear
22.62,73.97,15.0,1006.09,Rain
13.86,84.16,36.17,959.23,Stormy
17.3,68.22,15.76,1015.59,Cloudy
24.06,68.44,26.57,980.67,Partly Cloudy
31.31,31.97,5.01,991.74,Clear
15.41,99.14,1.88,1002.54,Rain
14.99,80.25,31.33,992.69,Stormy
15.84,70.09,17.33,966.39,Cloudy
18.85,38.64,29.18,991.02,Partly Cloudy
29.33,16.4,10.06,1001.45,Clear
25.88,92.63,7.88,971.47,Rain
11.61,95.24,31.05,980.11,Stormy
15.95,52.23,10.95,1004.91,Cloudy
13.71,46.68,15.16,1002.39,Partly Cloudy
31.95,31.4,8.22,994.77,Clear
19.55,80.61,9.81,994.55,Rain
10.85,78.03,38.87,990.18,Stormy
17.37,70.1,15.79,973.27,Cloudy
22.5,31.16,19.97,1000.59,Partly Cloudy
39.51,36.31,7.61,991.23,Clear
15.85,77.22,2.47,1000.99,Rain
3.87,97.2,45.64,991.19,Stormy
22.97,72.49,17.75,967.24,Cloudy
18.88,42.45,16.6,1028.38,Partly Cloudy
25.9,18.25,13.31,989.14,Clear
24.71,86.81,13.0,990.27,Rain
11.32,77.72,49.54,996.91,Stormy
24.93,70.08,16.07,1015.96,Cloudy
27.19,66.37,25.77,1033.29,Partly Cloudy
31.1,14.77,11.51,993.36,Clear
18.49,84.35,12.08,992.62,Rain
14.04,83.07,41.64,989.31,Stormy
22.5,57.91,23.89,972.59,Cloudy
23.87,56.86,14.42,1002.71,Partly Cloudy
33.34,13.62,6.83,998.19,Clear
23.08,89.04,13.04,1008.29,Rain
13.26,77.82,31.4,981.35,Stormy
12.0,67.39,21.98,983.74,Cloudy
20.86,65.29,8.69,1038.06,Partly Cloudy
30.92,29.95,4.01,992.22,Clear
27.21,99.41,10.47,1000.95,Rain
6.64,76.98,40.06,973.14,Stormy
13.05,77.11,20.21,1005.27,Cloudy
29.0,41.38,25.65,975.68,Partly Cloudy
39.98,27.35,11.71,982.35,Clear
16.11,86.2,18.3,981.1,Rain
6.77,94.92,37.75,964.95,Stormy
24.21,56.04,15.83,994.71,Cloudy
25.48,35.17,22.47,1000.61,Partly Cloudy
31.11,11.76,7.55,1008.2,Clear
15.17,88.38,2.22,1006.8,Rain
8.86,86.43,30.45,953.54,Stormy
16.96,73.74,22.55,969.64,Cloudy
23.13,43.29,29.14,1006.11,Partly Cloudy
28.25,24.99,2.07,1004.98,Clear
15.65,70.4,1.48,982.99,Rain
12.06,99.87,38.65,953.07,Stormy
10.39,54.02,15.91,979.38,Cloudy
28.8,45.83,11.14,1004.74,Partly Cloudy
25.0,36.98,14.46,983.27,Clear
16.96,88.15,2.77,1009.98,Rain
6.36,89.02,43.8,951.61,Stormy
11.21,57.1,23.61,969.6,Cloudy
13.61,31.62,13.65,1011.13,Partly Cloudy
31.09,13.57,9.02,1009.93,Clear
20.46,75.15,15.57,993.74,Rain
4.69,51.29,43.65,960.72,Stormy
24.84,50.4,10.93,978.37,Cloudy
16.33,46.24,7.01,1034.46,Partly Cloudy
36.66,21.87,7.7,1012.45,Clear
15.59,98.39,11.95,973.31,Rain
13.17,53.99,46.49,977.69,Stormy
24.79,71.73,20.49,976.7,Cloudy
24.12,58.0,7.18,1029.8,Partly Cloudy
26.63,29.22,6.99,1018.16,Clear
29.41,98.14,18.2,1006.12,Rain
13.47,90.99,30.49,984.75,Stormy
11.98,54.03,11.75,961.41,Cloudy
28.39,56.55,24.83,991.85,Partly Cloudy
32.33,14.26,5.08,1015.38,Clear
25.48,78.72,16.33,990.0,Rain
2.35,98.86,40.68,953.51,Stormy
23.74,78.37,12.16,973.93,Cloudy
24.49,31.68,24.91,1003.97,Partly Cloudy
33.4,15.64,13.82,999.48,Clear
24.26,91.64,3.77,983.45,Rain
3.83,76.66,40.84,964.01,Stormy
20.62,72.03,21.26,969.88,Cloudy
23.45,30.48,21.16,974.12,Partly Cloudy
30.76,14.38,2.39,981.78,Clear
29.36,91.83,18.83,991.11,Rain
9.29,86.28,41.78,964.13,Stormy
12.15,62.13,13.25,961.99,Cloudy
11.5,45.51,14.45,1029.01,Partly Cloudy
37.47,29.69,3.55,1000.38,Clear
28.83,71.63,12.42,997.56,Rain
6.62,62.02,47.46,971.53,Stormy
22.55,78.24,15.81,978.47,Cloudy
10.37,67.72,15.1,993.06,Partly Cloudy
38.62,25.8,2.64,1002.65,Clear
22.48,97.55,5.1,992.35,Rain
0.47,66.82,30.85,978.63,Stormy
19.15,65.7,10.43,1007.01,Cloudy
25.62,50.84,29.13,995.94,Partly Cloudy
27.4,26.24,7.91,992.84,Clear
23.28,72.68,12.69,996.45,Rain
11.54,54.53,43.0,964.86,Stormy
12.05,70.33,15.02,963.54,Cloudy
26.93,60.97,26.76,1015.13,Partly Cloudy
35.64,25.58,10.42,1019.19,Clear
24.02,82.27,5.91,1006.1,Rain
0.14,59.84,36.38,955.48,Stormy
22.39,69.55,21.83,970.14,Cloudy
20.08,50.51,26.62,995.35,Partly Cloudy
29.77,12.82,10.73,992.11,Clear
24.86,75.64,13.22,974.47,Rain
10.15,68.31,49.56,992.14,Stormy
13.08,67.31,20.7,960.32,Cloudy
18.29,37.73,25.27,1022.66,Partly Cloudy
26.67,11.23,9.39,993.36,Clear
26.9,86.38,16.0,993.23,Rain
7.93,80.56,47.61,975.81,Stormy
13.53,57.92,22.29,967.68,Cloudy
18.24,43.92,28.17,1038.69,Partly Cloudy
39.58,14.27,4.93,1015.65,Clear
15.19,81.74,2.16,990.37,Rain
8.07,90.97,37.05,968.88,Stormy
15.08,77.69,16.68,962.93,Cloudy
15.29,65.75,15.29,976.72,Partly Cloudy
31.1,36.65,9.67,988.62,Clear
17.02,98.62,12.53,993.72,Rain
6.51,67.11,42.08,960.63,Stormy
24.32,60.79,12.23,1012.99,Cloudy
28.72,44.02,16.57,996.58,Partly Cloudy
35.77,31.59,7.85,999.18,Clear
15.45,79.13,11.17,983.84,Rain
8.37,85.49,34.7,985.85,Stormy
21.55,50.59,11.53,1002.97,Cloudy
24.59,51.08,22.27,1000.61,Partly Cloudy
25.55,16.7,12.71,1004.66,Clear
20.72,77.76,12.45,990.75,Rain
6.3,93.84,30.72,976.17,Stormy
13.35,63.52,13.3,1001.86,Cloudy
29.53,42.74,5.47,1007.27,Partly Cloudy
38.27,33.67,14.0,987.82,Clear
19.74,90.77,14.82,1002.76,Rain
13.76,93.21,33.65,999.73,Stormy
14.57,69.09,18.02,1003.98,Cloudy
11.48,63.66,15.14,1037.26,Partly Cloudy
28.37,10.58,10.5,989.49,Clear
28.67,72.81,13.91,992.13,Rain
4.15,78.49,46.75,985.76,Stormy
16.79,72.44,13.2,978.11,Cloudy
13.75,44.35,12.07,972.51,Partly Cloudy
34.78,29.44,4.31,982.94,Clear
23.54,79.56,14.26,986.72,Rain
0.14,63.82,32.55,957.12,Stormy
24.39,61.3,21.01,991.63,Cloudy
10.95,39.64,26.55,1028.25,Partly Cloudy
30.59,21.25,4.43,1010.28,Clear
16.76,77.73,1.04,985.49,Rain
7.18,87.0,31.44,975.69,Stormy
16.6,71.27,10.9,963.49,Cloudy
17.41,37.8,19.53,1035.43,Partly Cloudy
29.31,31.14,1.98,995.0,Clear
18.56,89.28,5.45,972.08,Rain
3.12,60.06,46.52,984.14,Stormy
20.74,69.37,10.88,1014.99,Cloudy
13.35,46.58,15.45,996.07,Partly Cloudy
28.1,14.49,13.92,1000.37,Clear
20.88,71.3,5.82,998.25,Rain
3.68,66.21,46.38,986.19,Stormy
18.82,59.67,11.86,978.63,Cloudy
28.67,55.53,21.56,971.89,Partly Cloudy
31.71,39.18,2.57,1012.76,Clear
25.8,84.57,13.97,977.48,Rain
8.21,51.52,42.7,982.33,Stormy
12.16,60.47,12.08,995.15,Cloudy
27.05,31.1,7.9,977.2,Partly Cloudy
32.92,28.6,4.33,996.15,Clear
27.14,72.05,0.78,981.21,Rain
0.21,67.67,35.37,959.74,Stormy
22.31,54.89,20.13,1006.81,Cloudy
16.53,51.86,8.21,1001.11,Partly Cloudy
38.61,27.09,12.36,1015.21,Clear
16.2,76.22,16.62,975.81,Rain
12.94,76.4,32.71,955.21,Stormy
22.2,77.88,10.17,971.97,Cloudy
16.62,31.22,17.29,1027.96,Partly Cloudy
34.63,22.34,3.33,993.82,Clear
26.56,90.87,6.42,984.43,Rain
0.02,53.18,40.29,981.16,Stormy
16.52,74.83,15.77,990.23,Cloudy
13.23,62.83,7.31,1010.34,Partly Cloudy
34.73,22.75,13.78,1012.46,Clear
24.01,91.95,11.21,972.26,Rain
11.33,74.84,47.98,979.68,Stormy
12.97,52.95,22.34,1001.44,Cloudy
27.01,55.67,22.52,1028.32,Partly Cloudy
26.31,32.86,3.55,987.17,Clear
20.92,79.44,3.39,982.87,Rain
4.41,50.98,45.37,973.65,Stormy
22.93,74.61,20.96,984.99,Cloudy
15.76,32.22,21.22,1017.32,Partly Cloudy
37.02,28.48,12.8,986.28,Clear
24.41,94.23,5.96,1000.96,Rain
1.12,58.83,34.87,954.64,Stormy
16.89,77.2,20.78,1012.32,Cloudy
10.48,43.66,8.23,1017.76,Partly Cloudy
37.02,37.44,10.59,994.16,Clear
17.22,90.72,3.02,970.86,Rain
10.65,85.59,39.55,982.06,Stormy
20.12,73.21,23.33,1017.99,Cloudy
25.89,57.79,8.02,1010.19,Partly Cloudy
27.48,34.61,9.22,1012.13,Clear
21.58,70.78,8.41,983.09,Rain
7.29,96.47,40.38,955.44,Stormy
15.52,79.7,16.58,1011.71,Cloudy
29.99,50.56,18.9,981.7,Partly Cloudy
28.39,29.09,11.79,1017.5,Clear
19.1,78.91,5.72,972.77,Rain
1.39,74.97,45.02,985.42,Stormy
10.89,60.2,11.56,977.29,Cloudy
17.25,41.97,27.08,1014.41,Partly Cloudy
31.82,32.4,13.42,985.84,Clear
17.29,75.76,6.19,974.26,Rain
8.29,99.4,37.61,989.67,Stormy
18.64,68.7,21.05,1009.36,Cloudy
21.39,56.77,8.33,1022.21,Partly Cloudy
28.01,30.66,6.14,1014.02,Clear
29.7,76.48,7.57,986.67,Rain
13.95,64.27,33.74,973.54,Stormy
17.82,75.72,22.16,978.24,Cloudy
28.23,32.92,11.38,1022.95,Partly Cloudy
27.63,28.03,5.92,1008.22,Clear
15.59,97.26,5.43,999.23,Rain
7.45,51.39,40.45,966.96,Stormy
17.76,56.25,14.48,1006.6,Cloudy
21.61,40.86,10.19,999.76,Partly Cloudy
34.5,22.77,0.42,980.64,Clear
22.07,75.5,8.16,993.4,Rain
9.82,97.62,45.75,976.44,Stormy
21.3,77.65,22.41,972.84,Cloudy
28.11,45.71,28.8,991.97,Partly Cloudy
34.41,21.42,4.57,1011.67,Clear
17.65,86.32,16.51,992.65,Rain
6.86,90.73,41.51,965.57,Stormy
13.13,61.56,13.24,1011.45,Cloudy
26.2,41.31,7.75,972.41,Partly Cloudy
36.19,17.86,10.49,1006.17,Clear
20.18,84.25,18.95,986.15,Rain
4.8,59.17,43.39,968.28,Stormy
20.46,77.72,14.32,1012.91,Cloudy
19.1,59.89,13.43,1034.16,Partly Cloudy
31.67,36.98,7.21,994.34,Clear
28.57,94.07,6.5,979.74,Rain
5.29,95.64,45.48,999.95,Stormy
17.26,50.31,15.84,1001.85,Cloudy
22.66,54.27,28.61,1003.66,Partly Cloudy
25.35,31.36,10.71,996.39,Clear
25.13,70.31,3.78,981.41,Rain
2.5,86.42,39.49,961.98,Stormy
13.7,67.41,14.97,1003.23,Cloudy
22.06,62.99,22.77,976.6,Partly Cloudy
29.85,13.68,3.39,1001.83,Clear
27.32,71.29,10.42,973.95,Rain
8.83,86.49,46.84,962.96,Stormy
24.3,64.97,17.87,1005.63,Cloudy
11.39,43.04,29.72,976.12,Partly Cloudy
28.44,29.08,9.8,991.37,Clear
18.16,93.56,17.9,974.43,Rain
12.61,83.94,34.17,953.37,Stormy
22.89,53.66,18.16,969.36,Cloudy
15.48,38.88,14.31,1010.31,Partly Cloudy
27.11,26.05,11.02,995.48,Clear
16.54,88.62,8.12,987.46,Rain
3.48,51.52,36.53,992.38,Stormy
20.22,78.43,15.96,993.9,Cloudy
15.37,67.36,21.63,1017.75,Partly Cloudy
31.39,35.35,4.25,1008.55,Clear
23.99,82.91,16.15,970.26,Rain
1.84,75.5,36.84,966.81,Stormy
17.16,79.91,12.73,984.5,Cloudy
22.27,39.45,6.25,977.39,Partly Cloudy
25.34,22.93,2.78,997.07,Clear
26.76,73.88,11.75,1006.61,Rain
0.41,98.15,39.0,965.4,Stormy
14.26,71.85,11.99,989.14,Cloudy
12.08,59.02,8.44,986.6,Partly Cloudy
32.49,34.08,4.15,991.15,Clear
27.51,74.44,19.1,994.67,Rain
12.62,53.09,32.85,966.0,Stormy
24.24,79.58,20.05,974.1,Cloudy
26.83,39.35,5.28,983.14,Partly Cloudy
31.18,36.98,1.92,1016.12,Clear
18.07,82.24,12.24,1001.22,Rain
7.71,79.6,39.55,954.81,Stormy
24.88,52.65,14.43,991.15,Cloudy
20.8,52.95,26.31,1010.42,Partly Cloudy
30.85,25.49,11.84,980.44,Clear
18.89,94.5,0.22,980.63,Rain
2.32,99.28,32.18,965.99,Stormy
11.78,59.31,17.67,962.26,Cloudy
14.27,50.77,15.75,979.85,Partly Cloudy
33.97,11.86,4.54,995.95,Clear
18.61,88.14,12.61,993.54,Rain
2.38,64.29,40.81,960.48,Stormy
16.92,59.91,11.41,1007.16,Cloudy
29.5,34.66,14.21,1024.11,Partly Cloudy
37.98,12.23,5.03,994.99,Clear
29.9,99.57,12.6,977.59,Rain
8.03,57.72,49.79,958.39,Stormy
16.79,53.77,14.03,972.89,Cloudy
20.22,43.42,9.16,1001.85,Partly Cloudy
29.9,12.11,2.98,1015.59,Clear
26.35,80.49,5.83,988.98,Rain
10.45,92.23,34.84,964.31,Stormy
20.22,55.85,11.42,998.39,Cloudy
22.4,50.54,21.23,977.97,Partly Cloudy
31.7,16.51,7.38,994.14,Clear
16.37,98.73,2.05,996.62,Rain
12.34,66.13,35.54,979.84,Stormy
21.0,71.69,13.61,993.12,Cloudy
15.07,45.31,13.44,980.15,Partly Cloudy
35.27,34.93,3.5,993.3,Clear
27.49,96.72,0.54,986.4,Rain
10.42,89.2,41.9,950.9,Stormy
18.83,61.36,16.42,1004.99,Cloudy
23.54,50.68,20.16,987.39,Partly Cloudy
36.05,39.22,0.97,995.2,Clear
29.82,88.71,2.08,1007.86,Rain
5.13,56.7,47.61,991.78,Stormy
17.52,55.6,18.82,967.63,Cloudy
20.13,57.79,15.06,991.36,Partly Cloudy
25.32,28.3,13.8,996.93,Clear
24.63,81.96,18.11,980.54,Rain
0.24,66.35,43.08,997.18,Stormy
17.99,56.11,13.06,1010.0,Cloudy
14.97,37.67,28.83,981.07,Partly Cloudy
34.03,29.14,3.46,1018.17,Clear
15.09,87.97,9.55,990.31,Rain
0.93,72.72,35.49,964.38,Stormy
13.34,59.98,14.63,981.19,Cloudy
29.58,67.31,29.53,1010.22,Partly Cloudy
39.87,20.68,14.39,997.81,Clear
24.13,76.39,4.11,997.58,Rain
5.09,61.38,30.09,962.25,Stormy
23.21,58.88,11.3,965.18,Cloudy
21.12,69.72,7.49,980.15,Partly Cloudy
31.57,26.9,4.54,991.78,Clear
21.37,79.42,0.84,1006.61,Rain
3.52,90.43,32.23,991.7,Stormy
24.61,70.8,16.84,976.36,Cloudy
15.94,36.0,19.5,990.38,Partly Cloudy
37.39,20.91,7.02,993.92,Clear
24.67,92.55,11.73,983.07,Rain
5.84,85.82,35.14,958.23,Stormy
16.39,76.68,24.48,994.4,Cloudy
12.07,48.41,20.01,999.34,Partly Cloudy
37.18,35.24,9.62,1006.81,Clear
29.24,81.51,18.43,1003.31,Rain
7.37,86.46,33.18,968.85,Stormy
18.8,55.89,23.09,987.46,Cloudy
11.72,31.22,13.28,1012.45,Partly Cloudy
31.27,22.17,0.05,983.46,Clear
28.48,76.53,19.44,987.04,Rain
12.4,55.4,44.6,975.43,Stormy
20.48,72.83,12.64,987.45,Cloudy
19.3,55.92,6.76,1012.6,Partly Cloudy
25.97,38.96,4.42,986.07,Clear
26.51,82.29,9.34,977.26,Rain
8.53,72.64,35.69,995.95,Stormy
19.92,53.37,21.11,983.54,Cloudy
14.5,53.59,7.57,980.74,Partly Cloudy
32.85,30.25,13.77,984.53,Clear
18.39,73.6,3.39,978.11,Rain
1.36,89.89,37.77,974.78,Stormy
24.26,61.13,14.11,970.02,Cloudy
14.78,49.95,17.9,990.41,Partly Cloudy
35.04,33.32,3.08,1008.41,Clear
16.74,86.27,1.7,977.96,Rain
7.91,66.34,36.28,987.81,Stormy
24.68,72.76,17.63,963.46,Cloudy
21.25,57.81,17.09,1004.85,Partly Cloudy
30.52,18.14,4.76,1017.85,Clear
15.95,75.02,11.73,1004.29,Rain
11.68,90.44,41.01,991.16,Stormy
12.66,54.45,15.5,994.44,Cloudy
21.16,49.94,5.8,1012.15,Partly Cloudy
25.49,31.65,9.78,987.73,Clear
23.2,99.45,8.26,1003.42,Rain
9.25,55.86,44.68,969.32,Stormy
19.34,64.53,22.05,970.59,Cloudy
15.46,62.82,14.32,1012.81,Partly Cloudy
25.61,16.97,12.27,1015.56,Clear
23.62,83.99,9.32,995.89,Rain
9.66,65.37,44.04,991.92,Stormy
14.95,74.92,12.62,989.24,Cloudy
11.55,57.98,25.19,1030.56,Partly Cloudy
34.83,14.24,5.18,983.76,Clear
27.82,98.85,15.24,979.65,Rain
8.61,51.59,46.12,977.15,Stormy
14.14,76.92,11.15,974.18,Cloudy
13.2,63.48,24.92,999.21,Partly Cloudy
32.97,24.42,6.35,1012.28,Clear
27.03,73.02,14.05,995.45,Rain
13.49,61.22,38.67,980.21,Stormy
15.74,53.2,22.55,968.05,Cloudy
25.0,45.29,7.02,1027.99,Partly Cloudy
34.37,36.05,5.59,1013.55,Clear
26.18,82.82,10.62,1003.61,Rain
11.47,53.93,41.01,979.5,Stormy
19.15,70.87,21.79,1015.09,Cloudy
14.39,63.04,20.55,978.55,Partly Cloudy
38.24,13.03,11.98,1013.99,Clear
22.56,79.27,19.37,986.22,Rain
3.03,78.98,34.36,954.16,Stormy
21.45,59.08,17.51,1019.15,Cloudy
20.33,31.45,9.36,1036.96,Partly Cloudy
33.08,21.87,9.65,996.62,Clear
24.93,74.63,15.81,989.98,Rain
6.65,58.29,34.25,965.66,Stormy
11.89,61.33,11.09,992.46,Cloudy
22.08,69.72,25.73,1037.49,Partly Cloudy
29.0,10.67,0.84,1013.34,Clear
18.08,86.33,16.68,977.14,Rain
11.66,87.79,34.39,990.81,Stormy
20.93,60.66,11.83,1000.01,Cloudy
24.11,68.88,7.35,973.05,Partly Cloudy
26.85,22.92,12.1,991.63,Clear
22.11,84.54,7.24,998.68,Rain
5.3,87.85,30.29,989.0,Stormy
12.16,56.39,14.37,981.1,Cloudy
23.37,63.13,19.07,983.45,Partly Cloudy
30.52,25.17,13.4,1004.83,Clear
17.88,72.61,7.88,995.09,Rain
2.44,55.85,36.01,977.95,Stormy
24.96,62.18,19.43,972.74,Cloudy
14.89,49.76,16.34,1003.78,Partly Cloudy
36.94,16.5,11.87,1016.17,Clear
20.0,75.42,6.65,981.18,Rain
8.35,52.32,31.97,995.72,Stormy
14.19,53.28,22.57,975.4,Cloudy
22.3,39.09,25.02,1031.02,Partly Cloudy
36.3,35.43,7.52,1004.79,Clear
20.61,76.71,17.79,992.3,Rain
8.91,95.98,43.9,967.85,Stormy
19.73,70.11,13.32,998.7,Cloudy
12.87,69.15,16.69,973.17,Partly Cloudy
31.38,20.8,11.18,1011.28,Clear
28.58,81.86,17.85,992.57,Rain
14.91,98.46,32.86,985.89,Stormy
10.35,74.76,21.2,1010.46,Cloudy
15.6,55.59,16.27,992.14,Partly Cloudy
30.74,37.41,8.66,989.37,Clear
20.41,89.89,18.48,992.58,Rain
1.52,61.03,37.38,988.32,Stormy
12.49,65.1,10.67,999.13,Cloudy
15.83,62.38,5.88,1006.42,Partly Cloudy
29.23,29.17,12.41,987.97,Clear
25.15,84.14,7.84,1006.62,Rain
3.53,83.07,36.7,978.66,Stormy
15.15,61.95,20.65,977.47,Cloudy
23.03,47.63,14.13,997.85,Partly Cloudy
29.25,12.57,4.82,990.73,Clear
23.22,93.21,18.9,985.83,Rain
12.41,99.24,42.33,993.81,Stormy
18.98,53.89,19.0,1003.34,Cloudy
20.14,57.73,18.1,1001.08,Partly Cloudy
30.98,31.52,12.61,1015.06,Clear
26.79,70.41,5.5,1006.48,Rain
13.32,59.85,44.99,971.98,Stormy
19.6,62.48,18.23,1000.72,Cloudy
15.51,55.85,22.35,984.3,Partly Cloudy
25.05,26.46,4.55,996.04,Clear
22.74,89.36,16.66,1008.61,Rain
10.76,73.95,30.65,969.61,Stormy
15.39,75.45,16.92,983.04,Cloudy
15.44,40.97,20.35,974.33,Partly Cloudy
31.72,28.18,11.98,1001.88,Clear
26.27,93.14,7.08,989.97,Rain
14.0,52.71,38.39,957.63,Stormy
19.21,50.25,18.38,1003.16,Cloudy
19.69,46.94,9.04,1006.36,Partly Cloudy
26.63,18.69,8.82,1008.38,Clear
22.2,87.15,6.14,992.37,Rain
1.46,94.84,43.95,980.0,Stormy
16.96,72.69,10.81,995.07,Cloudy
27.8,42.22,7.2,979.65,Partly Cloudy
35.81,31.12,13.74,1008.01,Clear
20.23,86.83,19.59,994.78,Rain
4.69,97.82,45.28,957.44,Stormy
19.49,74.51,11.17,961.72,Cloudy
11.39,53.72,27.65,1012.21,Partly Cloudy
32.01,12.04,0.12,988.38,Clear
26.65,94.47,8.24,1009.92,Rain
0.29,61.74,49.24,979.39,Stormy
11.55,53.65,20.01,1002.11,Cloudy
15.01,62.53,28.14,979.01,Partly Cloudy
28.02,12.44,2.82,993.58,Clear
22.9,90.61,13.21,989.64,Rain
5.47,51.4,46.39,998.7,Stormy
11.1,63.48,12.86,998.1,Cloudy
21.56,51.35,8.53,984.58,Partly Cloudy
36.38,19.68,11.07,989.76,Clear
26.04,78.29,13.77,1004.9,Rain
5.19,71.37,34.23,986.34,Stormy
17.03,69.61,19.12,992.37,Cloudy
20.92,37.97,18.3,998.71,Partly Cloudy
36.7,29.62,14.62,997.06,Clear
16.62,76.2,4.57,983.65,Rain
9.38,51.98,35.87,958.87,Stormy
20.25,76.28,12.73,1007.91,Cloudy
21.31,31.2,25.15,991.74,Partly Cloudy
31.85,14.5,2.97,997.54,Clear
20.9,84.64,18.74,983.98,Rain
8.44,92.14,43.22,988.04,Stormy
17.45,50.07,15.34,996.81,Cloudy
12.36,47.79,29.04,1021.49,Partly Cloudy
30.61,26.28,5.01,1014.05,Clear
17.13,78.46,3.19,1005.96,Rain
4.94,73.23,48.75,992.36,Stormy
16.39,77.96,12.35,969.69,Cloudy
28.99,50.39,17.2,983.01,Partly Cloudy
36.75,34.81,8.54,1014.56,Clear
28.0,85.3,15.17,994.28,Rain
6.38,53.68,42.48,967.51,Stormy
12.88,54.45,10.48,977.58,Cloudy
24.87,40.35,22.48,978.7,Partly Cloudy
37.64,10.6,14.18,989.34,Clear
20.78,98.16,4.36,980.97,Rain
3.21,54.26,49.6,994.82,Stormy
24.32,75.56,19.92,1010.81,Cloudy
26.52,38.33,21.02,997.15,Partly Cloudy
38.12,29.81,7.11,1013.56,Clear
25.76,99.4,18.54,976.14,Rain
7.84,82.16,38.19,993.89,Stormy
16.28,65.82,17.45,961.15,Cloudy
15.82,67.12,16.48,976.14,Partly Cloudy
39.21,37.03,8.84,1008.05,Clear
19.21,81.01,15.72,973.61,Rain
4.86,83.39,39.29,967.88,Stormy
18.33,74.06,15.98,972.67,Cloudy
12.6,33.03,9.73,1012.33,Partly Cloudy
25.9,36.91,2.02,1001.37,Clear
15.8,73.6,13.37,988.85,Rain
9.62,57.22,38.1,981.67,Stormy
16.97,74.04,12.2,979.95,Cloudy
27.47,38.49,22.66,990.58,Partly Cloudy
35.25,34.01,5.28,987.35,Clear
16.89,86.23,13.78,981.7,Rain
0.01,52.98,49.16,971.63,Stormy
23.36,79.82,10.7,985.01,Cloudy
16.12,57.03,12.5,979.46,Partly Cloudy
25.84,24.25,1.37,988.36,Clear
21.17,80.54,14.98,991.5,Rain
1.69,89.56,38.86,951.31,Stormy
18.81,78.71,12.38,994.44,Cloudy
20.35,45.83,9.93,1003.55,Partly Cloudy
32.51,14.5,8.91,1009.76,Clear
16.18,96.69,6.32,994.66,Rain
0.68,81.61,48.15,968.67,Stormy
10.52,51.17,24.47,1016.96,Cloudy
10.55,58.64,22.53,985.5,Partly Cloudy
38.03,13.02,0.36,989.55,Clear
15.66,70.89,5.97,1002.03,Rain
7.4,89.39,38.58,974.75,Stormy
10.17,67.04,21.47,967.48,Cloudy
15.15,56.97,20.42,1015.24,Partly Cloudy
29.0,18.01,0.19,1014.52,Clear
17.72,88.31,7.17,1002.68,Rain
9.8,77.86,42.44,953.23,Stormy
22.21,79.77,19.9,961.78,Cloudy
18.29,30.39,8.06,1013.01,Partly Cloudy
30.68,17.84,7.39,994.45,Clear
20.39,86.58,12.71,979.55,Rain
12.81,61.2,42.97,975.39,Stormy
18.47,60.97,10.42,998.53,Cloudy
17.4,51.3,17.69,971.44,Partly Cloudy
34.81,32.78,14.86,984.53,Clear
24.09,80.9,11.46,979.96,Rain
13.23,76.03,37.15,983.07,Stormy
15.82,58.59,15.39,1002.34,Cloudy
13.81,44.78,23.46,1029.77,Partly Cloudy
30.02,37.2,0.75,982.99,Clear
16.91,73.49,13.23,973.51,Rain
9.01,82.38,45.14,984.42,Stormy
13.11,68.67,24.15,994.8,Cloudy
14.65,32.35,23.5,1015.74,Partly Cloudy
29.25,27.13,14.4,982.38,Clear
16.65,72.03,8.55,971.76,Rain
1.46,87.23,35.2,994.94,Stormy
19.43,51.27,14.39,983.19,Cloudy
14.57,55.79,26.52,979.12,Partly Cloudy
34.97,31.32,14.14,1017.41,Clear
23.27,84.86,14.31,983.42,Rain
8.07,96.64,36.21,961.93,Stormy
14.74,74.18,16.83,965.94,Cloudy
18.55,32.93,17.83,998.76,Partly Cloudy
25.98,25.3,14.68,1018.37,Clear
22.98,85.45,19.94,981.42,Rain
4.11,72.65,36.98,950.15,Stormy
11.07,72.31,18.58,993.66,Cloudy
15.73,62.6,13.34,970.23,Partly Cloudy
34.89,37.24,8.12,989.38,Clear
23.07,96.23,8.49,972.02,Rain
2.74,51.08,49.53,957.35,Stormy
13.22,78.05,23.97,972.32,Cloudy
23.09,34.53,12.96,1010.73,Partly Cloudy
30.75,23.21,9.96,996.91,Clear
26.53,79.88,18.77,1006.97,Rain
0.61,50.75,41.81,971.25,Stormy
14.17,57.78,19.03,1000.7,Cloudy
13.34,65.38,14.06,1017.6,Partly Cloudy
35.25,13.38,2.53,998.73,Clear
15.62,80.15,12.67,976.03,Rain
10.11,57.43,45.86,951.23,Stormy
10.03,60.32,22.28,989.67,Cloudy
26.77,59.0,23.0,987.3,Partly Cloudy
28.7,16.44,10.18,1001.89,Clear
15.8,71.8,17.19,1001.37,Rain
9.07,71.44,44.58,992.27,Stormy
18.69,59.59,16.28,971.88,Cloudy
15.74,43.57,9.23,1006.09,Partly Cloudy
37.09,14.37,11.19,999.24,Clear
22.28,80.83,16.97,989.0,Rain
14.86,81.56,30.29,989.67,Stormy
23.21,78.62,21.31,994.51,Cloudy
20.25,41.45,19.92,1029.66,Partly Cloudy
33.69,29.77,10.98,1014.24,Clear
18.17,84.0,11.09,1009.21,Rain
14.07,90.67,36.99,983.3,Stormy
14.56,69.3,21.98,985.95,Cloudy
25.21,42.49,17.36,1019.19,Partly Cloudy
29.85,22.39,5.39,1015.81,Clear
19.31,80.55,10.89,978.58,Rain
2.21,90.87,41.96,961.28,Stormy
11.88,79.35,22.33,987.27,Cloudy
25.37,58.55,7.51,1027.92,Partly Cloudy
35.18,17.97,14.35,1011.43,Clear
28.52,73.45,7.29,984.78,Rain
1.83,54.91,49.84,969.24,Stormy
18.53,68.65,19.93,988.26,Cloudy
29.13,53.55,17.32,974.55,Partly Cloudy
39.89,21.62,1.6,1003.76,Clear
17.12,96.24,6.11,982.01,Rain
5.81,98.32,46.38,954.22,Stormy
15.12,75.48,15.23,1019.51,Cloudy
12.59,35.78,8.62,1023.11,Partly Cloudy
28.91,16.13,1.12,994.23,Clear
27.85,95.8,12.24,986.52,Rain
9.63,87.46,40.21,976.03,Stormy
19.47,71.09,14.96,980.8,Cloudy
15.39,51.95,18.51,995.21,Partly Cloudy
31.09,35.1,8.58,982.93,Clear
23.63,81.51,16.0,986.84,Rain
4.21,93.57,43.01,994.82,Stormy
21.59,68.39,24.5,991.52,Cloudy
15.65,36.17,20.37,990.12,Partly Cloudy
27.78,37.26,12.75,996.44,Clear
18.74,79.4,5.16,972.37,Rain
7.35,97.31,42.79,969.45,Stormy
16.42,51.4,10.99,990.21,Cloudy
27.67,60.12,21.01,996.51,Partly Cloudy
26.68,31.08,12.33,1012.91,Clear
19.26,77.91,19.36,990.86,Rain
13.81,67.98,48.43,988.99,Stormy
13.91,74.91,15.15,976.07,Cloudy
13.98,50.28,18.2,1029.03,Partly Cloudy
26.85,17.55,8.75,1002.51,Clear
23.65,72.31,18.19,1000.15,Rain
7.66,85.94,42.85,995.7,Stormy
20.11,71.64,18.74,975.63,Cloudy
26.84,41.85,20.51,1032.8,Partly Cloudy
31.35,28.7,12.57,996.07,Clear
22.23,97.04,13.21,990.39,Rain
14.97,57.35,32.78,986.84,Stormy
22.58,67.89,22.99,1016.29,Cloudy
11.5,35.49,17.96,1012.08,Partly Cloudy
27.53,13.88,0.73,1002.56,Clear
28.11,94.21,0.32,1001.41,Rain
0.71,77.49,36.85,999.72,Stormy
15.17,54.03,19.7,1000.46,Cloudy
12.03,48.7,17.34,1016.7,Partly Cloudy
35.12,34.49,9.24,1007.43,Clear
27.8,97.02,3.46,985.56,Rain
12.27,60.69,30.46,996.45,Stormy
23.82,67.68,15.98,1006.48,Cloudy
29.83,39.1,6.29,988.5,Partly Cloudy
39.11,23.68,10.31,1006.99,Clear
28.12,89.95,14.21,992.48,Rain
11.26,59.3,31.5,955.48,Stormy
15.61,64.94,24.37,996.94,Cloudy
16.62,60.43,10.5,1007.2,Partly Cloudy
34.23,39.02,7.61,984.97,Clear
15.77,79.64,16.82,994.82,Rain
10.95,73.14,36.05,995.46,Stormy
21.31,64.22,21.96,1013.92,Cloudy
28.03,38.57,23.46,1016.77,Partly Cloudy
36.14,25.12,3.92,980.45,Clear
19.85,95.56,2.09,1003.64,Rain
14.25,59.12,34.3,970.72,Stormy
22.9,72.48,20.23,981.21,Cloudy
13.69,45.29,10.95,996.4,Partly Cloudy
38.14,30.37,3.63,991.2,Clear
15.27,80.4,5.55,991.07,Rain
10.51,70.59,48.78,965.82,Stormy
13.94,61.95,13.62,982.94,Cloudy
14.35,42.1,24.18,1030.5,Partly Cloudy
35.21,23.71,4.01,1000.31,Clear
16.11,79.93,1.15,989.82,Rain
1.32,63.15,37.87,968.35,Stormy
11.77,56.77,11.01,975.7,Cloudy
16.52,32.89,14.65,1019.24,Partly Cloudy
29.9,13.8,3.49,989.06,Clear
29.78,95.06,12.34,970.61,Rain
3.84,55.22,32.63,985.28,Stormy
16.66,68.96,24.66,993.27,Cloudy
25.71,60.97,5.21,994.89,Partly Cloudy
36.02,39.99,14.78,996.24,Clear
17.13,78.9,9.5,976.83,Rain
11.95,67.03,40.9,995.31,Stormy
16.98,73.61,21.61,966.09,Cloudy
14.86,41.23,27.55,1011.96,Partly Cloudy
33.68,29.47,3.89,1011.06,Clear
27.41,82.54,7.0,977.03,Rain
3.69,61.44,33.62,964.13,Stormy
20.02,67.4,15.16,998.91,Cloudy
25.39,35.18,11.89,1009.98,Partly Cloudy
32.91,19.71,13.37,1011.62,Clear
26.14,75.27,18.39,980.99,Rain
6.56,97.06,49.04,969.62,Stormy
23.89,69.82,16.01,960.53,Cloudy
28.22,65.4,14.98,983.12,Partly Cloudy
37.53,27.34,12.4,1013.89,Clear
28.61,73.52,1.66,975.81,Rain
14.03,73.76,36.43,953.22,Stormy
15.27,74.29,20.34,1004.13,Cloudy
10.44,66.43,20.73,985.09,Partly Cloudy
25.93,12.45,8.49,980.38,Clear
24.44,71.51,17.03,981.62,Rain
1.52,60.83,46.85,971.22,Stormy
13.82,79.91,15.8,981.32,Cloudy
12.44,57.21,20.72,987.04,Partly Cloudy
28.35,21.64,11.08,1014.27,Clear
17.32,88.23,1.81,995.15,Rain
6.99,63.03,45.54,973.36,Stormy
12.37,53.7,24.28,976.16,Cloudy
24.96,30.78,11.43,998.07,Partly Cloudy
34.57,23.78,3.28,1018.58,Clear
23.82,91.01,8.14,1003.02,Rain
10.3,65.16,47.91,971.77,Stormy
24.25,71.56,22.3,982.46,Cloudy
10.52,34.11,12.28,1016.3,Partly Cloudy
39.27,23.08,10.17,997.17,Clear
26.51,84.27,15.47,978.56,Rain
4.81,58.76,31.81,981.58,Stormy
24.57,68.97,15.08,1019.15,Cloudy
29.42,35.82,5.82,972.85,Partly Cloudy
31.97,12.49,4.91,1000.49,Clear
20.03,89.07,15.33,976.52,Rain
8.73,95.75,49.65,968.24,Stormy
18.64,79.2,20.92,961.62,Cloudy
26.33,32.13,25.05,1010.53,Partly Cloudy
33.42,11.91,0.91,1007.74,Clear
27.26,71.29,5.5,975.5,Rain
9.5,98.82,32.85,955.89,Stormy
15.53,75.09,14.82,988.03,Cloudy
21.22,40.42,13.32,998.08,Partly Cloudy
37.06,37.73,6.59,1010.38,Clear
22.57,73.75,11.93,999.87,Rain
13.54,60.03,43.69,987.99,Stormy
13.99,70.02,23.78,1015.46,Cloudy
24.39,31.92,21.44,1031.06,Partly Cloudy
29.66,15.62,0.75,984.65,Clear
26.31,77.08,7.95,970.97,Rain
7.24,58.46,33.78,952.2,Stormy
20.19,52.47,12.2,993.3,Cloudy
13.91,45.72,9.33,977.06,Partly Cloudy
30.23,19.89,1.12,1009.97,Clear
27.91,94.49,6.19,1000.64,Rain
12.34,59.14,30.9,956.22,Stormy
24.09,59.24,14.09,1015.06,Cloudy
28.15,66.16,17.4,1034.66,Partly Cloudy
37.99,38.52,6.28,992.98,Clear
25.79,79.01,1.48,1000.15,Rain
7.85,56.12,35.17,964.67,Stormy
22.58,55.81,21.91,1008.51,Cloudy
19.98,39.35,16.62,985.88,Partly Cloudy
25.13,25.94,2.32,1018.11,Clear
23.6,98.85,17.01,1004.42,Rain
12.33,65.45,48.83,994.53,Stormy
17.44,60.64,15.01,984.85,Cloudy
14.25,54.74,16.56,1009.38,Partly Cloudy
26.44,33.91,1.72,987.0,Clear
24.35,81.96,7.11,972.39,Rain
11.58,80.76,33.84,968.14,Stormy
19.48,76.63,22.19,998.78,Cloudy
20.43,58.72,24.33,1032.74,Partly Cloudy
38.65,22.93,9.32,1016.17,Clear
28.05,71.18,16.96,996.31,Rain
2.61,83.09,35.76,991.25,Stormy
16.08,67.09,10.59,991.15,Cloudy
11.97,34.02,11.15,988.36,Partly Cloudy
36.13,27.18,1.05,1010.56,Clear
22.28,79.71,14.16,1004.0,Rain
13.04,52.32,40.8,986.04,Stormy
22.38,65.21,10.78,992.41,Cloudy
23.37,40.93,6.66,971.38,Partly Cloudy
39.36,20.38,14.4,1014.72,Clear
29.15,96.45,5.78,1005.79,Rain
2.27,81.96,31.97,974.41,Stormy
20.16,66.89,19.14,1011.78,Cloudy
21.48,47.63,28.86,1002.4,Partly Cloudy
27.08,23.39,6.5,1006.23,Clear
19.25,78.62,6.88,979.35,Rain
13.08,75.26,37.69,962.01,Stormy
11.59,77.12,24.71,984.49,Cloudy
16.95,63.45,6.9,987.95,Partly Cloudy
25.48,28.19,6.65,992.46,Clear
27.28,77.44,16.91,982.35,Rain
7.39,91.38,37.97,968.72,Stormy
12.51,77.49,24.76,1013.81,Cloudy
18.05,62.74,16.36,999.05,Partly Cloudy
37.45,15.32,4.72,988.81,Clear
26.82,81.18,19.98,984.33,Rain
5.76,62.39,46.04,981.16,Stormy
11.04,68.57,17.89,962.14,Cloudy
15.14,42.27,28.18,1002.7,Partly Cloudy
35.66,38.11,0.11,1006.4,Clear
18.98,97.17,19.63,995.74,Rain
2.34,64.84,36.53,968.12,Stormy
13.78,63.3,14.67,998.54,Cloudy
11.59,58.34,18.91,1002.13,Partly Cloudy
31.83,36.71,13.85,1002.35,Clear
22.66,78.78,10.44,984.22,Rain
7.95,84.37,43.18,961.22,Stormy
21.68,70.3,24.88,988.91,Cloudy
18.1,34.26,10.31,1027.51,Partly Cloudy
35.7,15.37,2.4,980.68,Clear
20.65,73.2,15.29,977.91,Rain
11.55,90.87,38.41,992.06,Stormy
23.01,65.78,20.78,988.24,Cloudy
14.28,61.58,8.18,1000.06,Partly Cloudy
26.79,14.95,14.86,1015.62,Clear
20.35,78.76,16.48,978.75,Rain
3.14,96.2,47.94,983.37,Stormy
18.31,70.72,22.47,997.17,Cloudy
26.72,53.59,28.05,1014.28,Partly Cloudy
38.95,29.93,1.57,980.31,Clear
27.87,72.54,4.61,978.54,Rain
9.0,78.83,34.15,964.47,Stormy
21.47,78.06,12.0,963.17,Cloudy
22.84,62.18,22.99,1025.38,Partly Cloudy
38.31,16.52,9.23,984.29,Clear
27.33,87.46,15.91,1008.52,Rain
10.51,53.01,45.7,955.39,Stormy
12.97,50.87,23.36,1014.65,Cloudy
14.37,61.21,12.13,973.36,Partly Cloudy
34.36,32.9,4.89,980.42,Clear
18.22,99.96,8.11,996.84,Rain
1.13,79.93,46.33,982.09,Stormy
14.33,79.44,14.44,986.37,Cloudy
16.97,50.78,23.38,1035.57,Partly Cloudy
33.66,14.88,7.53,985.97,Clear
25.93,92.53,2.0,979.04,Rain
5.77,95.91,36.4,977.27,Stormy
14.85,53.96,21.87,988.39,Cloudy
29.37,50.06,22.07,981.71,Partly Cloudy
36.35,12.15,12.44,1014.01,Clear
22.09,86.81,13.53,998.54,Rain
0.25,56.12,45.11,958.13,Stormy
16.6,66.37,15.11,1006.36,Cloudy
24.98,47.69,13.33,996.4,Partly Cloudy
39.47,33.16,14.36,980.81,Clear
26.63,74.48,6.16,973.05,Rain
9.36,80.83,38.91,963.79,Stormy
13.18,51.52,15.2,991.02,Cloudy
20.86,67.86,5.05,980.04,Partly Cloudy
26.15,23.88,8.71,1008.28,Clear
22.42,80.62,7.53,982.4,Rain
9.17,58.39,41.51,988.57,Stormy
14.04,65.03,10.31,1017.77,Cloudy
13.99,47.94,10.31,1014.69,Partly Cloudy
38.97,29.28,4.94,1015.1,Clear
27.43,81.35,18.23,980.11,Rain
1.38,97.14,49.85,972.93,Stormy
18.09,72.72,17.45,960.42,Cloudy
24.75,61.31,15.47,981.06,Partly Cloudy
31.29,13.11,12.11,997.72,Clear
19.5,82.98,0.63,1008.44,Rain
8.87,87.17,44.32,988.04,Stormy
20.9,51.77,21.74,992.05,Cloudy
11.88,30.48,22.81,1027.02,Partly Cloudy
31.18,38.21,14.52,1010.66,Clear
28.94,84.44,13.38,1000.19,Rain
12.17,89.38,34.67,957.66,Stormy
13.99,74.55,17.43,1008.64,Cloudy
21.62,63.08,6.25,991.88,Partly Cloudy
32.24,37.41,5.5,1011.62,Clear
15.97,89.11,13.3,1003.38,Rain
6.38,56.17,35.52,995.54,Stormy
13.36,74.48,19.9,1018.87,Cloudy
22.5,42.78,9.79,971.43,Partly Cloudy
33.77,14.54,2.82,1015.35,Clear
22.83,85.36,6.55,994.16,Rain
13.1,72.22,42.72,985.01,Stormy
11.76,68.68,23.48,993.04,Cloudy
27.62,36.04,12.36,975.72,Partly Cloudy
39.8,10.65,9.13,1006.92,Clear
24.7,76.55,8.61,979.07,Rain
1.44,53.73,41.46,954.42,Stormy
15.97,58.81,13.11,978.95,Cloudy
18.23,38.12,8.1,1018.86,Partly Cloudy
39.22,12.69,12.5,1017.74,Clear
25.21,97.37,3.53,975.57,Rain
3.78,62.24,41.51,965.54,Stormy
10.42,61.47,19.1,974.78,Cloudy
29.7,50.71,14.21,999.8,Partly Cloudy
36.77,12.16,6.27,1018.39,Clear
19.71,99.22,12.84,1007.44,Rain
0.28,87.43,37.77,966.78,Stormy
12.38,65.7,14.1,1004.67,Cloudy
28.77,37.79,21.11,974.64,Partly Cloudy
37.74,38.59,2.99,1010.69,Clear
29.66,97.58,11.18,976.53,Rain
8.33,72.13,31.19,999.21,Stormy
19.41,56.16,21.7,991.64,Cloudy
14.93,45.73,24.04,1036.55,Partly Cloudy
33.59,16.66,11.61,997.01,Clear
27.31,77.34,1.9,996.48,Rain
0.35,77.43,31.58,961.22,Stormy
20.95,64.94,19.96,1007.78,Cloudy
24.6,42.29,20.02,988.43,Partly Cloudy
28.0,34.46,3.4,1000.92,Clear
24.38,98.35,2.19,973.28,Rain
12.66,55.48,36.96,951.97,Stormy
17.0,67.08,23.7,990.44,Cloudy
25.37,69.35,7.11,1003.35,Partly Cloudy
39.33,10.12,0.47,1011.04,Clear
26.42,98.14,4.82,985.57,Rain
3.39,74.59,43.46,958.54,Stormy
15.53,59.69,18.14,987.68,Cloudy
12.84,58.31,11.95,1031.81,Partly Cloudy
27.71,32.82,0.62,987.34,Clear
24.29,77.19,19.63,976.87,Rain
4.38,95.17,46.38,958.91,Stormy
17.53,52.36,23.38,1004.02,Cloudy
13.26,59.02,23.85,1001.15,Partly Cloudy
35.71,10.8,7.07,987.15,Clear
29.0,80.26,0.24,995.15,Rain
10.67,80.15,48.09,985.77,Stormy
12.2,57.85,12.34,1019.75,Cloudy
24.41,59.0,10.69,1017.81,Partly Cloudy
28.23,29.99,9.92,987.45,Clear
22.39,81.6,18.95,982.01,Rain
7.62,78.06,43.08,997.46,Stormy
24.37,53.19,15.03,1010.8,Cloudy
26.21,64.23,15.22,989.0,Partly Cloudy
35.89,12.97,1.66,1010.22,Clear
28.72,78.29,2.34,993.02,Rain
4.04,70.2,30.0,974.35,Stormy
23.33,50.23,17.06,1006.42,Cloudy
20.48,38.33,18.43,1012.52,Partly Cloudy
27.46,17.14,0.99,982.68,Clear
15.21,76.61,6.32,997.19,Rain
5.14,56.6,36.84,978.77,Stormy
20.14,72.24,14.14,995.08,Cloudy
20.17,40.08,24.16,1033.2,Partly Cloudy
32.4,38.96,4.93,1001.87,Clear
16.43,86.31,17.33,1004.42,Rain
9.07,69.67,45.24,982.51,Stormy
16.17,64.29,23.15,1000.84,Cloudy
25.82,30.9,26.32,978.71,Partly Cloudy
37.51,21.66,13.59,1003.37,Clear
28.67,93.49,14.61,978.38,Rain
1.52,94.7,43.25,957.46,Stormy
19.15,73.31,10.89,993.09,Cloudy
24.12,45.33,29.79,992.42,Partly Cloudy
33.86,31.32,11.55,1001.05,Clear
26.28,89.71,9.2,1009.91,Rain
10.59,89.89,39.14,968.8,Stormy
24.54,50.97,17.29,980.12,Cloudy
10.03,65.97,11.44,990.04,Partly Cloudy
37.3,18.34,12.32,1006.3,Clear
26.89,93.46,1.6,973.55,Rain
4.6,51.8,37.9,975.02,Stormy
18.36,58.96,15.02,989.15,Cloudy
13.9,55.97,25.73,1017.14,Partly Cloudy
38.12,31.13,0.85,1007.5,Clear
16.65,94.38,7.11,979.32,Rain
2.18,59.76,35.24,988.77,Stormy
16.74,54.55,20.92,1000.68,Cloudy
17.23,61.39,22.3,986.79,Partly Cloudy
35.95,39.06,1.41,989.29,Clear
18.95,73.69,6.68,976.79,Rain
6.21,95.19,49.44,959.78,Stormy
22.15,76.44,21.3,1015.77,Cloudy
25.78,47.51,28.31,1005.73,Partly Cloudy
30.67,11.26,8.6,1010.51,Clear
27.22,72.27,4.95,994.85,Rain
13.55,55.5,31.77,992.15,Stormy
10.38,57.05,19.4,979.98,Cloudy
12.63,47.49,26.38,984.3,Partly Cloudy
25.67,20.68,13.7,1005.25,Clear
28.02,96.86,16.82,972.51,Rain
11.7,95.12,48.24,965.58,Stormy
16.04,69.02,16.41,985.45,Cloudy
20.93,44.24,20.84,1025.49,Partly Cloudy
35.35,16.93,9.9,1018.78,Clear
17.96,92.51,1.27,976.95,Rain
7.91,77.68,36.97,959.45,Stormy
24.19,58.55,24.89,969.33,Cloudy
16.05,57.21,18.75,986.21,Partly Cloudy
30.79,38.85,8.76,997.31,Clear
29.17,99.68,16.69,974.07,Rain
5.73,79.74,38.02,968.75,Stormy
12.38,67.18,12.84,992.8,Cloudy
20.83,68.92,17.02,1020.01,Partly Cloudy
38.74,27.26,8.21,985.4,Clear
17.71,93.03,7.22,1008.69,Rain
6.52,71.07,45.88,964.26,Stormy
19.27,51.92,12.81,1010.33,Cloudy
29.58,45.07,6.95,1013.15,Partly Cloudy
30.17,34.07,13.57,999.09,Clear
23.63,97.86,9.08,1009.3,Rain
8.48,91.75,47.23,961.08,Stormy
18.88,71.77,21.49,964.79,Cloudy
16.22,62.21,11.87,1005.64,Partly Cloudy
39.29,32.95,5.47,1019.43,Clear
24.74,88.35,0.77,997.5,Rain
4.38,95.47,49.21,971.19,Stormy
13.2,79.92,21.65,1001.85,Cloudy
17.94,66.28,22.02,1008.18,Partly Cloudy
26.42,28.95,2.67,1015.16,Clear
26.07,70.76,19.66,1007.05,Rain
5.31,55.35,30.6,982.93,Stormy
17.24,58.15,10.27,988.4,Cloudy
11.03,30.64,19.0,1013.34,Partly Cloudy
28.5,29.4,4.16,1015.37,Clear
27.48,89.88,7.5,971.35,Rain
7.62,86.58,49.65,964.36,Stormy
20.27,61.18,12.72,965.82,Cloudy
19.75,49.79,23.15,1023.74,Partly Cloudy
28.02,27.85,5.98,980.82,Clear
26.46,81.99,19.52,1003.42,Rain
9.11,57.25,30.19,968.98,Stormy
19.04,74.65,21.79,997.8,Cloudy
26.0,64.04,26.78,988.67,Partly Cloudy
34.81,18.69,14.25,1019.49,Clear
23.62,95.3,8.32,980.46,Rain
2.76,76.01,34.26,974.8,Stormy
20.09,53.53,15.77,963.7,Cloudy
18.2,42.79,13.47,988.06,Partly Cloudy
27.45,22.1,3.37,1016.18,Clear
25.27,74.25,6.42,984.16,Rain
14.06,71.4,42.05,984.52,Stormy
12.12,78.19,10.67,980.75,Cloudy
16.01,43.43,20.5,976.49,Partly Cloudy
30.2,28.87,14.73,980.27,Clear
17.56,89.78,3.43,998.63,Rain
1.68,57.63,33.36,962.34,Stormy
20.11,62.62,10.71,992.27,Cloudy
27.22,36.82,6.8,995.21,Partly Cloudy
27.05,29.97,10.15,1007.7,Clear
23.28,98.58,8.99,990.29,Rain
3.71,54.94,36.3,977.41,Stormy
17.86,56.18,25.0,1010.29,Cloudy
16.45,63.69,29.9,1031.11,Partly Cloudy
30.14,32.68,9.37,989.15,Clear
25.57,92.23,16.97,978.29,Rain
6.31,60.82,47.27,977.13,Stormy
24.51,72.45,12.02,960.34,Cloudy
11.53,34.05,13.46,996.81,Partly Cloudy
26.71,36.47,11.95,1004.62,Clear
20.57,82.31,8.77,982.7,Rain
9.16,74.65,48.0,991.9,Stormy
17.05,57.19,21.03,1016.71,Cloudy
22.8,59.82,6.69,975.32,Partly Cloudy
27.3,14.42,2.36,996.83,Clear
27.82,87.34,1.39,984.73,Rain
8.87,55.83,46.06,987.16,Stormy
18.16,54.49,14.62,1007.21,Cloudy
14.45,48.82,12.43,1034.59,Partly Cloudy
38.58,11.61,10.48,983.34,Clear
17.86,79.5,6.64,975.45,Rain
4.21,86.82,49.1,985.1,Stormy
20.87,70.84,23.24,1001.65,Cloudy
15.92,42.0,10.72,1021.88,Partly Cloudy
38.68,26.04,11.64,992.0,Clear
19.68,98.9,13.34,1009.32,Rain
1.7,63.16,47.03,975.77,Stormy
12.77,53.13,17.6,964.47,Cloudy
27.69,31.69,22.33,984.86,Partly Cloudy
37.39,34.22,1.95,1011.4,Clear
20.96,99.54,12.05,1009.56,Rain
10.64,97.56,32.74,972.5,Stormy
20.03,78.8,22.05,1001.83,Cloudy
18.45,33.86,29.57,981.82,Partly Cloudy
32.4,10.36,7.47,1018.21,Clear
27.54,86.45,12.31,974.07,Rain
14.96,51.74,34.71,992.09,Stormy
15.91,61.18,17.57,1013.93,Cloudy
18.94,62.72,7.16,973.42,Partly Cloudy
25.33,30.64,13.14,1001.02,Clear
22.48,76.65,5.89,1002.21,Rain
14.04,62.52,39.87,958.39,Stormy
10.76,51.09,13.23,989.76,Cloudy
10.19,41.84,14.86,1003.42,Partly Cloudy
27.03,27.39,10.13,1008.41,Clear
20.91,74.13,17.81,989.98,Rain
7.03,59.78,48.88,954.65,Stormy
21.15,59.39,23.43,977.72,Cloudy
13.55,51.4,14.91,1019.95,Partly Cloudy
25.6,16.83,7.85,1016.07,Clear
27.23,86.67,18.18,1007.74,Rain
7.24,65.91,43.5,980.08,Stormy
17.48,74.67,15.02,971.0,Cloudy
23.73,39.87,29.09,1000.79,Partly Cloudy
34.39,38.47,10.87,1008.9,Clear
23.88,74.27,5.05,990.79,Rain
14.98,63.35,42.48,961.53,Stormy
17.66,50.64,22.17,967.77,Cloudy
19.67,35.84,11.33,1002.57,Partly Cloudy
28.35,38.73,0.7,994.48,Clear
29.55,93.85,8.18,980.18,Rain
12.93,67.87,40.7,978.37,Stormy
16.02,69.19,10.32,988.4,Cloudy
26.29,34.53,19.5,1002.49,Partly Cloudy
35.58,22.32,1.97,1009.42,Clear
24.8,94.79,11.59,1005.58,Rain
4.69,58.17,40.8,967.28,Stormy
12.94,78.58,10.49,1013.83,Cloudy
21.24,61.57,18.1,987.18,Partly Cloudy
31.09,15.9,14.91,1004.59,Clear
20.48,86.57,17.54,983.11,Rain
12.97,58.94,33.03,995.0,Stormy
11.43,69.59,17.96,983.15,Cloudy
23.05,32.11,16.52,990.51,Partly Cloudy
29.0,11.47,12.03,983.47,Clear
28.67,74.57,13.04,979.97,Rain
14.31,64.98,40.12,992.76,Stormy
24.35,54.09,16.61,1018.42,Cloudy
29.06,48.35,25.12,1007.11,Partly Cloudy
35.84,28.59,11.89,996.68,Clear
29.22,70.29,17.32,993.51,Rain
9.8,90.04,45.02,994.75,Stormy
20.76,78.94,22.23,1011.82,Cloudy
11.73,39.56,22.74,1008.97,Partly Cloudy
29.55,12.8,11.57,992.44,Clear
28.16,97.39,7.45,985.15,Rain
6.1,68.79,37.17,983.31,Stormy
10.31,63.17,10.43,973.45,Cloudy
19.42,38.24,11.94,1001.69,Partly Cloudy
34.06,39.73,9.7,1001.89,Clear
28.79,81.22,5.66,976.66,Rain
6.04,82.25,47.07,950.23,Stormy
11.14,77.02,24.85,1016.97,Cloudy
26.19,35.67,10.08,1019.43,Partly Cloudy
38.46,19.5,13.76,993.07,Clear
15.2,75.82,14.01,986.88,Rain
9.71,83.47,32.42,994.0,Stormy
17.83,71.76,16.72,998.17,Cloudy
10.34,32.42,13.58,978.33,Partly Cloudy
26.76,22.78,11.69,987.15,Clear
28.07,81.69,19.07,990.45,Rain
8.03,99.75,47.24,957.11,Stormy
17.46,50.68,24.48,1018.33,Cloudy
17.67,68.17,22.0,979.87,Partly Cloudy
27.88,17.4,5.66,1011.17,Clear
15.11,82.43,13.67,979.12,Rain
2.92,92.11,37.86,963.35,Stormy
14.47,69.32,17.17,966.07,Cloudy
16.69,65.37,25.74,975.14,Partly Cloudy
27.52,12.66,1.54,988.09,Clear
22.81,99.65,9.22,971.37,Rain
5.79,66.98,47.9,966.59,Stormy
10.28,73.25,15.75,975.18,Cloudy
18.4,42.19,7.86,976.55,Partly Cloudy
29.47,34.65,11.14,985.39,Clear
19.33,96.5,3.43,987.13,Rain
14.79,58.83,41.39,978.38,Stormy
15.59,78.54,22.45,1010.63,Cloudy
29.48,48.28,24.14,976.8,Partly Cloudy
30.71,15.71,13.89,999.33,Clear
17.57,95.46,2.74,986.73,Rain
12.73,98.48,36.07,964.56,Stormy
15.86,74.42,13.36,960.63,Cloudy
24.12,46.23,26.81,993.12,Partly Cloudy
38.76,38.44,13.69,990.9,Clear
26.05,74.63,0.53,994.41,Rain
10.63,86.68,33.45,989.47,Stormy
19.42,55.37,20.13,1016.8,Cloudy
11.91,37.48,16.92,1016.44,Partly Cloudy
36.04,18.42,2.65,1006.32,Clear
23.16,98.73,1.0,995.13,Rain
14.83,57.84,40.65,985.9,Stormy
14.42,55.32,22.88,970.66,Cloudy
27.46,48.61,27.1,977.25,Partly Cloudy
32.31,23.16,5.48,996.29,Clear
22.89,88.14,17.93,988.66,Rain
4.76,78.92,45.07,965.0,Stormy
11.53,55.66,12.75,1008.07,Cloudy
22.51,68.81,9.68,1006.6,Partly Cloudy
29.81,34.7,10.85,994.07,Clear
26.66,85.04,6.34,1001.33,Rain
7.74,84.33,35.47,958.4,Stormy
19.78,69.66,21.93,989.6,Cloudy
19.64,65.25,12.87,1021.51,Partly Cloudy
30.93,30.03,2.68,1015.78,Clear
22.72,73.56,13.72,981.18,Rain
1.17,83.12,49.39,995.04,Stormy
13.25,72.47,11.37,1015.58,Cloudy
18.28,66.78,28.34,984.2,Partly Cloudy
32.91,13.0,4.89,998.0,Clear
19.23,86.24,9.64,989.34,Rain
1.32,90.12,46.42,974.07,Stormy
22.37,59.51,23.67,960.26,Cloudy
25.21,34.29,5.5,1019.12,Partly Cloudy
25.42,25.77,14.47,983.84,Clear
28.41,89.49,6.5,972.55,Rain
5.58,74.04,41.55,958.45,Stormy
16.54,78.42,18.48,1016.17,Cloudy
22.89,35.51,27.52,985.63,Partly Cloudy
35.49,15.68,14.02,1002.81,Clear
20.18,75.57,9.23,1007.68,Rain
6.26,63.38,46.91,994.58,Stormy
16.04,50.92,12.71,986.8,Cloudy
12.85,45.72,28.94,976.94,Partly Cloudy
25.71,22.04,10.33,986.51,Clear
16.18,86.4,19.0,1000.92,Rain
10.48,54.97,44.63,954.43,Stormy
13.23,63.42,22.3,1018.6,Cloudy
26.93,64.43,23.6,1013.37,Partly Cloudy
30.38,39.95,8.85,991.18,Clear
19.23,73.36,7.07,992.7,Rain
8.75,77.93,32.47,977.11,Stormy
16.6,74.36,16.66,978.91,Cloudy
19.88,64.51,7.51,1015.89,Partly Cloudy
37.98,34.96,6.99,1010.15,Clear
26.36,84.36,17.6,999.46,Rain
13.36,72.73,32.03,992.97,Stormy
11.53,66.45,12.29,999.11,Cloudy
19.44,33.77,26.38,1012.15,Partly Cloudy
36.06,21.35,9.94,1019.75,Clear
27.23,90.09,16.43,1009.58,Rain
7.79,68.34,41.8,984.11,Stormy
19.44,60.29,18.37,985.72,Cloudy
26.79,60.52,11.14,978.31,Partly Cloudy
